[{"senderKeyId":1136390735,"senderChainKey":{"iteration":1,"seed":"8szi0eW8GJk+x8bANA5gcUXrpSWMoloppkxliWKFrZw="},"senderSigningKey":{"public":"BYmU83ekCmX+Z1Kkpu5qGqbkEpKIews3IBWC/3wYuP0s"},"senderMessageKeys":[]},{"senderKeyId":1947559036,"senderChainKey":{"iteration":1,"seed":"ooal81G1nArhgQlji9/dIkC1ac6Kk5+22BGeVGxFxW8="},"senderSigningKey":{"public":"BQ/Yus0qLqV9cmy9BaRr4KtVc0vSXMvzSm9c/9KfDz8c"},"senderMessageKeys":[]},{"senderKeyId":1408472595,"senderChainKey":{"iteration":2,"seed":"Z5rsJO/+lft/wzBIOBzx3Fm/3orLQ7fWW0O1ZwxSAmU="},"senderSigningKey":{"public":"Bbd9BbFvg4zBYIwgNhykKG4vj5QRagML/vf0LurtV9Zx"},"senderMessageKeys":[]},{"senderKeyId":1559205107,"senderChainKey":{"iteration":1,"seed":"cwOUmOMA4fINRIy1sd0W46WgcbesNratnYxfY4gwq0M="},"senderSigningKey":{"public":"BRChWfX55O2v9OJKu8dWUEgcL9VffdcQk6SaTlo0xrtT"},"senderMessageKeys":[]},{"senderKeyId":104694870,"senderChainKey":{"iteration":1,"seed":"kO8wWqq8zq8byaFWC+R5VNpCy1lRDUd0XHuqAhguqLw="},"senderSigningKey":{"public":"BbZ8gzNuZkXzAbcUKRn4dQ5s50m6hGDS56YmHlZzkyoH"}}]