[{"senderKeyId":1104510245,"senderChainKey":{"iteration":2,"seed":"ZUeCj+Rc9jCfxEvSpBA0vn6l/5DdfraVBKcuLfwseps="},"senderSigningKey":{"public":"BeDD/VnBUv51gBpYnNVvPfOHnp4ye042zu+8p+cCdV8v"},"senderMessageKeys":[]},{"senderKeyId":1246551976,"senderChainKey":{"iteration":1,"seed":"IGGxnOyuUYcpE3DfcY9WVunjROxJbNOz9goNYFUOU2M="},"senderSigningKey":{"public":"BeS+ldGnc3nCR7FVZmT0j+Y+5+rseruVVgJqfbm8pwYe"},"senderMessageKeys":[]},{"senderKeyId":1560570947,"senderChainKey":{"iteration":4,"seed":"oW9bEFX5gmWerahZNz7IWgHg9BBYjRI3Jv5yzrqOY0I="},"senderSigningKey":{"public":"BRS9sJDP3pNhyNBr2PeYOdaf6olLVcAkJdDfx2t/3xsN"},"senderMessageKeys":[]}]