[{"senderKeyId":948883926,"senderChainKey":{"iteration":2,"seed":"Mjbi+SNYqvxnfYXf2efiKW53uEVrmH0Zf6GGz+4AmB0="},"senderSigningKey":{"public":"BfyALJCGeYodiAmk9pJ+ih2epotcdV68Wn4Go1YSHpg/"},"senderMessageKeys":[]},{"senderKeyId":1507503834,"senderChainKey":{"iteration":5,"seed":"3FikjYgvi8uY8TbSijT7k0bDDgM+Dy+rcS0KxDsgHS4="},"senderSigningKey":{"public":"BZKeDlIvnGYFbk11I5Pwdd5Bps837TAAv/Zyp3dn03RI"},"senderMessageKeys":[]},{"senderKeyId":1507503834,"senderChainKey":{"iteration":1,"seed":"Mi1kgQdWTlTDyDd2wNjvFRaKPrOe4UmeX3Zqum7PltU="},"senderSigningKey":{"public":"BZKeDlIvnGYFbk11I5Pwdd5Bps837TAAv/Zyp3dn03RI"},"senderMessageKeys":[]},{"senderKeyId":555101476,"senderChainKey":{"iteration":1,"seed":"xsc9FrXtfiATWGsHb9tW6dqRZYPwLfthiZyxhsljmVo="},"senderSigningKey":{"public":"BeW1DNulGpqoapNhcEp8OElPd63QYmPWVUBb8v2is39V"}},{"senderKeyId":1779976143,"senderChainKey":{"iteration":1,"seed":"oyTdDmLYZFfUbFCnKRqufac13zlPf9a0H2ocyh3Ihbs="},"senderSigningKey":{"public":"BSxDKTM/3DCklt7OLYYWt+RJk9D6QdJ27jIRvSGE9/x2"}}]