[{"senderKeyId":638996301,"senderChainKey":{"iteration":5,"seed":"p362p2zOwrCi8X87VY/YUxCmmET1r077p5M0cKC6H20="},"senderSigningKey":{"public":"Ba5RxSUnBoEVq4nvOe6NHWIykPaf2q4NJjb8gCHO1mEI"},"senderMessageKeys":[]},{"senderKeyId":638996301,"senderChainKey":{"iteration":2,"seed":"+70O8MfIn1LqbIQtDtXR///W1vdWIOX/rnLspIpI9OM="},"senderSigningKey":{"public":"Ba5RxSUnBoEVq4nvOe6NHWIykPaf2q4NJjb8gCHO1mEI"}},{"senderKeyId":638996301,"senderChainKey":{"iteration":4,"seed":"Cwl8tOth//FebJUEnRWFgaMpmJiOxLFc8IXMEz75aRE="},"senderSigningKey":{"public":"Ba5RxSUnBoEVq4nvOe6NHWIykPaf2q4NJjb8gCHO1mEI"}}]