[{"senderKeyId":781034762,"senderChainKey":{"iteration":1,"seed":"cBz5o9/wy8ZA0t6pw92tm2SUHI3MYcZ6DktruG4nWaA="},"senderSigningKey":{"public":"BfqINkMYn35MaJP1q2EzQQENiq+rw2UdPkm/iFZcWDte"},"senderMessageKeys":[]},{"senderKeyId":1137762146,"senderChainKey":{"iteration":1,"seed":"HXdzIaupOl64e1igtT9flRBslpR8KY4SqAW+1qb4js4="},"senderSigningKey":{"public":"Bb2vy2CDvG9N8lisW6VZsyDg4wHTwzLy5VmX38BB9PdV"},"senderMessageKeys":[]},{"senderKeyId":1845423888,"senderChainKey":{"iteration":1,"seed":"Sp9/aHqzu5SHWQRvhxRRoxPfckHWgV1VlcEDXKcUIU4="},"senderSigningKey":{"public":"BeoQRq0zj2CvFmMgho+KLLhY6VdMsHVo/CLYHz3me0Nm"},"senderMessageKeys":[]},{"senderKeyId":990082622,"senderChainKey":{"iteration":4,"seed":"pecNC4UCwmAFZX7lt17wExPEs6YH/t2zoFYBfTFEcEE="},"senderSigningKey":{"public":"BTIP0znw8ITrA0ZXXPxxRcyGdMWLW9rVPHvLock7VYIl"},"senderMessageKeys":[]},{"senderKeyId":990082622,"senderChainKey":{"iteration":3,"seed":"c9ftGGRHL6gASmAVC/umXUcWpWdkAMzbDWdYw9WA4eI="},"senderSigningKey":{"public":"BTIP0znw8ITrA0ZXXPxxRcyGdMWLW9rVPHvLock7VYIl"}}]