[{"senderKeyId":2126432266,"senderChainKey":{"iteration":1,"seed":"CYA3TtErr7hbWFH1bJdNOERktPbGkchEVDW8pdFLQjo="},"senderSigningKey":{"public":"BSXcQ9GNnQe+VBZzdjYUsqI49P1TkRq9iKD6Maz3kNxK"},"senderMessageKeys":[]},{"senderKeyId":1662444282,"senderChainKey":{"iteration":6,"seed":"MaSjtYgTk+0iAB8Fa9Xy5ZFKoweAjbhNLtH8FPUEfNE="},"senderSigningKey":{"public":"Ba4JpJ2Nq6UzGBC+XaSRFnBEFMrCf2qGGSThsaof7d9O"},"senderMessageKeys":[]},{"senderKeyId":1662444282,"senderChainKey":{"iteration":4,"seed":"BF3brFhSDectlYAhZdI5mqGgFGVDR0AyA0dufn2GMiQ="},"senderSigningKey":{"public":"Ba4JpJ2Nq6UzGBC+XaSRFnBEFMrCf2qGGSThsaof7d9O"},"senderMessageKeys":[]},{"senderKeyId":1662444282,"senderChainKey":{"iteration":5,"seed":"Ig8y8PzO9I9HnsBV/mzDSg9hJ2JtSKp8AtLF7f+Q7is="},"senderSigningKey":{"public":"Ba4JpJ2Nq6UzGBC+XaSRFnBEFMrCf2qGGSThsaof7d9O"},"senderMessageKeys":[]},{"senderKeyId":260937112,"senderChainKey":{"iteration":1,"seed":"bmls4l4ojCOWeA91wASsxidgZoVSUmfxdA3Q5wKbwG8="},"senderSigningKey":{"public":"BWUKGWjwiM/JonAdph7M39NRG0JP0w5tz5bl6HqThB4o"}}]