[{"senderKeyId":1070725825,"senderChainKey":{"iteration":3,"seed":"10aZb4A3CU3ImBDSTH3dSMYlFNznE/TipTMRs2OZ4O0="},"senderSigningKey":{"public":"BW9wbNHFXS9bQtJl6JYSRGIuTXmMcCMhBFUu82z0KGZd"},"senderMessageKeys":[]},{"senderKeyId":1070725825,"senderChainKey":{"iteration":1,"seed":"bmy0kGQ6O3SjFND7uKKuqmrw6x7i20C05qpKgP3mqMA="},"senderSigningKey":{"public":"BW9wbNHFXS9bQtJl6JYSRGIuTXmMcCMhBFUu82z0KGZd"},"senderMessageKeys":[]},{"senderKeyId":1070725825,"senderChainKey":{"iteration":2,"seed":"iuVhqac7jBNE3XqM6Lo8ArO/kYTIRbJHPjn283JqEsg="},"senderSigningKey":{"public":"BW9wbNHFXS9bQtJl6JYSRGIuTXmMcCMhBFUu82z0KGZd"},"senderMessageKeys":[]},{"senderKeyId":1913995474,"senderChainKey":{"iteration":1,"seed":"tavi6rQWdpxTybdZ5f1aw8sNoh20FZkNvnMTxClsPSM="},"senderSigningKey":{"public":"BdIttkW8aKjGj8DwdnCsS+UmNCd3rJoq9pMLFG80YtoP"},"senderMessageKeys":[]},{"senderKeyId":871670668,"senderChainKey":{"iteration":1,"seed":"jyOTUZtkKIrWsuzWPDaWJrk5XIvN6JhyUeC6aQU/N94="},"senderSigningKey":{"public":"BUB8jZw9g1cqjsSO3LeZHP5jMh7ofGkYInL+BjHdrq0s"}}]