[{"senderKeyId":386970938,"senderChainKey":{"iteration":20,"seed":"Tq+cnmLHKjuHJws+wIXz6HQsD5snOn8E5bsdrVnylV0="},"senderSigningKey":{"public":"BbzPDJCxM2c22VIF+0IUVIdyz0gIUgOJ0LF6vc20GnxM"},"senderMessageKeys":[]},{"senderKeyId":1788239518,"senderChainKey":{"iteration":1,"seed":"oCOGx1jMQLTtUUnUAuTOOiIWhS3/WDD/j3Nyf1S6pv0="},"senderSigningKey":{"public":"BdzJN1M5wWGc/oy8g9GqnWCcoJ4E3vXT4AAI48aXL2Qr"},"senderMessageKeys":[]},{"senderKeyId":1296312771,"senderChainKey":{"iteration":5,"seed":"fANvX+XbQPXOHwxgVzTIZ+h0eRAZJXv0YTfCbPu5Xno="},"senderSigningKey":{"public":"BVjLUCvz2oKCm2OPY9x6eQLSXPi64RnvTLLxgo6XXmZe"},"senderMessageKeys":[]},{"senderKeyId":1548985624,"senderChainKey":{"iteration":1,"seed":"XRyhcn08ihQDgMtFw6kd8hAq9weFBSktPBP9cTSfSl0="},"senderSigningKey":{"public":"BX1Jg+6DgXgxvdZfCAzjMASVHDY8xDLu3fvJNN6hVH0f"},"senderMessageKeys":[]},{"senderKeyId":2124416310,"senderChainKey":{"iteration":62,"seed":"pXg2A7T9Eg1/O74/kHjhZy8oztltWfgg8EpDy5oluqE="},"senderSigningKey":{"public":"BefOZpg0dfkVmOXaWMuU14TVobMFXfH+J5Hipu25Jb8R"}}]