[{"senderKeyId":1482789431,"senderChainKey":{"iteration":6,"seed":"Ik6DdZFf9HATsx+hHei1Oq4qxRsEF+qcTrkhImzBYOQ="},"senderSigningKey":{"public":"BU3eLSCigY8abHwW1J7kllgY4oJsxTh7Y5LyHsmkmd8U"},"senderMessageKeys":[]},{"senderKeyId":1482789431,"senderChainKey":{"iteration":1,"seed":"KUNhNY8iZjPiz1FMKG1U2F6BeDHqjWW0CIgQ19zqNxg="},"senderSigningKey":{"public":"BU3eLSCigY8abHwW1J7kllgY4oJsxTh7Y5LyHsmkmd8U"},"senderMessageKeys":[]},{"senderKeyId":1482789431,"senderChainKey":{"iteration":2,"seed":"WNisDCS2dMi8m/ctl9ZXJU2AGvpJM4hvrIkyIs9e60I="},"senderSigningKey":{"public":"BU3eLSCigY8abHwW1J7kllgY4oJsxTh7Y5LyHsmkmd8U"}}]