[{"senderKeyId":2101076422,"senderChainKey":{"iteration":1,"seed":"9ThM66+J6YPtYycS77WNQh44szUZpqkNt+y1r6IelHM="},"senderSigningKey":{"public":"BZyuzc2DEPaLTM66aeJZ0FFFLQFs/smkG6pn3DeI5Q07"},"senderMessageKeys":[]},{"senderKeyId":1462431861,"senderChainKey":{"iteration":21,"seed":"HQU+xQCulN2wkUAdvnGyxDlkNs8W51oEfcUfT6MT5JQ="},"senderSigningKey":{"public":"Bd8t9VB8xEGk//yFTQwcXCfvd8FJKr6XlDQ6kt7E/jNV"},"senderMessageKeys":[]},{"senderKeyId":881402170,"senderChainKey":{"iteration":1,"seed":"1MeNM/xP2Bl8I6Pyx/qTD7AY5lU2rXrjKE6hiXcEqWo="},"senderSigningKey":{"public":"BREspTBbtDAm458OBwjSKdgIrD36giPMEMVouDpQRMlp"},"senderMessageKeys":[]},{"senderKeyId":1432451692,"senderChainKey":{"iteration":2,"seed":"Vm2BKZpT/W4GChGkisMJEeQIb9brtW9+R6P1XHgpWNI="},"senderSigningKey":{"public":"BXqcOU9bStTUssSH9g+sAvZk8Ms/4G+91X0Qx9JqYgNK"},"senderMessageKeys":[]},{"senderKeyId":342753523,"senderChainKey":{"iteration":3,"seed":"VzorNHaVujaD+JZd/tGIGgfpNaCGrqhbv8WYKUKJs9Q="},"senderSigningKey":{"public":"BW9ld4D0K0nQj1BPj/UvbkbfTOTWuxSY8L2DQnflEQMd"}}]