[{"senderKeyId":1084422124,"senderChainKey":{"iteration":7,"seed":"4IMDyPo2yFdclnPN4ZUTTE5MuGTmjkbGhKu6wuyTLhg="},"senderSigningKey":{"public":"BSCOiJ8WTpmMY7bj4HpaTWQ8MUboqxAtJcYsLFJ3ZZQt"},"senderMessageKeys":[]},{"senderKeyId":1675416243,"senderChainKey":{"iteration":1,"seed":"csK2MShBvNMyAe6StKlH6mwCHeKSTNuotQ6MzvE1mP0="},"senderSigningKey":{"public":"BeJypcI/jdhyYpqSeSKWhl3q1twRwVipMrkszse7n3tl"},"senderMessageKeys":[]},{"senderKeyId":424829368,"senderChainKey":{"iteration":1,"seed":"gSGbKM7aClvi7jywbQeDjOKM16wAzHYT/YJPtGvH5yM="},"senderSigningKey":{"public":"BdbJ+IDdgLyIrGdnaP+CuZnDPmnUo5/y+fY+YJMkv8l1"},"senderMessageKeys":[]},{"senderKeyId":1201986365,"senderChainKey":{"iteration":4,"seed":"AklCAedNc0EUP5H3pp8FAV7o0RJlwwWwWVXIbzLgDUU="},"senderSigningKey":{"public":"BQiQcRYKM0xDky57NKhZ6epkjkURxMT6rccbHR4fodcE"},"senderMessageKeys":[]}]