[{"senderKeyId":138260276,"senderChainKey":{"iteration":12,"seed":"f3y1peiuJpnjGoUZAYaeV/g+t/G15ZnjNeCsKBhsspc="},"senderSigningKey":{"public":"BbpVcmypgmySviRwbX3zVWk9FOBjkkgIn1ASptOiNmRx"},"senderMessageKeys":[{},{},{}]},{"senderKeyId":138260276,"senderChainKey":{"iteration":5,"seed":"SsSCreU7FKy76+OUXi5jcHWk6Ahkeha0B2SOXytgTBI="},"senderSigningKey":{"public":"BbpVcmypgmySviRwbX3zVWk9FOBjkkgIn1ASptOiNmRx"},"senderMessageKeys":[]},{"senderKeyId":138260276,"senderChainKey":{"iteration":6,"seed":"BdKd3Aki1UptPaU72hFaeWqNj65RH2cxeoi0wxaqBbs="},"senderSigningKey":{"public":"BbpVcmypgmySviRwbX3zVWk9FOBjkkgIn1ASptOiNmRx"},"senderMessageKeys":[]},{"senderKeyId":138260276,"senderChainKey":{"iteration":9,"seed":"aU3bjd9Opp0YolwOkDMgMvaPrk03dkdcds9ZcA657nA="},"senderSigningKey":{"public":"BbpVcmypgmySviRwbX3zVWk9FOBjkkgIn1ASptOiNmRx"},"senderMessageKeys":[]},{"senderKeyId":138260276,"senderChainKey":{"iteration":10,"seed":"EQGP6QHnLDia8xQd4U4h9NJOM0Bths9zWHzu93t2Lxg="},"senderSigningKey":{"public":"BbpVcmypgmySviRwbX3zVWk9FOBjkkgIn1ASptOiNmRx"}}]