[{"senderKeyId":1792392005,"senderChainKey":{"iteration":6,"seed":"Qja3uhMruRgxL9BK5bwemBMxFavGknwOrvVS46YAH5c="},"senderSigningKey":{"public":"BRdRTvtsAgqGmMJQzJUOXGirciP8g63zabUKcVbAHdsn"},"senderMessageKeys":[]},{"senderKeyId":1792392005,"senderChainKey":{"iteration":2,"seed":"pZInl/0lque4gLeBvD2NsUmre37GklDvS1ePzIbpvD4="},"senderSigningKey":{"public":"BRdRTvtsAgqGmMJQzJUOXGirciP8g63zabUKcVbAHdsn"},"senderMessageKeys":[]},{"senderKeyId":2026123374,"senderChainKey":{"iteration":18,"seed":"j0CHySq7tzDQrkKpMQE69XZY+T+R5DynoUnFDHg4HEM="},"senderSigningKey":{"public":"BfczewcXar0ke4pg67oDugmzQ9Yqz9pPppC0oBCqmKM9"},"senderMessageKeys":[]},{"senderKeyId":2026123374,"senderChainKey":{"iteration":3,"seed":"wYjbrSlkJuHHIqSm1r0654YCS/heRgVtdzi6NOUDL5M="},"senderSigningKey":{"public":"BfczewcXar0ke4pg67oDugmzQ9Yqz9pPppC0oBCqmKM9"},"senderMessageKeys":[]},{"senderKeyId":2026123374,"senderChainKey":{"iteration":3,"seed":"wYjbrSlkJuHHIqSm1r0654YCS/heRgVtdzi6NOUDL5M="},"senderSigningKey":{"public":"BfczewcXar0ke4pg67oDugmzQ9Yqz9pPppC0oBCqmKM9"},"senderMessageKeys":[]}]