[{"senderKeyId":732753443,"senderChainKey":{"iteration":1,"seed":"Q2cJ00ygSXBrpXXYZvyGLZdz22wNqHDetrX/GL2QDnk="},"senderSigningKey":{"public":"BZx6sMatjnyogWLdigT2s02FaG+VW/xrEzC6dKDJKOIk"},"senderMessageKeys":[]},{"senderKeyId":2071403696,"senderChainKey":{"iteration":4,"seed":"xmLY2aBy455u/oU1ABHj23qBn1KNO+LN5pg02rFxor8="},"senderSigningKey":{"public":"BYMaDAnoB4y2hxQ9gPc1kLsqdR2EDZ2b5C2rkVuIZYJi"},"senderMessageKeys":[]},{"senderKeyId":2071403696,"senderChainKey":{"iteration":2,"seed":"z7dRwA6KfLzC4J5xAVgV/CwdE1TCwgW7eVFhliMC/6U="},"senderSigningKey":{"public":"BYMaDAnoB4y2hxQ9gPc1kLsqdR2EDZ2b5C2rkVuIZYJi"},"senderMessageKeys":[]},{"senderKeyId":2046805404,"senderChainKey":{"iteration":3,"seed":"QhuTf9VhS8QuRGrZqepjcFKZOFIwtrMkblM9n0eK3QE="},"senderSigningKey":{"public":"BXJ5MaHOtXzQdsHDMsIxy1roUlVgks9rQYBySqMU9I5p"},"senderMessageKeys":[]},{"senderKeyId":2046805404,"senderChainKey":{"iteration":2,"seed":"DDGy+5RvF3uSZ+f57ttmeGoKlPIwd8DwbAcIvE0ImPE="},"senderSigningKey":{"public":"BXJ5MaHOtXzQdsHDMsIxy1roUlVgks9rQYBySqMU9I5p"}}]