[{"senderKeyId":851504885,"senderChainKey":{"iteration":1,"seed":"w0cbQqscq4vuO+l+mvGAeqPIip/eDgtgMAV6hGLq7Ac="},"senderSigningKey":{"public":"BZYvRuOOxi2oGBi2S7DbHFBdiwYLoKlvZqZlXd72ZjEU"},"senderMessageKeys":[]},{"senderKeyId":1428753835,"senderChainKey":{"iteration":1,"seed":"7TShWYsYMe/MNqb8Z36FtDs9OGQ2G1bdnn/LK22OUCQ="},"senderSigningKey":{"public":"BWgedQnTcV3LsX6HLW9Wds9+zfYrdEUqtdlOfwEcdfdu"},"senderMessageKeys":[]},{"senderKeyId":978036481,"senderChainKey":{"iteration":7,"seed":"hzAkAtuT8fdNw9ZNZr9FFymdnnWRSCUeRchiF4T6KCc="},"senderSigningKey":{"public":"Bbs6kvMMqUleGwrlensll0ysOu9mn7KcBTK3jv8x6Acm"},"senderMessageKeys":[]},{"senderKeyId":978036481,"senderChainKey":{"iteration":1,"seed":"MVq9hVrW5NboVyGtFzfTywJMP2eTjpIQxgGI/0sLfS4="},"senderSigningKey":{"public":"Bbs6kvMMqUleGwrlensll0ysOu9mn7KcBTK3jv8x6Acm"},"senderMessageKeys":[]},{"senderKeyId":978036481,"senderChainKey":{"iteration":3,"seed":"ACzvzqevu8amXZE4Z0z6jHokJr9BcQ0pEBQPpqD7ge0="},"senderSigningKey":{"public":"Bbs6kvMMqUleGwrlensll0ysOu9mn7KcBTK3jv8x6Acm"}}]