[{"senderKeyId":323238507,"senderChainKey":{"iteration":1,"seed":"b5tkfOnGDR6UPHq4vK1pMzCVnFfnD4HzlLECVEBC/u0="},"senderSigningKey":{"public":"BQvMh68TSnUU1P8veOjM+Qk1ivce9UqcmD7fUcYFggUU"},"senderMessageKeys":[]},{"senderKeyId":998622821,"senderChainKey":{"iteration":1,"seed":"DC1eNTuEmqP3LRPN8EhgjuHYeZc05rdYGjuGb2klsSs="},"senderSigningKey":{"public":"BS3BJMP5e/yYfzzpM9vT9svEmui+/LfokNpa+QEhpA53"},"senderMessageKeys":[]},{"senderKeyId":1299394993,"senderChainKey":{"iteration":1,"seed":"GEa0k++kVtf/LXgr29y/dy6L1A6WaofrNo7la36kQDw="},"senderSigningKey":{"public":"BVL805U/jewJxyu5e8botY6gKk/Ihc8D7VDNqFqenbVR"},"senderMessageKeys":[]},{"senderKeyId":276785605,"senderChainKey":{"iteration":2,"seed":"u6KSsaM2SeTBB1LRnGexYQxmKAdoB8uREQ+Kte3jrPc="},"senderSigningKey":{"public":"BVo+o6pjh6gvYE8ndWcnJ1kpIJWEyaNvPtvtBV41VT4E"},"senderMessageKeys":[]},{"senderKeyId":1211895062,"senderChainKey":{"iteration":1,"seed":"vgnw8zTX9WqXd6Gntvz/CzEI6Om816hYM3oyFuSEM2o="},"senderSigningKey":{"public":"BWClfhplldqVfhn4wHIV2Lc4SKVoEpPTxUp9DaDWlAkQ"}}]