[{"senderKeyId":181589946,"senderChainKey":{"iteration":8,"seed":"m1OKPMkQ4PSRD1Z2YJqaYEf4S6WvCBVTovLrm2au0jo="},"senderSigningKey":{"public":"BbGG/HPaPVXpHHqYPVjTiiKnxdwcv4zOg/R3QXEctC4T"},"senderMessageKeys":[]},{"senderKeyId":1642136523,"senderChainKey":{"iteration":5,"seed":"Kk03G3DVIxVt994+L1qUMzUiMfAqilGI1oqiZwKt1GY="},"senderSigningKey":{"public":"Bd7GWysAkVkJqpj42xxi2GgJiWud7Lj+FjB8IfFXMNsq"},"senderMessageKeys":[]},{"senderKeyId":287433166,"senderChainKey":{"iteration":4,"seed":"LJM/YIv3nsbnIpCesKdfag4ixIFqEB+j8nkb75KfkTM="},"senderSigningKey":{"public":"BWSS2h5z++hVlO+6+2wbPUuIVra1mfcXwjFylM/5Pe5G"}}]