[{"senderKeyId":396722627,"senderChainKey":{"iteration":1,"seed":"nJyDaulNrR/AfCw7ve9bCwgp6198Kb66WHuhHy+3W6k="},"senderSigningKey":{"public":"BfthG86JZ9mRKfxU0z9Mj7OmZdO0bSekIB35s+QtCRwh"},"senderMessageKeys":[]},{"senderKeyId":1148204440,"senderChainKey":{"iteration":1,"seed":"CL93CYXoxuNihxt2llRBcwR8xq7z9deRz7hSPQjEgZY="},"senderSigningKey":{"public":"BZljJ3VkAxh4kOjLVHbiR4Fuc+wEo4V6bphuoWV9gq9K"},"senderMessageKeys":[]},{"senderKeyId":2022691207,"senderChainKey":{"iteration":2,"seed":"53JIK2KLN2Kn0TR05pQ5HZPco3/13RLfJ3Ys/jhOArA="},"senderSigningKey":{"public":"BXMHbVfm3ZjpTHMOp4ddlPPFSJCvKXNEGNUVcQbmB2AO"},"senderMessageKeys":[]},{"senderKeyId":2022691207,"senderChainKey":{"iteration":1,"seed":"W9IFxpypm7oz3bnkKvJ9RHmliCovwxDIdbik5CBjTIU="},"senderSigningKey":{"public":"BXMHbVfm3ZjpTHMOp4ddlPPFSJCvKXNEGNUVcQbmB2AO"},"senderMessageKeys":[]},{"senderKeyId":1985392702,"senderChainKey":{"iteration":1,"seed":"8GN/TlcYtSG/t0exyNxBB/4n+M2vr89fJA17+RWcy50="},"senderSigningKey":{"public":"BbrUD632bnoYcWjEmEnxCyRRzc7LCM8J5x0lJxjeou9Q"}}]