[{"senderKeyId":434093561,"senderChainKey":{"iteration":2,"seed":"aRuAfsIE0Solc+QwMaI7aTOI42ziU56UUqcptJmKjCg="},"senderSigningKey":{"public":"BUIF1lgnX+UjRSjBZNH3SLoagdJppRRLHr34zpV4BF4L"},"senderMessageKeys":[]},{"senderKeyId":434093561,"senderChainKey":{"iteration":3,"seed":"6sL7LJAjkUT98uJnollFPK0Pd+peCBEh3OxEKDUCIA0="},"senderSigningKey":{"public":"BUIF1lgnX+UjRSjBZNH3SLoagdJppRRLHr34zpV4BF4L"},"senderMessageKeys":[]},{"senderKeyId":434093561,"senderChainKey":{"iteration":4,"seed":"1DwaLP1mHZCB4e+UOgHQVvlspwaJBfxlilF9vj9+PDY="},"senderSigningKey":{"public":"BUIF1lgnX+UjRSjBZNH3SLoagdJppRRLHr34zpV4BF4L"},"senderMessageKeys":[]},{"senderKeyId":434093561,"senderChainKey":{"iteration":5,"seed":"XuUFMDQsfo+7IRDCeitmIOVB2XiqeyxUjGm7gopxz/Y="},"senderSigningKey":{"public":"BUIF1lgnX+UjRSjBZNH3SLoagdJppRRLHr34zpV4BF4L"},"senderMessageKeys":[]},{"senderKeyId":858530179,"senderChainKey":{"iteration":1,"seed":"JQFaJJToxnFpK8yOeU72Ola+zWKAGX2LcgydpTlqH0g="},"senderSigningKey":{"public":"Bcensvb9hD5ittSP6LKaocCdB5oU/705rFmgUkfBD0xA"}}]