[{"senderKeyId":478613475,"senderChainKey":{"iteration":1,"seed":"6BJybQTeRsUPr1y/PaedINlYXsNRnn8vCeOod3r4Lpk="},"senderSigningKey":{"public":"BY0THTJnJeLV0Px6Rp8l0qdcbIDHPGOtaM1VdihT6BMF"},"senderMessageKeys":[]},{"senderKeyId":139158804,"senderChainKey":{"iteration":5,"seed":"bbvh89LKNNKiCxUt6M02Es87lH1K8A9NY9NuieF3gIE="},"senderSigningKey":{"public":"BVKAnRG4095pzgjOt76lKrm5U5GFcY8L/scsQt9RMAlO"},"senderMessageKeys":[]},{"senderKeyId":1659679274,"senderChainKey":{"iteration":2,"seed":"RVZQ9ruP9dB06tvyk4vTRAHvgcXCuFpNdmvwcFOny5w="},"senderSigningKey":{"public":"BS8J0cgl1WhMRPWhbf4kBHsJFvAS2aGiIBTQ74wCK55W"}}]