[{"senderKeyId":745144501,"senderChainKey":{"iteration":3,"seed":"Mbd5zySDcnjU2H+5X0YkkESNqhuk/1oCz6pU4o3P8wI="},"senderSigningKey":{"public":"BZ4ChBbQG4zMV2YVNMnQCFDQ+yCWkdV5l7oBTtUlF64e"},"senderMessageKeys":[]},{"senderKeyId":216377585,"senderChainKey":{"iteration":7,"seed":"u/znwKlH/3UBWn6GhQVATJWlGGPo3VCRBRExJU02gbU="},"senderSigningKey":{"public":"BaXQGv2DoAOJO29+cKo/HVwVQufxLODWgjPI8BF0x1hn"},"senderMessageKeys":[]},{"senderKeyId":472659989,"senderChainKey":{"iteration":3,"seed":"+d30+wmoxP91nYSjybE8t6SSP8LvWdEO0Dkclr7yV3g="},"senderSigningKey":{"public":"BbU2ZGSOn2zBAeWvS2sG7k9bc8yaolRc8jTSvI1udC0/"},"senderMessageKeys":[]},{"senderKeyId":1566925902,"senderChainKey":{"iteration":2,"seed":"RPAULK3YddnJniOQx4TVc8YgXmBguUJi1V50Op6OBnI="},"senderSigningKey":{"public":"BWeXn/QXRBOcSwLE0dqSMp+NiO70TTYXJm9UCcCzt+J4"},"senderMessageKeys":[]},{"senderKeyId":2019831337,"senderChainKey":{"iteration":3,"seed":"p92olMWFK9gz26mIawGUbG/kzXAYz6EEC+gbqcQ4LzE="},"senderSigningKey":{"public":"BZmQFHOGVwOCkr+Mo9o1l3nrM1pQcrpNx9LFz/RuHVJF"}}]