[{"senderKeyId":1177898351,"senderChainKey":{"iteration":2,"seed":"RmbAvaIdGABMkRfChBT8B2u6UDcldXAmS1l2ijV/QJ8="},"senderSigningKey":{"public":"BYtdgx7QGOp0lxTF4tcGv7f6eryRKhmIReVh+P0y7GhL"},"senderMessageKeys":[]},{"senderKeyId":1177898351,"senderChainKey":{"iteration":3,"seed":"FkdwT1pagM1YfwyXq6lsA7dDHkVDWjxb4Jepp9EXAtc="},"senderSigningKey":{"public":"BYtdgx7QGOp0lxTF4tcGv7f6eryRKhmIReVh+P0y7GhL"},"senderMessageKeys":[]},{"senderKeyId":1719305544,"senderChainKey":{"iteration":3,"seed":"R7QVDSvlt3mmmXlO1FjiLoneqRyqzPZ1MBPpe20c39s="},"senderSigningKey":{"public":"BdHMxX3CTjrloRg4zyKJ8nryBPcng8G+N4qt6qYFnXBa"},"senderMessageKeys":[]},{"senderKeyId":1719305544,"senderChainKey":{"iteration":1,"seed":"Me9Fx6Xu14jqPB7DWxu9mcaI9PWdW6YTZUecOTqQIFo="},"senderSigningKey":{"public":"BdHMxX3CTjrloRg4zyKJ8nryBPcng8G+N4qt6qYFnXBa"},"senderMessageKeys":[]},{"senderKeyId":1074796861,"senderChainKey":{"iteration":4,"seed":"opTb03yROv5uz+dPo+8cuCwN0jcR5zojCy7r787ifv8="},"senderSigningKey":{"public":"Bf5qiA8a76dyFhD9SzOoNkEEmJlNBtPZqY+hiS8JXd4I"}}]