[{"senderKeyId":894213129,"senderChainKey":{"iteration":4,"seed":"vTJJTQglOIUTCeOAX3tEes07Rs5s7TpYwtROVa1vtME="},"senderSigningKey":{"public":"BRRrik80jMS/UtZnBugjC1icJV1gtvREmwWGOQxpoBYl"},"senderMessageKeys":[]},{"senderKeyId":894213129,"senderChainKey":{"iteration":2,"seed":"kQbOoz6suPek+nbpAEk+YsLUR5oDqJiTYUWH1MfL/48="},"senderSigningKey":{"public":"BRRrik80jMS/UtZnBugjC1icJV1gtvREmwWGOQxpoBYl"},"senderMessageKeys":[]},{"senderKeyId":894213129,"senderChainKey":{"iteration":3,"seed":"2tEKJ3KOvQpTGchoJnkPjY9iuTm1ixKzjZK/5WVOETY="},"senderSigningKey":{"public":"BRRrik80jMS/UtZnBugjC1icJV1gtvREmwWGOQxpoBYl"}}]