[{"senderKeyId":1080759086,"senderChainKey":{"iteration":6,"seed":"LkVAOZbrBpELhARYNqxI2KcDbQ6+arW1guyYGgKPC/Y="},"senderSigningKey":{"public":"BcxyB2BqhUkhccPUUZFZekZOskR4QRMCR3n44xP6z34b"},"senderMessageKeys":[]},{"senderKeyId":627664189,"senderChainKey":{"iteration":2,"seed":"2xZtumLA9zcShc2KACKmeijaUso0L0EGFqWcWrqW1J8="},"senderSigningKey":{"public":"BSQXQpU+I8lwpCaVrY90/LvU7dsI4fPVKLCWNl297T9v"},"senderMessageKeys":[]},{"senderKeyId":627664189,"senderChainKey":{"iteration":1,"seed":"wDEV4fyaobK5eu8CxUDcJXhn0sNxN9ko3+BcbeCYZew="},"senderSigningKey":{"public":"BSQXQpU+I8lwpCaVrY90/LvU7dsI4fPVKLCWNl297T9v"},"senderMessageKeys":[]},{"senderKeyId":2108682222,"senderChainKey":{"iteration":3,"seed":"vj78voTNJw0/0HqQxH/PwNdUOAPFId62KECywkJK/jk="},"senderSigningKey":{"public":"BWw2NO8YxlI4Ye8KsKUAV0QPRhgJTrPA6yMvjf40mkpm"},"senderMessageKeys":[]},{"senderKeyId":1196841341,"senderChainKey":{"iteration":1,"seed":"y07oxDERcTwu1ZAlUpeXSQZcNIr7mH9YInUld8U8OhY="},"senderSigningKey":{"public":"BbBJoNkNcMS7neqqgcXoYr71d0lj96gv0NX3+98DxHkf"}}]