[{"senderKeyId":1291083843,"senderChainKey":{"iteration":9,"seed":"dV2x8UGw49B/khc8sXuCJRyIibeYNkvHV+rSlxqjNGA="},"senderSigningKey":{"public":"BYyy7S1qILZcfkc8g/tI+DARsnz/+dXZnYE7E+FpdNkn"},"senderMessageKeys":[]},{"senderKeyId":436301351,"senderChainKey":{"iteration":18,"seed":"/f5xRLJlkQQYfVShGCIoLpmXG7yfzHuOo6ySONme92s="},"senderSigningKey":{"public":"BfBIkhb4BCyWHJQJrClOrIZRIjdd+bQJOy58Gspt7ZB3"},"senderMessageKeys":[]},{"senderKeyId":955835904,"senderChainKey":{"iteration":1,"seed":"8qYjjBU4ycLxgRkGRzZhxZRhOhtl4x2ewmPVvR7E9dw="},"senderSigningKey":{"public":"BfrzG3kR19gZTvCjl00D0Nl59nDke/RP5Kv12gLtJn92"},"senderMessageKeys":[]},{"senderKeyId":34205263,"senderChainKey":{"iteration":1,"seed":"DmxcM/GEVgbzLh7ldDcpc+jSb9tdFqNhQspq595LS9w="},"senderSigningKey":{"public":"BcDL84syla42T/9y5JnHqnl/wkOCisyxZp6cBHDkuHVF"},"senderMessageKeys":[]},{"senderKeyId":344011722,"senderChainKey":{"iteration":1,"seed":"SUcrupw4aLnU9Flc3aChQXRt4Vq/PFtrem94afDIM5Q="},"senderSigningKey":{"public":"Bc8L8eXz0XA4o5jbA/0lGppFNnmdpUYDg9OivbKc1LIA"}}]