[{"senderKeyId":1268971825,"senderChainKey":{"iteration":3,"seed":"F8qc3hdEKwBRUDFbGLYG0kizOPtzqrqEO88NLUe6iis="},"senderSigningKey":{"public":"Bfhra8Zqe2o0gZ/BFrvP21uw20uS3tNDSfCpPgX8cHko"},"senderMessageKeys":[]},{"senderKeyId":285620413,"senderChainKey":{"iteration":1,"seed":"1MBDZ8KuF250gYdtQJebed0984/+TLjB3wWs/ef9HO8="},"senderSigningKey":{"public":"BSGiGcCjehE+MDhGSrCl7WdoDlARhXXYUKewdI1xHlIb"},"senderMessageKeys":[]},{"senderKeyId":1649455048,"senderChainKey":{"iteration":4,"seed":"DIhkqmC418ADJVRWkTIMd8NtysoUrLJ1DTwLp7VjyEY="},"senderSigningKey":{"public":"BTTkh/qiY29sTlhXNApNJquU8Qiq5GqeaoUGuePN+BYE"},"senderMessageKeys":[]},{"senderKeyId":1649455048,"senderChainKey":{"iteration":2,"seed":"DRuGQCtbDHaUasnTGtWAfGz2uZYUUSAiN6B8nVX004Y="},"senderSigningKey":{"public":"BTTkh/qiY29sTlhXNApNJquU8Qiq5GqeaoUGuePN+BYE"},"senderMessageKeys":[]},{"senderKeyId":1372125200,"senderChainKey":{"iteration":1,"seed":"nyH9wTQil1d6IGtytRSbyeyLB9/Fnih8oMZV32JSseI="},"senderSigningKey":{"public":"BaS2ZqJ/GvdgdTKQDovn7ChfkAHrPpJdem27I973/AZn"}}]