{"_sessions":{"BRImtTnr5cQOFPNusBysocZMpLxR5AZY3cJNKFrK3tEa":{"registrationId":1034044001,"currentRatchet":{"ephemeralKeyPair":{"pubKey":"BQuEaTmaZ1LeJFIZZa5zDiLMsw+4T3FoKl/IH4OfyKQ3","privKey":"ePgsms5To+h57OTEOAsiAOsQ0bGhWka4eGITLuAFWkc="},"lastRemoteEphemeralKey":"BeL4ZD7rf+o+9u6IFaxSqKaH8ErTGo5w1S12UBGytqJg","previousCounter":0,"rootKey":"CYY0RHZMbE8yu5VEZ6TgaJK6crD4zCZLYHPTiX1Harg="},"indexInfo":{"baseKey":"BRImtTnr5cQOFPNusBysocZMpLxR5AZY3cJNKFrK3tEa","baseKeyType":1,"closed":-1,"used":1735329110385,"created":1735085024791,"remoteIdentityKey":"BQhzColwHEqDWVrLoDQlpUiRoalmVlOM5JNY6pa25L19"},"_chains":{"BeL4ZD7rf+o+9u6IFaxSqKaH8ErTGo5w1S12UBGytqJg":{"chainKey":{"counter":0,"key":"7ll9Fvdfq7L1K/uamStLnzl+D+8Pmg4g2LXmiKMrS3E="},"chainType":2,"messageKeys":{}},"BQuEaTmaZ1LeJFIZZa5zDiLMsw+4T3FoKl/IH4OfyKQ3":{"chainKey":{"counter":-1,"key":"JHPiCFU10IdbkyDJOxnL+dNbYVx3EUgsUk9Zwi3nyus="},"chainType":1,"messageKeys":{}}}}},"version":"v1"}