{"_sessions":{"BXz1vrFPU+qu8Y9eLJL9C6LGzPb8mvDug25lncY1jVsL":{"registrationId":16157,"currentRatchet":{"ephemeralKeyPair":{"pubKey":"BaS9Ewcn1B/OEcnqmTy8jEpqa9H3GzrjeSVjpYCpgr8N","privKey":"6GNOobG/a4ZuHsOT9920grBQ75/0xHEPT5bMJl4YxVg="},"lastRemoteEphemeralKey":"BcC66y/vIVTX3W//bag7IcuI9sCHsb055W2nbUlrO3Ix","previousCounter":0,"rootKey":"kfV7H+vRDgTJsWi7vnNIE2SfocTZKf4+BAQhgp0RG5Y="},"indexInfo":{"baseKey":"BXz1vrFPU+qu8Y9eLJL9C6LGzPb8mvDug25lncY1jVsL","baseKeyType":1,"closed":-1,"used":1735084994932,"created":1735084994932,"remoteIdentityKey":"BQvqiS5VOWFtVGCRV+ir/r36FLe186Y6uYATh/nHP1Q0"},"_chains":{"BaS9Ewcn1B/OEcnqmTy8jEpqa9H3GzrjeSVjpYCpgr8N":{"chainKey":{"counter":0,"key":"/gUHMc7i6xr6L1uYI9RTssjBP/PGvx5BCQaJNH9GYkQ="},"chainType":1,"messageKeys":{}}},"pendingPreKey":{"signedKeyId":1,"baseKey":"BXz1vrFPU+qu8Y9eLJL9C6LGzPb8mvDug25lncY1jVsL"}}},"version":"v1"}