{"_sessions":{"BRN4YTHhArfxBpKElwEms5mOBqkIet8sOV+yFPED4fZJ":{"registrationId":8813,"currentRatchet":{"ephemeralKeyPair":{"pubKey":"BV9CL88mrQre8MZNmUMlm9c/3wX+QQjweaPpL5NPGEIx","privKey":"yDZMlrxLYPewZJ+qvqvmE/Pl+BkgxMV1PbvFElzig20="},"lastRemoteEphemeralKey":"BRfUAmoaOVxyZ3Dzqii4qMV9iI4VeOIDX/BhIlvW5RYZ","previousCounter":0,"rootKey":"D6Ash/0w+cpgfjdkO04453VIY8lCdp+5eBwGRoQuHUc="},"indexInfo":{"baseKey":"BRN4YTHhArfxBpKElwEms5mOBqkIet8sOV+yFPED4fZJ","baseKeyType":1,"closed":-1,"used":1738790225147,"created":1738790225147,"remoteIdentityKey":"BQwKcNloR1ginZxdzECtvc/sDR65xhj28wv3nv/zbO48"},"_chains":{"BV9CL88mrQre8MZNmUMlm9c/3wX+QQjweaPpL5NPGEIx":{"chainKey":{"counter":0,"key":"BeQvFRaV0o0hYkKGvSUIx/+o6qwpoZWxQjY6jImk2qU="},"chainType":1,"messageKeys":{}}},"pendingPreKey":{"signedKeyId":1,"baseKey":"BRN4YTHhArfxBpKElwEms5mOBqkIet8sOV+yFPED4fZJ","preKeyId":2}}},"version":"v1"}