{"_sessions":{"BZp0A6G5QIMw0sq+XQV6YCcErLkopcrs4lUQ/1Mmlite":{"registrationId":320929216,"currentRatchet":{"ephemeralKeyPair":{"pubKey":"BQeSuKbuqT7T7uwa7n4/5sEzdAlSATqVXpWIeaWGZYZN","privKey":"4CUP4vS0IDVJivtfWvoF05Clsn5PoyBzbwuFr6I/z0c="},"lastRemoteEphemeralKey":"BaMMh4B2j3e/rShxJWD8Mf95AfDMmIH4FQRsv5avGbIh","previousCounter":0,"rootKey":"S+hOoQzQ6h0viO4YfYwJvNEljax9QjgrMksYUVY16NU="},"indexInfo":{"baseKey":"BZp0A6G5QIMw0sq+XQV6YCcErLkopcrs4lUQ/1Mmlite","baseKeyType":1,"closed":-1,"used":1735085018842,"created":1735085018842,"remoteIdentityKey":"BfYjdwMwq+0Zb1ATevmXZDYRVt4+1V0HHvmRUxY6vI9U"},"_chains":{"BQeSuKbuqT7T7uwa7n4/5sEzdAlSATqVXpWIeaWGZYZN":{"chainKey":{"counter":0,"key":"MbynZxPS1+YI2U8J13laltk4JI3ibGRNmmgFnfrJf8M="},"chainType":1,"messageKeys":{}}},"pendingPreKey":{"signedKeyId":6,"baseKey":"BZp0A6G5QIMw0sq+XQV6YCcErLkopcrs4lUQ/1Mmlite"}}},"version":"v1"}