{"_sessions":{"BQAh7kV3NAyWwfqTVMa9M6WhPLAzmIUeLU2Phn2dznFQ":{"registrationId":12850,"currentRatchet":{"ephemeralKeyPair":{"pubKey":"BaArwSeg+4WgSkPlKy8j6/cT52aehyHiHgFcLI+wkHQ+","privKey":"cO7Jkl6CLEkEPmoYXhqePx4HXzyZYu+14cKcRfDX4Eg="},"lastRemoteEphemeralKey":"BWHUKpCzilagYH9UgO9igt8THgLB6oGTstHdPUykpKhS","previousCounter":0,"rootKey":"C/JNPiVDbBDbTjjs/yGYR70ZYvcggH4vRBJu4vKXhPU="},"indexInfo":{"baseKey":"BQAh7kV3NAyWwfqTVMa9M6WhPLAzmIUeLU2Phn2dznFQ","baseKeyType":1,"closed":-1,"used":1735084997750,"created":1735084997750,"remoteIdentityKey":"BVWT3hQVj6uGRF2ad+iIuYyH9h77X2B32bm6/C8LpthK"},"_chains":{"BaArwSeg+4WgSkPlKy8j6/cT52aehyHiHgFcLI+wkHQ+":{"chainKey":{"counter":0,"key":"mOVtQc/dk+NQqGBl9+XFezmUmOVrVg1kcQMAMl1Ahag="},"chainType":1,"messageKeys":{}}},"pendingPreKey":{"signedKeyId":1,"baseKey":"BQAh7kV3NAyWwfqTVMa9M6WhPLAzmIUeLU2Phn2dznFQ"}}},"version":"v1"}