{"_sessions":{"BY4yh2G5vYF83pEz18Pyl7YLsML7Vecgoy/Ou1PyNPNq":{"registrationId":606466226,"currentRatchet":{"ephemeralKeyPair":{"pubKey":"BfhozytW7Dlu3OyDKHfYy+Mh7sfm5k7/dwyhlyvJoowb","privKey":"WL91sBjXnR6GB18LCM76leupPVVjpRKxHDKe4YIuJ2M="},"lastRemoteEphemeralKey":"BWi0qNXkV58BhRKoH6beJJrdcw3yeVPR/N8sCX/EpIJp","previousCounter":0,"rootKey":"yM2K7o7BetPEfg+Vz6CI4RgXNvGL/SrL1DHE55nRBug="},"indexInfo":{"baseKey":"BY4yh2G5vYF83pEz18Pyl7YLsML7Vecgoy/Ou1PyNPNq","baseKeyType":2,"closed":-1,"used":1738360461540,"created":1738360461540,"remoteIdentityKey":"BX650xH9pow/bCqnmzkZRBdFv8zLSgb9rDZ5OLdAa8hM"},"_chains":{"BWi0qNXkV58BhRKoH6beJJrdcw3yeVPR/N8sCX/EpIJp":{"chainKey":{"counter":5,"key":"rNeepfs0WjqqLlKBDGqFplTEcweQS3b5DukakCGZZdI="},"chainType":2,"messageKeys":{"0":"F7JtPpYb0gHM/UceRE/WkHICbszgjEdgzmX0Kq+Do+A="}},"BfhozytW7Dlu3OyDKHfYy+Mh7sfm5k7/dwyhlyvJoowb":{"chainKey":{"counter":-1,"key":"qJtk3y9iFUOImO+2luw/ROtiKheBfLNnYdjdTNut37Y="},"chainType":1,"messageKeys":{}}}}},"version":"v1"}