{"_sessions":{"Ba+TEvx8As1moTi9KFM7D8XeAaPS/SEaPA/byKRhySxt":{"registrationId":664279788,"currentRatchet":{"ephemeralKeyPair":{"pubKey":"BSsNqZDTkVtQFDFwk+gTz7ktKGqC1roeURdounKVKjhZ","privKey":"cFZar7QuwHS6yuxBR9IqOHRB+Xyq2eWdTm6uouYTw3U="},"lastRemoteEphemeralKey":"BRkGqoRPM+sRdKVT2dzsRdL5ZGY/QiiY6riOScFh5Ms4","previousCounter":0,"rootKey":"GZhsrB3IoPmHW8hY3drEy3TdVVPeDuM61xiHQbu8pqY="},"indexInfo":{"baseKey":"Ba+TEvx8As1moTi9KFM7D8XeAaPS/SEaPA/byKRhySxt","baseKeyType":1,"closed":-1,"used":1735085024934,"created":1735085024934,"remoteIdentityKey":"BQDdPF1hsnTsxvPeI3fhg1SnZhqq+vBvZwz+9uukSu0f"},"_chains":{"BSsNqZDTkVtQFDFwk+gTz7ktKGqC1roeURdounKVKjhZ":{"chainKey":{"counter":0,"key":"IGLP98apGCy/BaIfev3q3LMlo9N4+OuzPlDfrmzENjU="},"chainType":1,"messageKeys":{}}},"pendingPreKey":{"signedKeyId":5,"baseKey":"Ba+TEvx8As1moTi9KFM7D8XeAaPS/SEaPA/byKRhySxt","preKeyId":8545045}}},"version":"v1"}