{"_sessions":{"BW+pQ4WdVFURi/hjUVGiIAz1uCk66q+oM46cEAQ6UfAX":{"registrationId":1283560409,"currentRatchet":{"ephemeralKeyPair":{"pubKey":"BUagXbUtVcPNwvy90ml3fOiErANwwufIhBgudf+b7dtb","privKey":"yJPiIWI0+Ls8jB62qa8Dag824PvdERUI+Zpx6b/r3kI="},"lastRemoteEphemeralKey":"Bd2wfo6/ThbmiqVr10P9PDxKHPbwyYbuu32aag7bHa4/","previousCounter":0,"rootKey":"3JHPmdNpeWlk62Yd1VM8vh/RALNM4RDPMgHQRoyNkIs="},"indexInfo":{"baseKey":"BW+pQ4WdVFURi/hjUVGiIAz1uCk66q+oM46cEAQ6UfAX","baseKeyType":1,"closed":-1,"used":1738983018758,"created":1735085019303,"remoteIdentityKey":"BSVPch1jrWnqP9WCFQ7vx3KfbjtSQYZrqUkTC8rQ179k"},"_chains":{"Bd2wfo6/ThbmiqVr10P9PDxKHPbwyYbuu32aag7bHa4/":{"chainKey":{"counter":10,"key":"7nzDQThNNye2V2aOQUHFcu3+6sP0Vux784aZCWIJOT0="},"chainType":2,"messageKeys":{}},"BUagXbUtVcPNwvy90ml3fOiErANwwufIhBgudf+b7dtb":{"chainKey":{"counter":-1,"key":"WwNPMQqRatwgBu5w4VC49YEfyWXuFgEkeTVuxgi5Ed8="},"chainType":1,"messageKeys":{}}}}},"version":"v1"}