{"_sessions":{"BdNSSnHwXhTBOYM5ghfDLOa2U16KoevozrfB0ZPcNnpk":{"registrationId":476411405,"currentRatchet":{"ephemeralKeyPair":{"pubKey":"BRtQxuRmcj9rH80WoZjNvdQxnhZ60/EyYV7+dPaHPUEH","privKey":"WJS0P8Q8qHH1uW6NaBe6/Wr9vuUb3YWif+HBHIcs+VE="},"lastRemoteEphemeralKey":"BUqlMTts7nNhIghVSjz2csa0AjVjejJZZWTMyuEQl99r","previousCounter":0,"rootKey":"9JELta3YNTRVMD3huK1q1uLI+Rx1Ct8AVgkLJyC7BUw="},"indexInfo":{"baseKey":"BdNSSnHwXhTBOYM5ghfDLOa2U16KoevozrfB0ZPcNnpk","baseKeyType":1,"closed":-1,"used":1735085025034,"created":1735085025034,"remoteIdentityKey":"Bf0QeGvzj3J0oyIsuEOMMHCwO+DxY4wqKGA1QqO7xwl7"},"_chains":{"BRtQxuRmcj9rH80WoZjNvdQxnhZ60/EyYV7+dPaHPUEH":{"chainKey":{"counter":0,"key":"ltCSvLN0vX/E8vPV+5PPyr3PuT1KvBH/2k0lh0XLNo0="},"chainType":1,"messageKeys":{}}},"pendingPreKey":{"signedKeyId":13,"baseKey":"BdNSSnHwXhTBOYM5ghfDLOa2U16KoevozrfB0ZPcNnpk","preKeyId":8602322}}},"version":"v1"}