{"_sessions":{"Beq2ABNgeQExQh8zGldjEBMEgfeEE1ZZMGk0TMSzlnJa":{"registrationId":1261359631,"currentRatchet":{"ephemeralKeyPair":{"pubKey":"BQ5ga0I6md8L5NuCntHp5EjM/Mn40L3TSoJ9gEsDWEUd","privKey":"sEzd2iZsGv9+4wKG2BppqI9p/ug89pX0Lvl3+ySd9mA="},"lastRemoteEphemeralKey":"Bfxmh/21SKDXWWXHTNaN8AVoN1tcKghJ/lcPf3CUklNx","previousCounter":0,"rootKey":"ZrhjsChmcJJW9QhNtFZZOjcCd89pNFn73BPKmoUXV5Q="},"indexInfo":{"baseKey":"Beq2ABNgeQExQh8zGldjEBMEgfeEE1ZZMGk0TMSzlnJa","baseKeyType":1,"closed":-1,"used":1735085025122,"created":1735085025122,"remoteIdentityKey":"BXl0IaxZlwSaZgTfh0emBtAYNuwLkoNJMD6LWtUYHnAq"},"_chains":{"BQ5ga0I6md8L5NuCntHp5EjM/Mn40L3TSoJ9gEsDWEUd":{"chainKey":{"counter":0,"key":"E1MO9Y6SP6m/vVmPiNkG68sGFrVqqvgaidjLazvBlPQ="},"chainType":1,"messageKeys":{}}},"pendingPreKey":{"signedKeyId":7,"baseKey":"Beq2ABNgeQExQh8zGldjEBMEgfeEE1ZZMGk0TMSzlnJa","preKeyId":15533677}}},"version":"v1"}