{"_sessions":{"BfC9a0QvGnFkyjhUt4q44z9DfLpixfzhA9yjg9Fuo7dc":{"registrationId":301508943,"currentRatchet":{"ephemeralKeyPair":{"pubKey":"BQDGY75Z/FMXBAwOZJFtVdzKZ3IonvQlzMgVN2QdKuF2","privKey":"GBgbl88k1cdMybQqFjGYsXBUXOPwi0icM/OMh/l7Q1w="},"lastRemoteEphemeralKey":"BZYbIXqMXl7IfYMMsetlXIeBG+jLfNY2QzB6cGLlFFde","previousCounter":0,"rootKey":"vDHLchBYLmJtXh6/cd5OJ5MMntkJHkHGQRNM4ZGT3bM="},"indexInfo":{"baseKey":"BfC9a0QvGnFkyjhUt4q44z9DfLpixfzhA9yjg9Fuo7dc","baseKeyType":1,"closed":-1,"used":1735085006571,"created":1735085006571,"remoteIdentityKey":"Bco6kp0zH7ZiQkjV2rZQBEQ0LWNI6jNT66pQv9n6N9EH"},"_chains":{"BQDGY75Z/FMXBAwOZJFtVdzKZ3IonvQlzMgVN2QdKuF2":{"chainKey":{"counter":0,"key":"3wtrlM/u9UzXYC8z6KwzP2UZ25HMJWzyGmxAIWu1qBY="},"chainType":1,"messageKeys":{}}},"pendingPreKey":{"signedKeyId":8,"baseKey":"BfC9a0QvGnFkyjhUt4q44z9DfLpixfzhA9yjg9Fuo7dc","preKeyId":7328839}}},"version":"v1"}