{"_sessions":{"BYhuTdKD2hEIja9s1vNSZEC2KOt0/o4lJFqjkuKtJ2gA":{"registrationId":483261783,"currentRatchet":{"ephemeralKeyPair":{"pubKey":"BU04qWcyLVHvoBCDlzAZs4L7ihSYtZYyFV+prYAh4vV/","privKey":"CLP6Z12LiP0BGa1Pa1ZNxtwfPTyEHtl5iWhd1anXPn0="},"lastRemoteEphemeralKey":"BQJZD62f5O5LtwfUnTJmjeyLj6oAL5JZ42TV3vONaxEG","previousCounter":0,"rootKey":"X1fxyAQF8hSWzG7Q9Lkz1dw3sj/BOQEddCEWHuTos8I="},"indexInfo":{"baseKey":"BYhuTdKD2hEIja9s1vNSZEC2KOt0/o4lJFqjkuKtJ2gA","baseKeyType":1,"closed":-1,"used":1738716855382,"created":1735085001009,"remoteIdentityKey":"BUjGnoUNXwFlbO6hsK5IiFHtIrrFfLJkfwOICJacSQpb"},"_chains":{"BQJZD62f5O5LtwfUnTJmjeyLj6oAL5JZ42TV3vONaxEG":{"chainKey":{"counter":5,"key":"dO+rT3rsJpIKve8jJWOSN9kvJArfH7vlLnrHT7gylW8="},"chainType":2,"messageKeys":{"2":"V/YXfTKAqY7SAFQMnBxseW3KbIna9VJT4N7MEvPfxT8="}},"BU04qWcyLVHvoBCDlzAZs4L7ihSYtZYyFV+prYAh4vV/":{"chainKey":{"counter":-1,"key":"oLpgRd8EsnEZrMYhkOKZ0SweJe1vn9SKe3zOgmhKmKE="},"chainType":1,"messageKeys":{}}}}},"version":"v1"}