{"_sessions":{"Bdvp5WIyvSb9ejcumf9NhtALk0fxk6X+95oJLTV0f9FG":{"registrationId":1978404180,"currentRatchet":{"ephemeralKeyPair":{"pubKey":"BbZ0xr123A3ZpbOFLJ52mzB6pzQrGKjJlhtkoOtnMTp+","privKey":"6OQbx/dQnqhS2UhvxxIxru3O/PEWnxoX8kuGJPswy1s="},"lastRemoteEphemeralKey":"BQwLv+E3NJJt0Gg7IvPDwHOHZCmBZiKwMlcJZEZUa5dV","previousCounter":0,"rootKey":"2ElcQMFc6zHRQahvccAvf49Ifg/86f79KMHZtts7mQY="},"indexInfo":{"baseKey":"Bdvp5WIyvSb9ejcumf9NhtALk0fxk6X+95oJLTV0f9FG","baseKeyType":1,"closed":-1,"used":1735084988495,"created":1735084988495,"remoteIdentityKey":"BeuzdBwZbTbc6CXpqBK5zfjYy7qAoQEMrZ8rJgG+Bi4u"},"_chains":{"BbZ0xr123A3ZpbOFLJ52mzB6pzQrGKjJlhtkoOtnMTp+":{"chainKey":{"counter":0,"key":"sbAoGqRv5GI5qXqZhVSdckgJkWm08GKG70qF5RXlITY="},"chainType":1,"messageKeys":{}}},"pendingPreKey":{"signedKeyId":1,"baseKey":"Bdvp5WIyvSb9ejcumf9NhtALk0fxk6X+95oJLTV0f9FG","preKeyId":97}}},"version":"v1"}