{"_sessions":{"BZFXGeIcBtfTnlaWuUvms4B7zu4smQcXmQK3QzA7YF1B":{"registrationId":1061522608,"currentRatchet":{"ephemeralKeyPair":{"pubKey":"BSLRxzPdfTnNHD5lQstBH5IMyt5fe+sLnmf5O1lmSAI2","privKey":"sD/7UQyuaplcMLWL1UlDN5s41rjsFgVHnN4dCUA2DEA="},"lastRemoteEphemeralKey":"BUvZ2vk9jpuVmVAfUWVBPF2jk2r6oCpjJJVb9H1p95VY","previousCounter":0,"rootKey":"gv94H4HlDPD8gzllPK1L3nGVxIVB46YPEa+VB2T+GWg="},"indexInfo":{"baseKey":"BZFXGeIcBtfTnlaWuUvms4B7zu4smQcXmQK3QzA7YF1B","baseKeyType":1,"closed":-1,"used":1736210748492,"created":1735085006548,"remoteIdentityKey":"BYzXAeFk7Pr3Y3t8mp/k8PRUO6Sf4KlyVzVvD4+ZTKQO"},"_chains":{"BUvZ2vk9jpuVmVAfUWVBPF2jk2r6oCpjJJVb9H1p95VY":{"chainKey":{"counter":3,"key":"lZ8b9enTQ7aiX+g5FOW3fuqV+btNY2A/bXpHFOYpxs8="},"chainType":2,"messageKeys":{}},"BSLRxzPdfTnNHD5lQstBH5IMyt5fe+sLnmf5O1lmSAI2":{"chainKey":{"counter":-1,"key":"yv+1gxY/e1fA3NMFEsGuGN7Qmp8xAsJ5wN7HGyMEh/I="},"chainType":1,"messageKeys":{}}}}},"version":"v1"}