{"_sessions":{"BfIYGQCzSKndsMcVEEqvPDaf7NcTMXkxW8PX6Z+LzZRw":{"registrationId":330278073,"currentRatchet":{"ephemeralKeyPair":{"pubKey":"BTX6eeEKjWmNaFSQPpHpTitdJONiNtNQnOvQ4myJmmNF","privKey":"YPGZpUyO+UJIA0hruLelL1KO1tLAOpGUV1fXmaSH7Wc="},"lastRemoteEphemeralKey":"BZEjE3dfeXGSF/McW3iYhWAL2v1AAE1l1IrUPgqrTsQw","previousCounter":0,"rootKey":"rVhOsyxURbLkQLnWFP/n1mRUaBwNMjm9SP7mN0Gh/xg="},"indexInfo":{"baseKey":"BfIYGQCzSKndsMcVEEqvPDaf7NcTMXkxW8PX6Z+LzZRw","baseKeyType":1,"closed":-1,"used":1735085018704,"created":1735085018704,"remoteIdentityKey":"BYjKJRnOpzc9IyGapYVy9qjV+qKMJyeVeivfZ5YrOpBt"},"_chains":{"BTX6eeEKjWmNaFSQPpHpTitdJONiNtNQnOvQ4myJmmNF":{"chainKey":{"counter":0,"key":"dT0CpvCGbVZYrvdqny3BKpSdsdGBvXLs/vHurypqxlw="},"chainType":1,"messageKeys":{}}},"pendingPreKey":{"signedKeyId":10,"baseKey":"BfIYGQCzSKndsMcVEEqvPDaf7NcTMXkxW8PX6Z+LzZRw","preKeyId":11494653}}},"version":"v1"}