{"_sessions":{"BQ1kAMLzj0DivGYBVMlEC4KEKEt6v9yShGDYRlwjcJtd":{"registrationId":25987838,"currentRatchet":{"ephemeralKeyPair":{"pubKey":"BT+vVSILKNe0dHYXaaVzsgAJcdDt0+G2MIwF+iFaSxpm","privKey":"0MnbgloFMD9woe4w4qZ0A7AUqNwc7mRGPOYWE6yxdG0="},"lastRemoteEphemeralKey":"BZFqrKo+mKFqdQZU7bERxZVnh0aJl5gZTW3p3J1lG/NX","previousCounter":0,"rootKey":"DlFC2rSBoDBRgKngBBCtpbtxNFHvfZ2Ez0aYVJMFPmY="},"indexInfo":{"baseKey":"BQ1kAMLzj0DivGYBVMlEC4KEKEt6v9yShGDYRlwjcJtd","baseKeyType":1,"closed":-1,"used":1735084997686,"created":1735084997686,"remoteIdentityKey":"BQb2px/4jRDWEdtJrLvndj8I/gmwCf3EGR0cRRE9RzkX"},"_chains":{"BT+vVSILKNe0dHYXaaVzsgAJcdDt0+G2MIwF+iFaSxpm":{"chainKey":{"counter":0,"key":"9fgCxl99RkAjusAw/BksT4BpUgv3jYQ+1DPE0MjCWPc="},"chainType":1,"messageKeys":{}}},"pendingPreKey":{"signedKeyId":3,"baseKey":"BQ1kAMLzj0DivGYBVMlEC4KEKEt6v9yShGDYRlwjcJtd","preKeyId":1098}}},"version":"v1"}