{"_sessions":{"Bb+V+5sxgFiGwRtv6jr67nY3IlhJJy7kbMAsql20PdZY":{"registrationId":463112879,"currentRatchet":{"ephemeralKeyPair":{"pubKey":"BcvQHnN57gOAW+5VK9b5Y5J4Vy8ZivZ+iSGN9ywLLa9F","privKey":"SOWCRY/hui/66xrla0GefEoHITEBdRut5ydNlY1klWs="},"lastRemoteEphemeralKey":"BfgM9xowB3VEycIr1H4ai3irFZX/TezSCKQwlucpayAm","previousCounter":0,"rootKey":"1ow2qSsnO/9+lpQoO37Y58FFavIunFQ2uA/VSh3JmSc="},"indexInfo":{"baseKey":"Bb+V+5sxgFiGwRtv6jr67nY3IlhJJy7kbMAsql20PdZY","baseKeyType":1,"closed":-1,"used":1736084395123,"created":1735085025083,"remoteIdentityKey":"BSA9M94aCdz5vnoyppdLkOkclxkYkvci/GB/FCFaqYsf"},"_chains":{"BfgM9xowB3VEycIr1H4ai3irFZX/TezSCKQwlucpayAm":{"chainKey":{"counter":4,"key":"+fanHzintUrPMN0e6a4H0g6Q5KePIXnIhta0790+H+k="},"chainType":2,"messageKeys":{"2":"RzXFPh6BJP9v1BEF/wTk5WEWVCoK6kHYNKJr67qpdYA="}},"BcvQHnN57gOAW+5VK9b5Y5J4Vy8ZivZ+iSGN9ywLLa9F":{"chainKey":{"counter":-1,"key":"ULm+LE3Ow0YuvwnklJ147SliCnp0NgHWRIQ7blP0apc="},"chainType":1,"messageKeys":{}}}}},"version":"v1"}