{"_sessions":{"BZN9daFfXV9cjEtT69EoAlcImPjbjZoghPlC2teMhMgz":{"registrationId":1650535810,"currentRatchet":{"ephemeralKeyPair":{"pubKey":"Bb4qnA+ZcRzmVnYD5Sxr0bF42/jy+asGmltdBQ9XovMu","privKey":"gI7cavn15A0/HmuyKFToUpWRl7714kXBf8Qoq49pV0Y="},"lastRemoteEphemeralKey":"BRajoDA+3hQZWtPOarNOtnfTt0HDCxDPY2/hPMdbblhI","previousCounter":0,"rootKey":"lXMAUNWL0cjq7pz5EBKa7jSHi3/itkp48MVqGbrs0mQ="},"indexInfo":{"baseKey":"BZN9daFfXV9cjEtT69EoAlcImPjbjZoghPlC2teMhMgz","baseKeyType":1,"closed":-1,"used":1735085009952,"created":1735085009952,"remoteIdentityKey":"BfoeckH2Xe+/b3hzddL5A9AIgocjxk14xrBatlbmJ7Ib"},"_chains":{"Bb4qnA+ZcRzmVnYD5Sxr0bF42/jy+asGmltdBQ9XovMu":{"chainKey":{"counter":0,"key":"FsLwiGKV5NW6dl0Btm57b3q2JB3jnPHBNdjdlCgab9s="},"chainType":1,"messageKeys":{}}},"pendingPreKey":{"signedKeyId":2,"baseKey":"BZN9daFfXV9cjEtT69EoAlcImPjbjZoghPlC2teMhMgz","preKeyId":12955421}}},"version":"v1"}