{"_sessions":{"BUARt5r1mbkB2FM+dQPmjipUd/+6jE2B9o2OfLM5kvMp":{"registrationId":1290196877,"currentRatchet":{"ephemeralKeyPair":{"pubKey":"BQdCa/VLZ7EOvHVu1C3zl+46MBYuzdenk3axqiCJy0Ys","privKey":"aOxW0yKQ2Ib5dHezuE20WnDtSP4EognqTBYXUwwRPnM="},"lastRemoteEphemeralKey":"BRYns55d4bVle7vbZDTQdPyPXRpzW2tVgsSjabjQfFNb","previousCounter":0,"rootKey":"t17BZKdJhkw7h4oSwBxltUJE0Ro9sJ6//jra6ePojTc="},"indexInfo":{"baseKey":"BUARt5r1mbkB2FM+dQPmjipUd/+6jE2B9o2OfLM5kvMp","baseKeyType":1,"closed":-1,"used":1735085004071,"created":1735085004071,"remoteIdentityKey":"BZlDt8a+bKLh7vTpWLbpzdRtvQOsOGid3V+ntfgb+Zgd"},"_chains":{"BQdCa/VLZ7EOvHVu1C3zl+46MBYuzdenk3axqiCJy0Ys":{"chainKey":{"counter":0,"key":"hqETntuR88HCh6yBrFMul0InXbbTLhgYBG6Kck3lsfo="},"chainType":1,"messageKeys":{}}},"pendingPreKey":{"signedKeyId":24,"baseKey":"BUARt5r1mbkB2FM+dQPmjipUd/+6jE2B9o2OfLM5kvMp","preKeyId":8252605}}},"version":"v1"}