{"_sessions":{"BXKNONUqwaM/XvD/B4om4fiGscm+0lkJChf5AaZaCGxI":{"registrationId":1841725179,"currentRatchet":{"ephemeralKeyPair":{"pubKey":"BTmdFlqSuAOZDoQWBl5YDTjFAC+1Zfmbh+YO9ppTPVAK","privKey":"OINZYDn0DO2BdtU6CNe94gwSQ4Ux+bP4Uqfqc2NvJXA="},"lastRemoteEphemeralKey":"BdwdE9/WNMnjm0ZW47J3wlmHGxNUxbhm/ObcU+qP6A5K","previousCounter":0,"rootKey":"b5pUPQNzJwtoaqfBeLL93WSE4dGE1tU5jUCP1oIJvAE="},"indexInfo":{"baseKey":"BXKNONUqwaM/XvD/B4om4fiGscm+0lkJChf5AaZaCGxI","baseKeyType":1,"closed":-1,"used":1736999869841,"created":1735085001086,"remoteIdentityKey":"BXv3jAfBiHcng0vY3m6ui2R/xz4wuI+99fm28F42QiwR"},"_chains":{"BdwdE9/WNMnjm0ZW47J3wlmHGxNUxbhm/ObcU+qP6A5K":{"chainKey":{"counter":1,"key":"YkGA4mss78FEMy3n3dg6KKGbHBkI4x3RB0xznmTrkpY="},"chainType":2,"messageKeys":{}},"BTmdFlqSuAOZDoQWBl5YDTjFAC+1Zfmbh+YO9ppTPVAK":{"chainKey":{"counter":-1,"key":"Agn2WG1Re5HDF8THdRrg7l22OEKQKt68aC5j1FVHFO0="},"chainType":1,"messageKeys":{}}}}},"version":"v1"}