{"_sessions":{"BWE1d8ejqxaX7FJhWdE1ffhkRhDEYovGTl/ng9FFE2p0":{"registrationId":1939625239,"currentRatchet":{"ephemeralKeyPair":{"pubKey":"BdV+av0oFP9SN6CDDa5v5H99SZEtPiS085wy1Cky4EVZ","privKey":"WAENxjVKqe52oiGZd0bpjTvUN5rgsyb/ATPr9+iodUs="},"lastRemoteEphemeralKey":"BYX8qfj+jls73cHVBSilQUBXcmGUAV0/Y8dFl1Uvr08k","previousCounter":0,"rootKey":"4I3YiiBWLdepw5WtkT2aqazR7eKfjGyE7yHtG91RZZw="},"indexInfo":{"baseKey":"BWE1d8ejqxaX7FJhWdE1ffhkRhDEYovGTl/ng9FFE2p0","baseKeyType":1,"closed":-1,"used":1735085004021,"created":1735085004021,"remoteIdentityKey":"BWFfYVYsz1+MoCSIYrk+3g0ViCba5IkDKagneA5b3s85"},"_chains":{"BdV+av0oFP9SN6CDDa5v5H99SZEtPiS085wy1Cky4EVZ":{"chainKey":{"counter":0,"key":"L3i0ItD4SNifug0XLiPchqOWWMaS750y0z8uKdc8MJw="},"chainType":1,"messageKeys":{}}},"pendingPreKey":{"signedKeyId":5,"baseKey":"BWE1d8ejqxaX7FJhWdE1ffhkRhDEYovGTl/ng9FFE2p0","preKeyId":4093650}}},"version":"v1"}