{"_sessions":{"BZZbIouc3T8LAqUMwp7vFukJdyRjhROS3XLqdSkuasQZ":{"registrationId":1383745820,"currentRatchet":{"ephemeralKeyPair":{"pubKey":"BSpA+00pG1NU4QD3j1dS/RucyJ5v3okMgMsbfo4Gbutt","privKey":"EHvMoh8yWArE6hE9npfU0edzZQIFXm+X+bc8GPIyJW8="},"lastRemoteEphemeralKey":"BTWZIDmkLr3P9TDiZlAcc11lfep2LPcYltm+RvnTiioC","previousCounter":0,"rootKey":"IhF6zQgLKzhogDtqX+2bwDOiJ41nu0NBv8P6A2aQfJA="},"indexInfo":{"baseKey":"BZZbIouc3T8LAqUMwp7vFukJdyRjhROS3XLqdSkuasQZ","baseKeyType":1,"closed":-1,"used":1735085024863,"created":1735085024863,"remoteIdentityKey":"Bf1jsWGDXtXVnfGcIpR6ZIzYfY8ozqGURK8+RjaH/htG"},"_chains":{"BSpA+00pG1NU4QD3j1dS/RucyJ5v3okMgMsbfo4Gbutt":{"chainKey":{"counter":0,"key":"TcnLrmmpQaxywt0IpQyS9Ne3VsC6C324aingE1CLLtU="},"chainType":1,"messageKeys":{}}},"pendingPreKey":{"signedKeyId":39,"baseKey":"BZZbIouc3T8LAqUMwp7vFukJdyRjhROS3XLqdSkuasQZ"}}},"version":"v1"}