{"_sessions":{"BV+8HrGhDer2k+QTwIr9hqLpSGKs8OAu6YDjYpnQDLtb":{"registrationId":647283017,"currentRatchet":{"ephemeralKeyPair":{"pubKey":"BXbyjmFUNFGNZP4dtdWbugAPlybqlZPkTAaYW1NneiZt","privKey":"2D7VtgB9ZaURi5SM346TWTLCGrv9VLQ2lSExnHCUq2k="},"lastRemoteEphemeralKey":"BasDC2BatdGZ4wWyPwTmOCqrw11oHU61pd3JS3pn22Rs","previousCounter":0,"rootKey":"fQjI64Ti+rXI88D2lVEfx+bL2uxauoL6pWwxPnM7E+w="},"indexInfo":{"baseKey":"BV+8HrGhDer2k+QTwIr9hqLpSGKs8OAu6YDjYpnQDLtb","baseKeyType":1,"closed":-1,"used":1735085006554,"created":1735085006554,"remoteIdentityKey":"BR7OkQQYoyDYk0lTdhF50wZdo6Ey/OfwOk8g1SsELSES"},"_chains":{"BXbyjmFUNFGNZP4dtdWbugAPlybqlZPkTAaYW1NneiZt":{"chainKey":{"counter":0,"key":"vXQIKG1Bj6ELM02VMfqpujfGx1TsGgZO6TVD/6lua8Y="},"chainType":1,"messageKeys":{}}},"pendingPreKey":{"signedKeyId":11,"baseKey":"BV+8HrGhDer2k+QTwIr9hqLpSGKs8OAu6YDjYpnQDLtb","preKeyId":10756256}}},"version":"v1"}