{"_sessions":{"Bd678zpHtd+pyZpJg/s/gKZMNT+okZUx1tF/eDN1PPg4":{"registrationId":2064845783,"currentRatchet":{"ephemeralKeyPair":{"pubKey":"BcXZvsiLFh2+cQf59+qycCaI6Yjavanq75XEC/F4VtwK","privKey":"8PPAjM5xyn6K/qh4euIdgTnsqGM7gULgYkkuhhr94mM="},"lastRemoteEphemeralKey":"Bewmh8IvipiYYE3ze7gLJ38nOs5BauPXz4S0S2h1MOM5","previousCounter":0,"rootKey":"xgEvXm243Ch5CQukjJcR2TlEdnGnle7KNtn/rNopaJU="},"indexInfo":{"baseKey":"Bd678zpHtd+pyZpJg/s/gKZMNT+okZUx1tF/eDN1PPg4","baseKeyType":1,"closed":-1,"used":1735085012765,"created":1735085012765,"remoteIdentityKey":"BRMTZCDCT54ZTqAE/Cq/M5QRxlYpFsXnECcO7f3AO5Zj"},"_chains":{"BcXZvsiLFh2+cQf59+qycCaI6Yjavanq75XEC/F4VtwK":{"chainKey":{"counter":0,"key":"OkXht4DHBgjLKuWVuBB5DvisWpuHQjNsGFoDqPsITqo="},"chainType":1,"messageKeys":{}}},"pendingPreKey":{"signedKeyId":6,"baseKey":"Bd678zpHtd+pyZpJg/s/gKZMNT+okZUx1tF/eDN1PPg4","preKeyId":8454249}}},"version":"v1"}