{"_sessions":{"BSJxEEnEvYOg8CIwP5wAmAkbSmiQgsOWzSSo7CarJgoV":{"registrationId":276689209,"currentRatchet":{"ephemeralKeyPair":{"pubKey":"Bb6l6BVefvhCnr+8hE6dAY9+C1DGjtFq4R1HYHyw3Gtm","privKey":"GKBZ3T070inGI0gw72EBDz3IEqiZxpGmFc2Xq6+i23Q="},"lastRemoteEphemeralKey":"BXQJE1o2MmhkKjii20VFWNBs87i2cc7s+COTlulRigox","previousCounter":0,"rootKey":"NKipST6/Z6ElujuQnQAesrdfnWJqfJldYex5EMo6StA="},"indexInfo":{"baseKey":"BSJxEEnEvYOg8CIwP5wAmAkbSmiQgsOWzSSo7CarJgoV","baseKeyType":1,"closed":-1,"used":1735085027831,"created":1735085027831,"remoteIdentityKey":"BfgufBIfQvEnkyf4TZq+2eOQ1YOPIeZNKMK6G6wsSyMc"},"_chains":{"Bb6l6BVefvhCnr+8hE6dAY9+C1DGjtFq4R1HYHyw3Gtm":{"chainKey":{"counter":0,"key":"SE+ZUktmMHL78CJ/h1EKhwYC3SQlOVACU0/5Z4qchfg="},"chainType":1,"messageKeys":{}}},"pendingPreKey":{"signedKeyId":0,"baseKey":"BSJxEEnEvYOg8CIwP5wAmAkbSmiQgsOWzSSo7CarJgoV"}}},"version":"v1"}