{"_sessions":{"BX2s2uDZaqiVnakbXGiXKCaDCGKendWpzonuT7Qd19wm":{"registrationId":1828822196,"currentRatchet":{"ephemeralKeyPair":{"pubKey":"BbSwPUuGQG1su5tI8BUsbqxubyvy3rzfoEDZSMcfEuF3","privKey":"eGuQHToStKOIRGz2dMD+XPlrKQqRTGUO0zkylQOXS1Y="},"lastRemoteEphemeralKey":"BbEGqESedyw5XFSnKP+LtWfsi64EIsi0eMogphXCclMp","previousCounter":0,"rootKey":"NcaB2R6+1s5tn6ZVC7ZqAEMRnZmNcJZnRKtfkhOmPIc="},"indexInfo":{"baseKey":"BX2s2uDZaqiVnakbXGiXKCaDCGKendWpzonuT7Qd19wm","baseKeyType":1,"closed":-1,"used":1735085024650,"created":1735085024650,"remoteIdentityKey":"BVjgKubssX0mRQriFAg4xY9TxtcfugoMQFfN7M8voGs5"},"_chains":{"BbSwPUuGQG1su5tI8BUsbqxubyvy3rzfoEDZSMcfEuF3":{"chainKey":{"counter":0,"key":"Pl7X30ZFnvga2+AVfHZA2S8TtOK2IoXPgMS+Z1ecHdA="},"chainType":1,"messageKeys":{}}},"pendingPreKey":{"signedKeyId":22,"baseKey":"BX2s2uDZaqiVnakbXGiXKCaDCGKendWpzonuT7Qd19wm","preKeyId":8664650}}},"version":"v1"}