{"_sessions":{"BaScANfYfZfNLyZMFmcQEoHuPQEyRNIqyoZO+5ioC1sd":{"registrationId":1242577642,"currentRatchet":{"ephemeralKeyPair":{"pubKey":"BbD0ueO0gQWynOQAiu9d16WaL/8rqFnBne1/wa6Wfr8P","privKey":"WJz0hHU0Ii5CvkM4WjeynHQ0txqng7mAvb2wlYz+31Y="},"lastRemoteEphemeralKey":"BW/yxc2H7qiH4fL9DayMMo2GVsIvPm7XletS8MgwkxNU","previousCounter":0,"rootKey":"ZqOXxWLfbeRgUluikOLh4fg1t2sPmN0SnO+ySto1hsk="},"indexInfo":{"baseKey":"BaScANfYfZfNLyZMFmcQEoHuPQEyRNIqyoZO+5ioC1sd","baseKeyType":1,"closed":-1,"used":1735084991845,"created":1735084991845,"remoteIdentityKey":"BSA4IyO8HcFoanmkelvdptabm1niuj020r9i+enIXY8I"},"_chains":{"BbD0ueO0gQWynOQAiu9d16WaL/8rqFnBne1/wa6Wfr8P":{"chainKey":{"counter":0,"key":"CIpAel5ocgup+sv2K+Gislg7G9kRx3gjxLZb1tBkYBA="},"chainType":1,"messageKeys":{}}},"pendingPreKey":{"signedKeyId":1,"baseKey":"BaScANfYfZfNLyZMFmcQEoHuPQEyRNIqyoZO+5ioC1sd"}}},"version":"v1"}