{"_sessions":{"Bd55rV5Lo0aJ63dTavy4xgV9599whdJKWT/RTHEh6IQN":{"registrationId":12609,"currentRatchet":{"ephemeralKeyPair":{"pubKey":"BcbeR69UD92Mf3iPFV3rcy68vxNlewu3vkJiIvmqwJY6","privKey":"SJcJQ5sGD+xJI9V2aT0Y5lUF96NzSk0P2DQs/3JhkWM="},"lastRemoteEphemeralKey":"BZtlNI3uKKrEesy+F1BAuPWoP2sdM9HJNEaC8vMH2Roj","previousCounter":0,"rootKey":"SiI/AALXLYoGyZ0YyfRdX5KLwEqDKaJfmRfz9HDcGls="},"indexInfo":{"baseKey":"Bd55rV5Lo0aJ63dTavy4xgV9599whdJKWT/RTHEh6IQN","baseKeyType":1,"closed":-1,"used":1735084991769,"created":1735084991769,"remoteIdentityKey":"BVTg1R8AyvU7TiqFG+RpuGnT8j6f8ivXm4b+GwQ2+ocY"},"_chains":{"BcbeR69UD92Mf3iPFV3rcy68vxNlewu3vkJiIvmqwJY6":{"chainKey":{"counter":0,"key":"nyJpHfkE4zTccbUekWEp2Tb+ZMfdQluvSncKTWiX5sk="},"chainType":1,"messageKeys":{}}},"pendingPreKey":{"signedKeyId":1,"baseKey":"Bd55rV5Lo0aJ63dTavy4xgV9599whdJKWT/RTHEh6IQN","preKeyId":1518}}},"version":"v1"}