{"_sessions":{"BVZMZBKZ2pSABo5hxjWsRWOy/mW+Bo3tbLLFaBG27Yt6":{"registrationId":1709114174,"currentRatchet":{"ephemeralKeyPair":{"pubKey":"BSJpit1n87RUetADN6iCLkTwqh2Tsya0ltObTrKtAa1z","privKey":"kKeiCbRc/3ufeHEH3aYKeyGFyUUHxBP/kn/VPpktuU8="},"lastRemoteEphemeralKey":"BbMb8Lt0OJKa7O13d4fK9AYLp0ZfCjavzWN2sugvVatY","previousCounter":0,"rootKey":"61D6DoyXmdHQeNJJycU3iaVPfI4WGzIqaqUDaSWjazo="},"indexInfo":{"baseKey":"BVZMZBKZ2pSABo5hxjWsRWOy/mW+Bo3tbLLFaBG27Yt6","baseKeyType":1,"closed":-1,"used":1738385471766,"created":1735085022103,"remoteIdentityKey":"BakbcOaEucguz9CQRouaFuPdA9in0/c6sWJhyAzRsm9f"},"_chains":{"BbMb8Lt0OJKa7O13d4fK9AYLp0ZfCjavzWN2sugvVatY":{"chainKey":{"counter":2,"key":"lkw4qb6uYvM9wR6zz3O7E9WvpmRl8Zz01+8qjZ0JEqg="},"chainType":2,"messageKeys":{}},"BSJpit1n87RUetADN6iCLkTwqh2Tsya0ltObTrKtAa1z":{"chainKey":{"counter":-1,"key":"9cvgB/NQxOnOLm/fYkbZaPEC7AqUZNHuGlTx9iKFZ6g="},"chainType":1,"messageKeys":{}}}}},"version":"v1"}