{"_sessions":{"BazN81l3zIbr6fihwI+BKmpJJNef9rrM3L2RIDyuMYxi":{"registrationId":415217134,"currentRatchet":{"ephemeralKeyPair":{"pubKey":"BW3OkiOUS38SjbrJE/lCUPPHeIEGKUnhggNxjWjCeUtk","privKey":"0PY6OZ/M1CfazpvUaiqLCaiL8pLuPdQ68juI4b0xDFw="},"lastRemoteEphemeralKey":"BXUVykYwf7HJ1C0bWjDaCEw5RJcl9YSCunrdvJGEzvE0","previousCounter":0,"rootKey":"svbXrNTR6F9NtnV1EXZBsmXmTsRkvwKADJJ5llt0GfQ="},"indexInfo":{"baseKey":"BazN81l3zIbr6fihwI+BKmpJJNef9rrM3L2RIDyuMYxi","baseKeyType":1,"closed":-1,"used":1738790225230,"created":1738790225230,"remoteIdentityKey":"BUja78e2/SC8jQnbZU//3tGeRBNlP/MjtptM2sLK7yhu"},"_chains":{"BW3OkiOUS38SjbrJE/lCUPPHeIEGKUnhggNxjWjCeUtk":{"chainKey":{"counter":0,"key":"rj/vSzx4ea8TLrMGLD+OHzGeaz8JTdHSMuR0tvCp9B8="},"chainType":1,"messageKeys":{}}},"pendingPreKey":{"signedKeyId":0,"baseKey":"BazN81l3zIbr6fihwI+BKmpJJNef9rrM3L2RIDyuMYxi","preKeyId":13711644}}},"version":"v1"}