{"_sessions":{"BeLughRUFK8hVx70TCKDpdO9UP+Fmtd+riXARqz6xMwl":{"registrationId":991253746,"currentRatchet":{"ephemeralKeyPair":{"pubKey":"Bcr/yPBF+Yxp8Tw4YzG6agQVHfttteMc4yqCQDuLswte","privKey":"mEneJDfTVLXAEILG7JaNdzceJlGnUnlFPrrpFGT2Y2I="},"lastRemoteEphemeralKey":"Bf5KpxAjknvEKi9vyakkBLEo+B0uAP+YZzmafgBwyhI5","previousCounter":0,"rootKey":"AMshanwvdQDxl7WQ10tN3taNUPK7Swac0TkikjdyPrA="},"indexInfo":{"baseKey":"BeLughRUFK8hVx70TCKDpdO9UP+Fmtd+riXARqz6xMwl","baseKeyType":1,"closed":-1,"used":1735085001119,"created":1735085001119,"remoteIdentityKey":"BfMFHhilGJnpienYSwlu2+EsLPa98IfYVec5XIpAXqMG"},"_chains":{"Bcr/yPBF+Yxp8Tw4YzG6agQVHfttteMc4yqCQDuLswte":{"chainKey":{"counter":0,"key":"ZdMZw72JcRopO9SSTgW1e92zMJMFanyfcH8ctZ4+QP8="},"chainType":1,"messageKeys":{}}},"pendingPreKey":{"signedKeyId":0,"baseKey":"BeLughRUFK8hVx70TCKDpdO9UP+Fmtd+riXARqz6xMwl","preKeyId":10449449}}},"version":"v1"}