{"_sessions":{"BXOMHAAdFZaBxE7fXZL3VjfWEoGZuhF3ZB9NfMnPnQIT":{"registrationId":4775,"currentRatchet":{"ephemeralKeyPair":{"pubKey":"BdHV5YswY6Ruk6sbnlCJVx/uoMAVaNkOjA7i/xKpy3lj","privKey":"KIYtiqQRot/IjjgxzCEAkvh9AZr6umRGD5VlYn5zzWY="},"lastRemoteEphemeralKey":"BfbImJsKERliSe7t63U2lIHNjPrBjoGB5DktT20tJxhF","previousCounter":0,"rootKey":"WCTkcIs7bC7h18oahsYzw+Sz2qDSeciqpkdxKmRPt+s="},"indexInfo":{"baseKey":"BXOMHAAdFZaBxE7fXZL3VjfWEoGZuhF3ZB9NfMnPnQIT","baseKeyType":1,"closed":-1,"used":1735233843631,"created":1735233843631,"remoteIdentityKey":"BQ8+5avEgycXDcDTfzTqTsOsv2i/qPCJH3SJgxd8VAwZ"},"_chains":{"BdHV5YswY6Ruk6sbnlCJVx/uoMAVaNkOjA7i/xKpy3lj":{"chainKey":{"counter":0,"key":"MAaKmonPgWa0/Q9GKOJ0Lr8q6E9H0xLOzyDmc4943P0="},"chainType":1,"messageKeys":{}}},"pendingPreKey":{"signedKeyId":1,"baseKey":"BXOMHAAdFZaBxE7fXZL3VjfWEoGZuhF3ZB9NfMnPnQIT","preKeyId":996}}},"version":"v1"}