{"_sessions":{"BYM2CxsS6WkECcqd4oh0gnlvGUx6NX6YlcDJ8UGLtLMS":{"registrationId":1011374950,"currentRatchet":{"ephemeralKeyPair":{"pubKey":"Bd5K/HOxurA+ZQrIkvscte+64msUDyG5OjrxG6+GT9pB","privKey":"KGk9gpmNg2Am25HIJvLzu0viRZTczKZIuxPnC1q/xkU="},"lastRemoteEphemeralKey":"Bbl+dfswmvvhz+8PvmhmOJ6om4DfO1Nioqouc8eThEgF","previousCounter":0,"rootKey":"kDCyicT6wZfUWfdWMml55KXFbPF/3KX/U1ZXm+xZj+U="},"indexInfo":{"baseKey":"BYM2CxsS6WkECcqd4oh0gnlvGUx6NX6YlcDJ8UGLtLMS","baseKeyType":1,"closed":-1,"used":1738092249933,"created":1735085028314,"remoteIdentityKey":"BeVOsF8NN64zNq65A/yRiwkWsAOmxXLG2suFoGWtQ/8B"},"_chains":{"Bbl+dfswmvvhz+8PvmhmOJ6om4DfO1Nioqouc8eThEgF":{"chainKey":{"counter":0,"key":"tg3ZoIJpRn1m8YoJczGrpOtD9lcY12o7XDAHlzTQ1rc="},"chainType":2,"messageKeys":{}},"Bd5K/HOxurA+ZQrIkvscte+64msUDyG5OjrxG6+GT9pB":{"chainKey":{"counter":-1,"key":"F4sruS3o0OWBGimcwz79IDzqWdi9EI0augpUFM6qU5c="},"chainType":1,"messageKeys":{}}}}},"version":"v1"}