{"_sessions":{"BY/CQxnjKlTp8YgqVTs8nTSMCoYG/zdLmkWof1rUGqcW":{"registrationId":2026169230,"currentRatchet":{"ephemeralKeyPair":{"pubKey":"BUeuxtigukadLk6q5wX8YH7Fxu7dQEji0sQxVd5ygDEM","privKey":"kC2I5Isj1z05ldLUpVqhhHg4U+pXmYUB26ZoX9LollU="},"lastRemoteEphemeralKey":"Bd+1/PhGVTGfHd0Ao3/mizEri/xZvDRpfY67R7HKGY4P","previousCounter":0,"rootKey":"7/BSlXR6yT1BBtPVifDbRKixCchwJ4L9Nwccaav0xuU="},"indexInfo":{"baseKey":"BY/CQxnjKlTp8YgqVTs8nTSMCoYG/zdLmkWof1rUGqcW","baseKeyType":1,"closed":-1,"used":1735084991167,"created":1735084991167,"remoteIdentityKey":"BQZP2k/x1k5+HbnDUZs+9d8r6Jq4kFbqylwKv41EfVxj"},"_chains":{"BUeuxtigukadLk6q5wX8YH7Fxu7dQEji0sQxVd5ygDEM":{"chainKey":{"counter":0,"key":"rX4iHYSMQoWg/KvBVI95/QXdUm5dJT8sZoGGh2PcGHU="},"chainType":1,"messageKeys":{}}},"pendingPreKey":{"signedKeyId":1,"baseKey":"BY/CQxnjKlTp8YgqVTs8nTSMCoYG/zdLmkWof1rUGqcW","preKeyId":79}}},"version":"v1"}