{"_sessions":{"BdUVievfCUzq4wYKb1Oetjw0YkNmmQB54Lct5Lk6gwZ+":{"registrationId":1248736842,"currentRatchet":{"ephemeralKeyPair":{"pubKey":"BaiDMhfHbb/zzq9CneBqw3qvyIO+iVmVCswE+3bTsswH","privKey":"OM3dlEk8Z6A5F3d0fpcAQt1uoypCcc165Em43bdz2mk="},"lastRemoteEphemeralKey":"BTxmILR7X8jV0Gti3Pt29m7rWsRE6bE4K1CUX5VI/vkU","previousCounter":0,"rootKey":"j9RVYCj0PdnsmdxTk3IOqxEnyB0OBpCTj0EKVxk8EN8="},"indexInfo":{"baseKey":"BdUVievfCUzq4wYKb1Oetjw0YkNmmQB54Lct5Lk6gwZ+","baseKeyType":1,"closed":-1,"used":1735085028074,"created":1735085028074,"remoteIdentityKey":"BZrD8U3tBe8wc9S0uzHXrg4TH1tkH1fYrgUPqzMvRiFC"},"_chains":{"BaiDMhfHbb/zzq9CneBqw3qvyIO+iVmVCswE+3bTsswH":{"chainKey":{"counter":0,"key":"db+823+aKzsDgQbpBfOcrzgcgVwUmih6djo775A15e8="},"chainType":1,"messageKeys":{}}},"pendingPreKey":{"signedKeyId":10,"baseKey":"BdUVievfCUzq4wYKb1Oetjw0YkNmmQB54Lct5Lk6gwZ+","preKeyId":5603468}}},"version":"v1"}