{"_sessions":{"BRMOy7KkcBsznWAlMYbCI84GrNLQutle3s9pCaCcB9h+":{"registrationId":583136160,"currentRatchet":{"ephemeralKeyPair":{"pubKey":"BQp725BArqwKJGRA+lCns5ixuShZXGYU6IVSJ7QMGDpB","privKey":"OAa21zwdqN8qrSRM02lwIp3s+KhPcFa9TE0fp2Xzt1g="},"lastRemoteEphemeralKey":"BYVfg0/Sn+5klvNU6ZpeWvUTfDIrd/f1IN0okG6Y7OAC","previousCounter":0,"rootKey":"tA1WwZ4oLYYWsMAdiNYyNjFwxnVk9ByYJA2H000+wVw="},"indexInfo":{"baseKey":"BRMOy7KkcBsznWAlMYbCI84GrNLQutle3s9pCaCcB9h+","baseKeyType":1,"closed":-1,"used":1735085009663,"created":1735085009663,"remoteIdentityKey":"BbZCciHj+0gpBuj/3SxA2qGF3XBz3N1FPn1986EEnjlt"},"_chains":{"BQp725BArqwKJGRA+lCns5ixuShZXGYU6IVSJ7QMGDpB":{"chainKey":{"counter":0,"key":"SU9Q2y9Ax+2E66KOJTlca9DfzDa/HWF7P1i57sC8cpQ="},"chainType":1,"messageKeys":{}}},"pendingPreKey":{"signedKeyId":0,"baseKey":"BRMOy7KkcBsznWAlMYbCI84GrNLQutle3s9pCaCcB9h+","preKeyId":13373784}}},"version":"v1"}