{"_sessions":{"BU4YYLHyt+VphFrs6Py5J/GBSfpdhHDtklHSqXFg00YG":{"registrationId":1780991996,"currentRatchet":{"ephemeralKeyPair":{"pubKey":"BXE756Iu4fSITL8QBoQUP01mGSh6T1SVjNyZ57ZC6sBu","privKey":"cI2UK5+dyNbg9HCJuB48g8SbGdeNUMR8gamHxy0KMWc="},"lastRemoteEphemeralKey":"BVnrqHbbJgY/FIwJIL32u1yu8UOfXWXZu1kF3kjW3+4Z","previousCounter":0,"rootKey":"YH+fWRJmp11Y8DETF6DqXzU0DPaSXiwCSQlIVExuMac="},"indexInfo":{"baseKey":"BU4YYLHyt+VphFrs6Py5J/GBSfpdhHDtklHSqXFg00YG","baseKeyType":1,"closed":-1,"used":1735085004143,"created":1735085004143,"remoteIdentityKey":"BefEtoY4rjXzv/0Krh5cn7Q/uzgEuvHF0Dgf8UxVVN05"},"_chains":{"BXE756Iu4fSITL8QBoQUP01mGSh6T1SVjNyZ57ZC6sBu":{"chainKey":{"counter":0,"key":"Za2KuAYVYQPGrzpC7UvrAkMQkM/kUhlCT62wndpioHQ="},"chainType":1,"messageKeys":{}}},"pendingPreKey":{"signedKeyId":6,"baseKey":"BU4YYLHyt+VphFrs6Py5J/GBSfpdhHDtklHSqXFg00YG","preKeyId":3473979}}},"version":"v1"}