{"_sessions":{"BSzlKGNBzBqph2BWN/OGIPFovIGRPnTNM7j7VV3dVQxJ":{"registrationId":1976393138,"currentRatchet":{"ephemeralKeyPair":{"pubKey":"BV/k/xbqjgvR2dVtkLylLu2Nps3ey5VgVZ34US84b0Qb","privKey":"qDi3VAcB+2Jz7XnGdngm2pBhioVn91gQoy4P4vNfXUk="},"lastRemoteEphemeralKey":"BYc5D+JiyFr4AA0fXWby7uMS4Yb3PmDHckfncSdBW18e","previousCounter":0,"rootKey":"mCMC+PU6aJmKdGbdG68krZjXUNWmNc2FNcB4Gqv1xHU="},"indexInfo":{"baseKey":"BSzlKGNBzBqph2BWN/OGIPFovIGRPnTNM7j7VV3dVQxJ","baseKeyType":1,"closed":-1,"used":1735085027826,"created":1735085027826,"remoteIdentityKey":"BftQpmSzrxRGoVeU3ik5UN/dQM0OeC7FMhsVdOm8vWoY"},"_chains":{"BV/k/xbqjgvR2dVtkLylLu2Nps3ey5VgVZ34US84b0Qb":{"chainKey":{"counter":0,"key":"pOL/XxU2iEr47Ag53zmMLTCAGDRZ48AZZWsOg0S3VFw="},"chainType":1,"messageKeys":{}}},"pendingPreKey":{"signedKeyId":0,"baseKey":"BSzlKGNBzBqph2BWN/OGIPFovIGRPnTNM7j7VV3dVQxJ"}}},"version":"v1"}