{"_sessions":{"BSh1jnxV/u8RoSCtazNqJKNQPGzVNAMwdM683bzwerNY":{"registrationId":2119623521,"currentRatchet":{"ephemeralKeyPair":{"pubKey":"BSF5uHEiYujVFXCBTa8Q+AHkFvPZnVeq4i7uKfCsnYdP","privKey":"CIy6UGU8XH9Rt9/wZ2FsKshvwOCahbkjcGevq3DaZXs="},"lastRemoteEphemeralKey":"BfSeOXBTb09RtEjTwu1//Wi8zc5bP8rupVmbaKzIT84V","previousCounter":0,"rootKey":"NoRPGMU+0enECKMGD2b5BCa/dERMV/We92I5M623yow="},"indexInfo":{"baseKey":"BSh1jnxV/u8RoSCtazNqJKNQPGzVNAMwdM683bzwerNY","baseKeyType":1,"closed":-1,"used":1735085016199,"created":1735085016199,"remoteIdentityKey":"BSxnd1bh0ubvMpkJ+nc92zqYXlvdyA8I95SSZGG2oQAW"},"_chains":{"BSF5uHEiYujVFXCBTa8Q+AHkFvPZnVeq4i7uKfCsnYdP":{"chainKey":{"counter":0,"key":"TVXnPRJ9GhuekVfFz9LLYa55meBhoO6GjruBIKcUTu4="},"chainType":1,"messageKeys":{}}},"pendingPreKey":{"signedKeyId":9,"baseKey":"BSh1jnxV/u8RoSCtazNqJKNQPGzVNAMwdM683bzwerNY","preKeyId":9087225}}},"version":"v1"}