{"_sessions":{"BfK4vPGHw7lzG0kKLfrqcj00HwzRzRypus9BivIcImVQ":{"registrationId":486623299,"currentRatchet":{"ephemeralKeyPair":{"pubKey":"BXbdyvDFUDISU4rDF/9vywYAYEytKgUEO3lKLmjVCokZ","privKey":"cPGlCnxmiYwdSxgqHG4jB/hOwYWyrHANgmSR+EbLHEQ="},"lastRemoteEphemeralKey":"BWLTtSkY09XdovQb/mHjVFVbLYLmemwAxWCekjOtpm9P","previousCounter":0,"rootKey":"F2zMw2b2iWh/09avJ99M1IMwjFsI4KaV5+B8jqG5FP4="},"indexInfo":{"baseKey":"BfK4vPGHw7lzG0kKLfrqcj00HwzRzRypus9BivIcImVQ","baseKeyType":1,"closed":-1,"used":1735085028405,"created":1735085028405,"remoteIdentityKey":"BQ27M4gfSWtPOjN04kbp2IBSLqUm/8mA/tE7P7+6sN4x"},"_chains":{"BXbdyvDFUDISU4rDF/9vywYAYEytKgUEO3lKLmjVCokZ":{"chainKey":{"counter":0,"key":"+VR7v4yMHuqWJ2KEY379TVjM8JtFQn0wUjjg5zKrhLs="},"chainType":1,"messageKeys":{}}},"pendingPreKey":{"signedKeyId":9,"baseKey":"BfK4vPGHw7lzG0kKLfrqcj00HwzRzRypus9BivIcImVQ","preKeyId":11275511}}},"version":"v1"}