{"_sessions":{"BfPwhoay5w9akyrgEnhaxCMWAbwndnLW5UOB3H+InJ54":{"registrationId":3750,"currentRatchet":{"ephemeralKeyPair":{"pubKey":"Bc4oqw7jrEwJl4M7Pa8uztIDHmEykqym8+zCyhAX7LZH","privKey":"aA9YC3Rk/INnpxWoMwMBSRhwTMlNLtU90cHdPyX0Ml0="},"lastRemoteEphemeralKey":"BRfox53MeUc6zMrw/zfBFn93VSZps4uwVXBl0cezdw5R","previousCounter":0,"rootKey":"JSOQj/n5qQ8mHXwd1V5Gk6VZtsGdgaENw9kLIwfekHc="},"indexInfo":{"baseKey":"BfPwhoay5w9akyrgEnhaxCMWAbwndnLW5UOB3H+InJ54","baseKeyType":1,"closed":-1,"used":1738328409233,"created":1735084997906,"remoteIdentityKey":"BRJssdQM3gA9tKuC37Sm4Z3daeyxldNNmGC/bB+gFmUr"},"_chains":{"BRfox53MeUc6zMrw/zfBFn93VSZps4uwVXBl0cezdw5R":{"chainKey":{"counter":1,"key":"1z4yYdmM3MJI/qz8HFFcYMrDHEacPVNQlWbyjvjme0Y="},"chainType":2,"messageKeys":{}},"Bc4oqw7jrEwJl4M7Pa8uztIDHmEykqym8+zCyhAX7LZH":{"chainKey":{"counter":-1,"key":"k1jOBLwPsqcxXbGx0iUNpOyhDGgqAH59mPtLBpCdVow="},"chainType":1,"messageKeys":{}}}}},"version":"v1"}