{"_sessions":{"BY1HIJ5oN31w/krFqUH+spDIugWDhXGrQSLgv3YrrAot":{"registrationId":1969196503,"currentRatchet":{"ephemeralKeyPair":{"pubKey":"BS/3MZfiD5kbLIk5YQebiQWKNSFVMDpnbQHdr8EkFRMj","privKey":"uMW7vvFDpwY5o6lqoEINYSb5Bh11Ob+/wup2yjlVKmQ="},"lastRemoteEphemeralKey":"BeXN2H9KbP+gI9pzGA6OpfEJJbdimxKXBdo3iDNZyJp8","previousCounter":0,"rootKey":"CKtuAESwDoZLhsAw1LqfLt+1pG+qrXlmxyFFQDE7E90="},"indexInfo":{"baseKey":"BY1HIJ5oN31w/krFqUH+spDIugWDhXGrQSLgv3YrrAot","baseKeyType":1,"closed":-1,"used":1735085010148,"created":1735085010148,"remoteIdentityKey":"BbqbZCukF1MJRePayMb3f5EGLI+Jkf4tu3UWOeSyI187"},"_chains":{"BS/3MZfiD5kbLIk5YQebiQWKNSFVMDpnbQHdr8EkFRMj":{"chainKey":{"counter":0,"key":"A8XmGT0Rtxi8mxuOcTuloXyIp96JwOtDeMawtSylE2A="},"chainType":1,"messageKeys":{}}},"pendingPreKey":{"signedKeyId":9,"baseKey":"BY1HIJ5oN31w/krFqUH+spDIugWDhXGrQSLgv3YrrAot"}}},"version":"v1"}