{"_sessions":{"BXvK8beLM6xKlh8THuYPvAkz+i32SNaFkezHkBMAINcg":{"registrationId":5424,"currentRatchet":{"ephemeralKeyPair":{"pubKey":"BQ/vqji59Yqu9Dnc0GsoHM9kBYsF6wzAb18JKq8e3Rka","privKey":"0HQPxhNthtt5t9BzVgoJLY8mzA0d0NvZmD/8r6k+klY="},"lastRemoteEphemeralKey":"BVCTwO3R+vapeW+xmZt/8ReGVLTzH2ROzBxcrz/FhKZn","previousCounter":0,"rootKey":"AnYtqCTIJxx9o+vHOic0KGjQXqPGzYSvxrs8F7CneUk="},"indexInfo":{"baseKey":"BXvK8beLM6xKlh8THuYPvAkz+i32SNaFkezHkBMAINcg","baseKeyType":1,"closed":-1,"used":1735084998071,"created":1735084998071,"remoteIdentityKey":"BStx55wih8/6yzq1rO8WD9wohFHfFOumJcHyo2zwop8z"},"_chains":{"BQ/vqji59Yqu9Dnc0GsoHM9kBYsF6wzAb18JKq8e3Rka":{"chainKey":{"counter":0,"key":"D9DF9gpx6pbL6ff1IHfPmBCzHfZmg8KH5ZABZuu/pLY="},"chainType":1,"messageKeys":{}}},"pendingPreKey":{"signedKeyId":1,"baseKey":"BXvK8beLM6xKlh8THuYPvAkz+i32SNaFkezHkBMAINcg"}}},"version":"v1"}