{"_sessions":{"BS//Wt8ggmRz8HAt+bcWX0jm2+57YfTrR/z0ZTkcqUxD":{"registrationId":628831408,"currentRatchet":{"ephemeralKeyPair":{"pubKey":"BcDFvDIgUmXVXLgvK/6YoIUhvJNBpaUPviXjVUxvcwBq","privKey":"IKeMBEGDLMOC+3W2kO4I3WVtirNUBm/s/J9Paj9qbF8="},"lastRemoteEphemeralKey":"BaxpRZzivEvHTQ0e5sx26ztA7dOEF/VcACcT9C7ZsEoA","previousCounter":0,"rootKey":"VJFqhr9Dxx6OVzy9R6hpmkWO0lSLy/VbdhsUDCmVt0g="},"indexInfo":{"baseKey":"BS//Wt8ggmRz8HAt+bcWX0jm2+57YfTrR/z0ZTkcqUxD","baseKeyType":1,"closed":-1,"used":1735085025244,"created":1735085025244,"remoteIdentityKey":"BSdnGAGOO1zfrwH9w7eLKAIrHhuDAs1pjsAAbuKfp+Yl"},"_chains":{"BcDFvDIgUmXVXLgvK/6YoIUhvJNBpaUPviXjVUxvcwBq":{"chainKey":{"counter":0,"key":"oHc2A3bN/AF7XnKaPGgUBXE/5NBuIrVP/pi6w5oq1eo="},"chainType":1,"messageKeys":{}}},"pendingPreKey":{"signedKeyId":20,"baseKey":"BS//Wt8ggmRz8HAt+bcWX0jm2+57YfTrR/z0ZTkcqUxD","preKeyId":9106839}}},"version":"v1"}