{"_sessions":{"Bfue6+1JZpFSTbP+tHZPoUTi2cKgj9Hl2aVkuFwhSNBf":{"registrationId":1935376642,"currentRatchet":{"ephemeralKeyPair":{"pubKey":"BQEJYCYklOjywd29Vtqd6d2UBzblZkfClAXyswNsxAMK","privKey":"OLGPnOwf8klWyVl2wHe+1bqEZc54C+OQBFwJaCZrKmk="},"lastRemoteEphemeralKey":"BbJf45mCdmjie3P3u+/+UYVeztIlK1LUuhWpyNRw7Flm","previousCounter":0,"rootKey":"ugCnALwZW8hgKzp/mqqUILgK7UqqPuGwYbF9UgY76gg="},"indexInfo":{"baseKey":"Bfue6+1JZpFSTbP+tHZPoUTi2cKgj9Hl2aVkuFwhSNBf","baseKeyType":1,"closed":-1,"used":1738961216204,"created":1735085024824,"remoteIdentityKey":"BcsG8o8fqKaFUaSOybAa344zii9nVC/Egyf7S1Jp/PI9"},"_chains":{"BbJf45mCdmjie3P3u+/+UYVeztIlK1LUuhWpyNRw7Flm":{"chainKey":{"counter":5,"key":"HW+8f/3UgvbU23tguURnAPbgUSl2UPbjQyv4Gnm4iZk="},"chainType":2,"messageKeys":{}},"BQEJYCYklOjywd29Vtqd6d2UBzblZkfClAXyswNsxAMK":{"chainKey":{"counter":-1,"key":"vQd77abNu4pf4nVw25pQTCWbygY1f1uwXIFW8j8oZhQ="},"chainType":1,"messageKeys":{}}}}},"version":"v1"}