{"_sessions":{"BeSklCZrNjJ/W6/9GRNWqrMR2Y/efR7F6qBCnLx0XJd3":{"registrationId":1763210992,"currentRatchet":{"ephemeralKeyPair":{"pubKey":"BXcKVcl4YKbuLa5yGLMkPlTMirJBGUkPzbCyOBUeoAQ/","privKey":"4AqbbAjZudipMdyB9WLadn/FHw/Zu8NPvTtDqsz2hnQ="},"lastRemoteEphemeralKey":"Bedyp1XGQsi0xEWd3INS3tUrrmkYw3V0aBAG1duRClRP","previousCounter":0,"rootKey":"xA3Lu4wWix5eamftUUKa3QecL/0QBl1LG4J9D1vxOA0="},"indexInfo":{"baseKey":"BeSklCZrNjJ/W6/9GRNWqrMR2Y/efR7F6qBCnLx0XJd3","baseKeyType":1,"closed":-1,"used":1735085018982,"created":1735085018982,"remoteIdentityKey":"BVKvhQWF38gJdf6uii40BYIr1a9WkDK1NInHKAob/B5i"},"_chains":{"BXcKVcl4YKbuLa5yGLMkPlTMirJBGUkPzbCyOBUeoAQ/":{"chainKey":{"counter":0,"key":"Levw7Vuz0e/Ti+Ju18ez76vaV60DT0b17ZnAYB3QKF0="},"chainType":1,"messageKeys":{}}},"pendingPreKey":{"signedKeyId":24,"baseKey":"BeSklCZrNjJ/W6/9GRNWqrMR2Y/efR7F6qBCnLx0XJd3","preKeyId":12555957}}},"version":"v1"}