{"_sessions":{"BTqGYqfI4PiRJfSmXxIZPJHmoV+TAhnsLw/LU9Wz17RG":{"registrationId":3505,"currentRatchet":{"ephemeralKeyPair":{"pubKey":"BQM7QGUNWpy25lQGe+OivAMsgG/ZxdnnhFjF9fXVLc8x","privKey":"GHeS4c3a+xzIDx4W6GTOOaXLXPu3ZDjz9IA85N1K82I="},"lastRemoteEphemeralKey":"BePtT/5j399rMSgHhPNmx1L4x7YohGooaQDNUTyfZAgm","previousCounter":0,"rootKey":"JJ4gJVzHKMvnBnWqKO9I6gKrIODazvn5lICoXsRz/18="},"indexInfo":{"baseKey":"BTqGYqfI4PiRJfSmXxIZPJHmoV+TAhnsLw/LU9Wz17RG","baseKeyType":1,"closed":-1,"used":1735084988372,"created":1735084988372,"remoteIdentityKey":"BfA+azD07dyiDvAyHHchlbme/l6hWwXL/TGfxsEVKDcl"},"_chains":{"BQM7QGUNWpy25lQGe+OivAMsgG/ZxdnnhFjF9fXVLc8x":{"chainKey":{"counter":0,"key":"2wwhTxAJ5ASv7wpyZpWqiBhIpaQbH2wqbO+JpN3CXoM="},"chainType":1,"messageKeys":{}}},"pendingPreKey":{"signedKeyId":2,"baseKey":"BTqGYqfI4PiRJfSmXxIZPJHmoV+TAhnsLw/LU9Wz17RG"}}},"version":"v1"}