{"_sessions":{"BaSG6j1BsMCjR8syOOkUg+tTYFnIAMqI9sjgosbP6BkL":{"registrationId":3013,"currentRatchet":{"ephemeralKeyPair":{"pubKey":"BShnaKLUm1bFH1deo3jCrxnZGNiIHUerKVil8Rd0CUpm","privKey":"+LkghcnRwAxzQePBCg3ZlvkPvWtO7LWIqcMQYzVkWGY="},"lastRemoteEphemeralKey":"BfPqcBMDaU22vUG58wddynEkzlAQHJ+jUf3SgDuGCWoM","previousCounter":0,"rootKey":"XRfo+Is5NNXpIiIq9VWsKNIpUmabaCtZHi+PrAGOJbo="},"indexInfo":{"baseKey":"BaSG6j1BsMCjR8syOOkUg+tTYFnIAMqI9sjgosbP6BkL","baseKeyType":1,"closed":-1,"used":1738856297251,"created":1738856297251,"remoteIdentityKey":"BdVq3Nz3P5nKd4TFgI/XVMujN51Urch5svUYzjz+/fEm"},"_chains":{"BShnaKLUm1bFH1deo3jCrxnZGNiIHUerKVil8Rd0CUpm":{"chainKey":{"counter":0,"key":"vGefD/2ZjH1B9nxaqLQbZGt2vHOujuul54+lLA8mHE0="},"chainType":1,"messageKeys":{}}},"pendingPreKey":{"signedKeyId":1,"baseKey":"BaSG6j1BsMCjR8syOOkUg+tTYFnIAMqI9sjgosbP6BkL","preKeyId":33}}},"version":"v1"}