{"_sessions":{"BXvpaI3yCo60Vb1KRXSRXXLfAAcJbU4mZBU7dG5YPqkt":{"registrationId":12771,"currentRatchet":{"ephemeralKeyPair":{"pubKey":"BaS9rE6IGCqkCvLLfvg4ZKe9xhFL20NAgV/4fRibPAxg","privKey":"8Lj/T12e/+xiIfKGe0Z4qPQvxq282sUb7WK9cXeUSnY="},"lastRemoteEphemeralKey":"BY9x7dOnw9BZNh/zhf/FlewE05+aRbSxfLRpu02WXKgw","previousCounter":0,"rootKey":"xyrVlITjh9ujiXe47BlsnPBP5zKd698L9B9qW8xRJQ4="},"indexInfo":{"baseKey":"BXvpaI3yCo60Vb1KRXSRXXLfAAcJbU4mZBU7dG5YPqkt","baseKeyType":1,"closed":-1,"used":1735233843685,"created":1735233843685,"remoteIdentityKey":"BW3hktO/C0iDK79L+NhlMwZe9Z0ZVntIfspweaYEPU1x"},"_chains":{"BaS9rE6IGCqkCvLLfvg4ZKe9xhFL20NAgV/4fRibPAxg":{"chainKey":{"counter":0,"key":"PsD5JtAXRjDjQuebit7dwFT4IUdYTFrU1ruaqNHG9VU="},"chainType":1,"messageKeys":{}}},"pendingPreKey":{"signedKeyId":1,"baseKey":"BXvpaI3yCo60Vb1KRXSRXXLfAAcJbU4mZBU7dG5YPqkt","preKeyId":891}}},"version":"v1"}