{"_sessions":{"BaDs2B5uOTvqLsSGBaBqh8wSGoJBj5r5iRKnUNCwJmNo":{"registrationId":812946116,"currentRatchet":{"ephemeralKeyPair":{"pubKey":"BSgwYXbq7W43ELqD9Pulc8LqieDvbMkJsXKaJbnWX3cH","privKey":"YHmwFFABb8EUs5x3o5yq0jJTtzzPet1xRScL62tcl0Y="},"lastRemoteEphemeralKey":"BV5JFY+BcW+v5R9jTPgKxFpxV/U41QjcU3r0pDB22otl","previousCounter":0,"rootKey":"dqKtAs2DtH5MB36x3K9IlbAToBYEoe+g5ejA5oFRacI="},"indexInfo":{"baseKey":"BaDs2B5uOTvqLsSGBaBqh8wSGoJBj5r5iRKnUNCwJmNo","baseKeyType":1,"closed":-1,"used":1735085007059,"created":1735085007059,"remoteIdentityKey":"BX0voNxVhZ30h5XZs91R11UrHLpbIQ15U0lZstFqJHIi"},"_chains":{"BSgwYXbq7W43ELqD9Pulc8LqieDvbMkJsXKaJbnWX3cH":{"chainKey":{"counter":0,"key":"R90IgvwhAR2dKfK7Lpt4rD9LKOebNDzTzdd7/McOoHE="},"chainType":1,"messageKeys":{}}},"pendingPreKey":{"signedKeyId":12,"baseKey":"BaDs2B5uOTvqLsSGBaBqh8wSGoJBj5r5iRKnUNCwJmNo","preKeyId":10960998}}},"version":"v1"}