{"_sessions":{"BX5cgTZ727z1KaHFNG6a2MdmOlYrxFsf86z3NBmh8xVR":{"registrationId":1925975661,"currentRatchet":{"ephemeralKeyPair":{"pubKey":"BcxmPkzHzG9aGSHPXurEQ2qaC0YCbg8pxbHJfY5WRZk6","privKey":"AAh0HbcLthMoHFbQ4NIeAtEEZUA6xSFvCajoaTgI21Y="},"lastRemoteEphemeralKey":"BTJoJaPVonNEbKX++Ua2iYGP0l+dwNx4Py5HFhQ6Y5EN","previousCounter":0,"rootKey":"IIjEvjcRf7p9p/Tmhw0qoaEKhte3Cly4TMhwSz+Gi4I="},"indexInfo":{"baseKey":"BX5cgTZ727z1KaHFNG6a2MdmOlYrxFsf86z3NBmh8xVR","baseKeyType":1,"closed":-1,"used":1735084991869,"created":1735084991869,"remoteIdentityKey":"BXSW/KjZtrkIqEnKA10CxE9irYYflKx03hnNOWtlaEQP"},"_chains":{"BcxmPkzHzG9aGSHPXurEQ2qaC0YCbg8pxbHJfY5WRZk6":{"chainKey":{"counter":0,"key":"JxNdr1FZ9GzXYHObF7uF4E32BQD1kSeLp/iBXOxKN3E="},"chainType":1,"messageKeys":{}}},"pendingPreKey":{"signedKeyId":14,"baseKey":"BX5cgTZ727z1KaHFNG6a2MdmOlYrxFsf86z3NBmh8xVR","preKeyId":4030}}},"version":"v1"}