{"_sessions":{"BfLhrSkc2oW5G+t2AH/sOmg5g5LQ8c7MDaDHE5VzYLpT":{"registrationId":5051,"currentRatchet":{"ephemeralKeyPair":{"pubKey":"BZG21Y4mKK/cicJJiTwd8ck9iH3Jklz16INFEzQVqUEm","privKey":"cAcaDfBTQF4kSegw41aTYS2rkJvSkjdYJcdx//K2A1A="},"lastRemoteEphemeralKey":"BeowrFTc8O3R5GZPML+65PKpctvVU3XRf+lTEKG6CWtI","previousCounter":0,"rootKey":"77DsTtqu/FPM+Hem3Wc6EMuKJ2NC8C094mhqv3xmskE="},"indexInfo":{"baseKey":"BfLhrSkc2oW5G+t2AH/sOmg5g5LQ8c7MDaDHE5VzYLpT","baseKeyType":1,"closed":-1,"used":1735084994768,"created":1735084994768,"remoteIdentityKey":"BfOp0NGKFhHJ9EvPEixu9kgJENO2u/0J/HqXlPa7QtUI"},"_chains":{"BZG21Y4mKK/cicJJiTwd8ck9iH3Jklz16INFEzQVqUEm":{"chainKey":{"counter":0,"key":"kdjXranf31qLMfB+BE3Ifkv4s6NJI/5HklE87Z988lA="},"chainType":1,"messageKeys":{}}},"pendingPreKey":{"signedKeyId":1,"baseKey":"BfLhrSkc2oW5G+t2AH/sOmg5g5LQ8c7MDaDHE5VzYLpT"}}},"version":"v1"}