{"_sessions":{"BY+ist1ZxhzcKRr8xUjM+vsNWmE3JxhA9PlidRlCZLRF":{"registrationId":11202,"currentRatchet":{"ephemeralKeyPair":{"pubKey":"BQS7KTB1BgLVY+yDHbxB5Q8S2aC8W1Xt2ETxlXjy6+Vx","privKey":"mJak/IwV9kTFXf7nI8e7JoDPDVKZ2gYFojdL9bfQKnY="},"lastRemoteEphemeralKey":"Ba8KkrjVO+G3UeoTs6d+r8IhOEyW0yKUjsMbM4tJ5g4x","previousCounter":0,"rootKey":"RReAPQ5+x9gbJUezx5ULShITkCxPSpyNCgxchWjjVZg="},"indexInfo":{"baseKey":"BY+ist1ZxhzcKRr8xUjM+vsNWmE3JxhA9PlidRlCZLRF","baseKeyType":1,"closed":-1,"used":1735084991588,"created":1735084991588,"remoteIdentityKey":"BdaSjyvi73mlAyXZjGU9rp502UsrVxznNE1tnNTHjq5j"},"_chains":{"BQS7KTB1BgLVY+yDHbxB5Q8S2aC8W1Xt2ETxlXjy6+Vx":{"chainKey":{"counter":0,"key":"8UlQ4SHy42Y8U7oHa7wi3gpklR14s4eGrIuCAKj0n6U="},"chainType":1,"messageKeys":{}}},"pendingPreKey":{"signedKeyId":1,"baseKey":"BY+ist1ZxhzcKRr8xUjM+vsNWmE3JxhA9PlidRlCZLRF","preKeyId":6914496}}},"version":"v1"}