{"_sessions":{"BbzXVgu/8KiOmZ0/ooJGd4ivp7kaFcwx1Cm2+W7f5t5P":{"registrationId":14390,"currentRatchet":{"ephemeralKeyPair":{"pubKey":"BQ85zFMdltxIQffdI+q0yg06/9s97si9y+uL2TaBFuJI","privKey":"uFY1CQOo+23e/bwcg7Q7n73HHmmmEab6V+Vs8CIPL1s="},"lastRemoteEphemeralKey":"BSUW7TIlX0RwSo2zGZc3EvLsXj+qtMNENifE0q/4aVRZ","previousCounter":0,"rootKey":"ImWc2z5NNDo3E/iqbZ7PtbwXEuUyV3g2qcBb6SS1zAQ="},"indexInfo":{"baseKey":"BbzXVgu/8KiOmZ0/ooJGd4ivp7kaFcwx1Cm2+W7f5t5P","baseKeyType":1,"closed":-1,"used":1735084988759,"created":1735084988759,"remoteIdentityKey":"Beg6nxM0YEGNxs0j05CEovl9m+obEs7I6ydQhS9Gax9e"},"_chains":{"BQ85zFMdltxIQffdI+q0yg06/9s97si9y+uL2TaBFuJI":{"chainKey":{"counter":0,"key":"T+vJ2/fVUaiQeAi6bI2haOOvj7M28AAXM7ruEdQ8q8w="},"chainType":1,"messageKeys":{}}},"pendingPreKey":{"signedKeyId":1,"baseKey":"BbzXVgu/8KiOmZ0/ooJGd4ivp7kaFcwx1Cm2+W7f5t5P"}}},"version":"v1"}