{"_sessions":{"Bev9N9jXr6s2Cqsb0dh4qpCGVggvmMura3oqvQatVjVv":{"registrationId":2010377343,"currentRatchet":{"ephemeralKeyPair":{"pubKey":"BfR6sV9NggL0eNR3LHyoJ2rT7ohsf88k3oZ8SKz3+TQb","privKey":"8KNFMut7CwQew8JyPn2TStuwMyq2GrUGa+QJMAV5TFU="},"lastRemoteEphemeralKey":"BTwuMRpL+De7KlLwUZXR5nnfUaA6k+msQf2GkJ3RZTcf","previousCounter":0,"rootKey":"pfq4VMMv/KuPI47rEkSK+D0/ZOz3lEHTO+Bxlk+7xRc="},"indexInfo":{"baseKey":"Bev9N9jXr6s2Cqsb0dh4qpCGVggvmMura3oqvQatVjVv","baseKeyType":1,"closed":-1,"used":1735085016078,"created":1735085016078,"remoteIdentityKey":"BbiKZQpJor4rvnbvvawlQRR1KS+Zzm9eWVtbGsysbNFX"},"_chains":{"BfR6sV9NggL0eNR3LHyoJ2rT7ohsf88k3oZ8SKz3+TQb":{"chainKey":{"counter":0,"key":"SNtKmpgAMN49Cpl/HBpMjhhsNoco9APUhZQQsMRhRuk="},"chainType":1,"messageKeys":{}}},"pendingPreKey":{"signedKeyId":13,"baseKey":"Bev9N9jXr6s2Cqsb0dh4qpCGVggvmMura3oqvQatVjVv","preKeyId":4503712}}},"version":"v1"}