{"_sessions":{"BaCchSxMHKHrX1lJr2r4O9C3jSGDZQE60ag901sbk3lx":{"registrationId":1263392258,"currentRatchet":{"ephemeralKeyPair":{"pubKey":"BehHGMjTT0EvXphjFqOERe3lMxf16cN7D3vzpF2KcctI","privKey":"qDZHi9U2uozekv3lcuZtEw+Fw8CvjOwkoT+QsjI7j0g="},"lastRemoteEphemeralKey":"BWb3HV+bz7R5h08CS9AXIqrqHyebsXskh7Vho/qGkKRO","previousCounter":0,"rootKey":"/qsKl/CxB9PzWPV7gkMNM+SkGAqY6anYeJckZu5HPqc="},"indexInfo":{"baseKey":"BaCchSxMHKHrX1lJr2r4O9C3jSGDZQE60ag901sbk3lx","baseKeyType":1,"closed":-1,"used":1737675644130,"created":1735085010114,"remoteIdentityKey":"BQ07C7KChSpjHOto6f3XzjDG16Oo6My7oIQmneMhprQf"},"_chains":{"BWb3HV+bz7R5h08CS9AXIqrqHyebsXskh7Vho/qGkKRO":{"chainKey":{"counter":9,"key":"BwNIGwCOQyj77zgZZ87j08EdWZzN0nw69A2kc5q6aBY="},"chainType":2,"messageKeys":{}},"BehHGMjTT0EvXphjFqOERe3lMxf16cN7D3vzpF2KcctI":{"chainKey":{"counter":-1,"key":"zCl/Oy/5jbtADIMK4merEEL0oBXN/V/HslXBswPWfnY="},"chainType":1,"messageKeys":{}}}}},"version":"v1"}