{"_sessions":{"BQ4BiQxK4jBMPO5CbSQufSqw1enjGvz4DvqoMXdUOSI0":{"registrationId":2052104012,"currentRatchet":{"ephemeralKeyPair":{"pubKey":"BW80SXcisDZKk7SsF669cgcMTsySpAKplnzW9cdZ+B1N","privKey":"wGVbh2fW7C45eRlB1m6pAFhHddNzZzm3MnzCMfvXt1Q="},"lastRemoteEphemeralKey":"BdZihbPTlc/2BQLk0GkRsx7R09ZyV7kmYvZLlFU3Rvs8","previousCounter":0,"rootKey":"fEGvEafS/jq3OByegZHCTl6UrN5qiz5WhJKJZAXuZHs="},"indexInfo":{"baseKey":"BQ4BiQxK4jBMPO5CbSQufSqw1enjGvz4DvqoMXdUOSI0","baseKeyType":1,"closed":-1,"used":1735085006535,"created":1735085006535,"remoteIdentityKey":"BQL6HWJ05FLKF8niYa64ul+XtLuv5unA5AjvF5Wx5spW"},"_chains":{"BW80SXcisDZKk7SsF669cgcMTsySpAKplnzW9cdZ+B1N":{"chainKey":{"counter":0,"key":"lyBa1eijSHXVeLXedLZvQsj/jNP+Q79HiL0QOf5rYCQ="},"chainType":1,"messageKeys":{}}},"pendingPreKey":{"signedKeyId":7,"baseKey":"BQ4BiQxK4jBMPO5CbSQufSqw1enjGvz4DvqoMXdUOSI0","preKeyId":4891428}}},"version":"v1"}