{"_sessions":{"BaKRv6WkKt0dsv+Md6MMf+dyb5NjGYESrzfAMBp+XP8+":{"registrationId":1743087688,"currentRatchet":{"ephemeralKeyPair":{"pubKey":"BRz08ej+F+6SC41/IGKSEwhrARa3aqndJFWy2Nig/GBq","privKey":"kK3IcL/DMB9PtiKU75ZuaxJhXa1opdOrJ4NPnapbbF8="},"lastRemoteEphemeralKey":"BbpGYXFEkCzHTnmgAhNsXE0MSJDqKRMynp4Qvfw8v4sb","previousCounter":0,"rootKey":"BgReulIp7VEcUzMBG8Um7WoO4S6+uIjUMdPvE++iVW4="},"indexInfo":{"baseKey":"BaKRv6WkKt0dsv+Md6MMf+dyb5NjGYESrzfAMBp+XP8+","baseKeyType":1,"closed":-1,"used":1735085012978,"created":1735085012978,"remoteIdentityKey":"BSkh+KKyRy2MIoMAvuNrfEImpUCEiLbT3DrUYihHc1gD"},"_chains":{"BRz08ej+F+6SC41/IGKSEwhrARa3aqndJFWy2Nig/GBq":{"chainKey":{"counter":0,"key":"oDevp7XuHMYJgSbFdF0rIx0iX/FbF0WsfMaV/29COlE="},"chainType":1,"messageKeys":{}}},"pendingPreKey":{"signedKeyId":5,"baseKey":"BaKRv6WkKt0dsv+Md6MMf+dyb5NjGYESrzfAMBp+XP8+","preKeyId":4566995}}},"version":"v1"}