{"_sessions":{"BTxcSg7dOqb7TDdQTE+IFxpoJirxOrR/pGEy7q1onfZj":{"registrationId":1236720355,"currentRatchet":{"ephemeralKeyPair":{"pubKey":"BQTwXXlRALgEcH1V/2fiWTpJShbSBOWmNUihp65wql0K","privKey":"8Ixk7V0y/lMMVxNj9PRYHI3EEqZLs0HIG/hmybg0M14="},"lastRemoteEphemeralKey":"BYWopnYTEM1jrdVa08F5efOJCnej65FRAzu2pwnR7+8o","previousCounter":0,"rootKey":"3FdCSF6g6xALF9n5YxgCmX/MWM4OgYmu5jsQI0wWtUs="},"indexInfo":{"baseKey":"BTxcSg7dOqb7TDdQTE+IFxpoJirxOrR/pGEy7q1onfZj","baseKeyType":1,"closed":-1,"used":1736642524884,"created":1735085013041,"remoteIdentityKey":"BX2L9EZlm4VJzGgk2H8SzEfZ/DkoO2kOt8Jb1B/8D1sq"},"_chains":{"BYWopnYTEM1jrdVa08F5efOJCnej65FRAzu2pwnR7+8o":{"chainKey":{"counter":1,"key":"ZyO+Enu0oNagjTQqzn0bkU/Au3ms8FldbdbeT1AXFXg="},"chainType":2,"messageKeys":{}},"BQTwXXlRALgEcH1V/2fiWTpJShbSBOWmNUihp65wql0K":{"chainKey":{"counter":-1,"key":"Djxlh6CjkkbeN11pvDEeFhOGVq/9MC+7b5jzfap2jZ0="},"chainType":1,"messageKeys":{}}}}},"version":"v1"}