{"_sessions":{"BeFLv8376K3gRfMUKDF2IYSZTjN+KK8NXDV/GDcwn/Yr":{"registrationId":1613635610,"currentRatchet":{"ephemeralKeyPair":{"pubKey":"BUsYW2Z74qT5cD7RSic78REMsCcf5IzyiKqepX5aC+dA","privKey":"8IeBwZaUMlcIY2zujOYeojyYfltjprPW4xDuFlpCD1g="},"lastRemoteEphemeralKey":"BcLR6ESbWhxFKuR992ilpFefjwXvE7Hom530Q+vuxH9T","previousCounter":0,"rootKey":"kczJWGz+QFw+0gadQ4HFQnYKyM1M84686uVJx0OUVao="},"indexInfo":{"baseKey":"BeFLv8376K3gRfMUKDF2IYSZTjN+KK8NXDV/GDcwn/Yr","baseKeyType":1,"closed":-1,"used":1735085006714,"created":1735085006714,"remoteIdentityKey":"Baehhe3UbwZuxTEse+pIYAd7vrxK6GGT3cfiFkOPVt80"},"_chains":{"BUsYW2Z74qT5cD7RSic78REMsCcf5IzyiKqepX5aC+dA":{"chainKey":{"counter":0,"key":"0/1L2R29MAb6fFP5FpSwBStdZg4aLZJvpTmTKM2fifI="},"chainType":1,"messageKeys":{}}},"pendingPreKey":{"signedKeyId":1,"baseKey":"BeFLv8376K3gRfMUKDF2IYSZTjN+KK8NXDV/GDcwn/Yr","preKeyId":10763927}}},"version":"v1"}