{"_sessions":{"BeuqbDLtYuLE1Y8COKb+TqSGoVsb/utsjIYqHV6dOip6":{"registrationId":1064995812,"currentRatchet":{"ephemeralKeyPair":{"pubKey":"BQ2banYIh1toakVOG5suLAlYaA1+VYugycL0s1CTWWZY","privKey":"AIhU5KLN33A12FdpncHzxXRfV1bfoa5FsT10lw+w11I="},"lastRemoteEphemeralKey":"BcnhTzn3yIplfHAbcE+KoAsE/x/H+sg9URawvLnB/iZ4","previousCounter":0,"rootKey":"02Isd9FZ7dD61oCcjdBCb6V5D5LQG+FMryaF9QEIygE="},"indexInfo":{"baseKey":"BeuqbDLtYuLE1Y8COKb+TqSGoVsb/utsjIYqHV6dOip6","baseKeyType":1,"closed":-1,"used":1735085022314,"created":1735085022314,"remoteIdentityKey":"BVm5x8j8/TnUc/1mtOW04Z1JJD78OP5Xgw2sPdGMWIMq"},"_chains":{"BQ2banYIh1toakVOG5suLAlYaA1+VYugycL0s1CTWWZY":{"chainKey":{"counter":0,"key":"tpUvAt6SOClpysYRkfthugp/xlrUJYCU1N7f+rzHgJU="},"chainType":1,"messageKeys":{}}},"pendingPreKey":{"signedKeyId":13,"baseKey":"BeuqbDLtYuLE1Y8COKb+TqSGoVsb/utsjIYqHV6dOip6","preKeyId":4564307}}},"version":"v1"}