{"_sessions":{"BZQ23XhCXHVmwPJIYOIPhweTx+TwoO7idcQsxLWKC/gA":{"registrationId":5166,"currentRatchet":{"ephemeralKeyPair":{"pubKey":"BSdb9XGtODWAk/RvkYT8c9IARTnAeMdJKWpeCIOoNNYC","privKey":"GBPKhMr3g3TlqhULbIkcdvqshYL683f6F/1/HHhR1Hc="},"lastRemoteEphemeralKey":"BeT9gl4lWxDZ3ZMlaqr41YNiO9sMt9XcSA0PdSDvqrhp","previousCounter":0,"rootKey":"8Kv1yz/Crps6z5j0bp17GFGPA44faXk74R18patZPyc="},"indexInfo":{"baseKey":"BZQ23XhCXHVmwPJIYOIPhweTx+TwoO7idcQsxLWKC/gA","baseKeyType":1,"closed":-1,"used":1735523540046,"created":1735523540046,"remoteIdentityKey":"BdF+TeqhbxGBrHvXlSs5IkUPWfTI/rHZx8q47HwzSvkw"},"_chains":{"BSdb9XGtODWAk/RvkYT8c9IARTnAeMdJKWpeCIOoNNYC":{"chainKey":{"counter":0,"key":"NyzSIVzbfGjB0lxhpKD75tqmIDbbeggp+4Z2F+Uj4Gg="},"chainType":1,"messageKeys":{}}},"pendingPreKey":{"signedKeyId":1,"baseKey":"BZQ23XhCXHVmwPJIYOIPhweTx+TwoO7idcQsxLWKC/gA"}}},"version":"v1"}