{"_sessions":{"Bfkvqvlhpix47HSTGMeAvxJZU8Y6bn/dlVNqxc1OHLQ9":{"registrationId":14121,"currentRatchet":{"ephemeralKeyPair":{"pubKey":"Bam476iaW6sl2kEP59EGOhx1VTUqdv6+FlYnfGbVMhMM","privKey":"KJjbn+bvfVJNId1TAA/zyRFuyAU/OJ+ZocTCxIPFBEQ="},"lastRemoteEphemeralKey":"Bfv34KvtJybEWKNmffirkmLKGYVFlWOk0Qob3wHBKgwq","previousCounter":0,"rootKey":"st4HDoWSG+N2VAnpLjC2ESH5ZCbnwXsaX2wSLKhzTco="},"indexInfo":{"baseKey":"Bfkvqvlhpix47HSTGMeAvxJZU8Y6bn/dlVNqxc1OHLQ9","baseKeyType":1,"closed":-1,"used":1735328813775,"created":1735328813775,"remoteIdentityKey":"BWNbcL2KiJHgW5+lLyt9T3CIJb3pvxV+REnXUpFjmptK"},"_chains":{"Bam476iaW6sl2kEP59EGOhx1VTUqdv6+FlYnfGbVMhMM":{"chainKey":{"counter":0,"key":"I3RFIfgOjWx/Xd2XpI4UL0HpFbcOZLgL9koVB/kZrm8="},"chainType":1,"messageKeys":{}}},"pendingPreKey":{"signedKeyId":1,"baseKey":"Bfkvqvlhpix47HSTGMeAvxJZU8Y6bn/dlVNqxc1OHLQ9","preKeyId":24}}},"version":"v1"}