{"_sessions":{"BQTzmjkH6J22VE5YzbIJwqWcInF6lxgd2ahglBTyhsN6":{"registrationId":398782664,"currentRatchet":{"ephemeralKeyPair":{"pubKey":"BfiuxE3TqjDVFvHcbMEDZEMXLjKUBPc0RqaDYWk0u4Yu","privKey":"aGVdP1DU55E89U36w1FpQoMdQT9nxQbv02zsAr5e9nM="},"lastRemoteEphemeralKey":"BXb+623Kz10as1kX4FaHGCKghXsy62Z6K/o0/C0ohIZq","previousCounter":0,"rootKey":"3xNmPAUMCPzFxNX5KflwXGtAq2sJp1HLYy59jTTnZHI="},"indexInfo":{"baseKey":"BQTzmjkH6J22VE5YzbIJwqWcInF6lxgd2ahglBTyhsN6","baseKeyType":1,"closed":-1,"used":1736274199791,"created":1735085018880,"remoteIdentityKey":"BfEdL04qmvOLfAgBZeqNH6gPlswsHa70tGcPdfozLKFk"},"_chains":{"BXb+623Kz10as1kX4FaHGCKghXsy62Z6K/o0/C0ohIZq":{"chainKey":{"counter":3,"key":"5HXc5H+jcoILR3CCyUt+/y+D/lenXssJCyRlw3Hc+Ys="},"chainType":2,"messageKeys":{}},"BfiuxE3TqjDVFvHcbMEDZEMXLjKUBPc0RqaDYWk0u4Yu":{"chainKey":{"counter":-1,"key":"XQ7CqHt9eV7Jdbh+c0iPNjNBofFdFIQsnJvXEqHZfh4="},"chainType":1,"messageKeys":{}}}}},"version":"v1"}