{"_sessions":{"Ba7nwVVS6cgZ6pIDTioESv1nhZCLdISccG9i8Lne57R+":{"registrationId":1515,"currentRatchet":{"ephemeralKeyPair":{"pubKey":"BYJVZerzyq0c/OCQDeQCSF4q//EIg+t2Bdqh3+qQSOIC","privKey":"iGw+cTqbNflezNSL4Afz1Dg9+khSQHKjxYtSleEtw3s="},"lastRemoteEphemeralKey":"Bb2S5ZDuZTjxSF5VBL9tc8qufk6qK/UuFfmNrheE+wx+","previousCounter":0,"rootKey":"LowgHXHsnKcBSWxMemU8CU4dZrA/0Ke+y/CetWf793U="},"indexInfo":{"baseKey":"Ba7nwVVS6cgZ6pIDTioESv1nhZCLdISccG9i8Lne57R+","baseKeyType":1,"closed":-1,"used":1735269824766,"created":1735269824766,"remoteIdentityKey":"BfNaPS4lI6/jO9e/04HVSjbyXj6b9fyND74FAzHDZbAZ"},"_chains":{"BYJVZerzyq0c/OCQDeQCSF4q//EIg+t2Bdqh3+qQSOIC":{"chainKey":{"counter":0,"key":"ea9TZRl8m7aUoGo5Zt/YK1tCdItb+kYLypRHaD+wDOg="},"chainType":1,"messageKeys":{}}},"pendingPreKey":{"signedKeyId":1,"baseKey":"Ba7nwVVS6cgZ6pIDTioESv1nhZCLdISccG9i8Lne57R+","preKeyId":193}}},"version":"v1"}