{"_sessions":{"BUcn/DghSUL/zl8ui9gUzImsSI5vGediruWUcvSS1LZ2":{"registrationId":512275919,"currentRatchet":{"ephemeralKeyPair":{"pubKey":"BX1ENi31zWdLXmmg350JgxiGHhDyC8Go65xUu9WHXmh4","privKey":"gH91qIu+psCLCh7TuiaR+cC9ug/p/NPGHpWCS6VvnHE="},"lastRemoteEphemeralKey":"BZJdGiDSN+OCdb3s/fsiD4r3L7VOi9cnPq8HL9HeL390","previousCounter":0,"rootKey":"Q20TXio798XT2al7aF4fx7zZoXYNH7fMtJ0h6t85y10="},"indexInfo":{"baseKey":"BUcn/DghSUL/zl8ui9gUzImsSI5vGediruWUcvSS1LZ2","baseKeyType":1,"closed":-1,"used":1735085003844,"created":1735085003844,"remoteIdentityKey":"Bdxl80/1CBGYFqxrBsRmCZwytyVntLT1Tpgj0iucWR4b"},"_chains":{"BX1ENi31zWdLXmmg350JgxiGHhDyC8Go65xUu9WHXmh4":{"chainKey":{"counter":0,"key":"T2oOXeNigr0j8qMcADnnTcDBcreQBp4tm0nXkPCkgXY="},"chainType":1,"messageKeys":{}}},"pendingPreKey":{"signedKeyId":32,"baseKey":"BUcn/DghSUL/zl8ui9gUzImsSI5vGediruWUcvSS1LZ2"}}},"version":"v1"}