{"_sessions":{"BW9lwK0FFjIb9Xqk3MlqXP21TqLtqlRJDrnBC7Io/gx6":{"registrationId":1166924066,"currentRatchet":{"ephemeralKeyPair":{"pubKey":"BYFzOmJs1YwNP9+uDAtp3DnFv6ndnmN1v/cdxd6eYmQU","privKey":"MBJhhNCDUPqCdLKIMn+0I6F6v8MasEewPPGyj5V8G0I="},"lastRemoteEphemeralKey":"BSqVnlBlLh+9XOkSSWO+/+igg4bOEIUAJK0rEq37obYB","previousCounter":0,"rootKey":"kl1vXhze1KTt8bJIi2w07QGIyuRTlo0JyNEJAHE2IhA="},"indexInfo":{"baseKey":"BW9lwK0FFjIb9Xqk3MlqXP21TqLtqlRJDrnBC7Io/gx6","baseKeyType":1,"closed":-1,"used":1735085010158,"created":1735085010158,"remoteIdentityKey":"BWPnwspkMPUYTZfaN8X3qiLJe/ZAvQwKAIne+ioX4OF0"},"_chains":{"BYFzOmJs1YwNP9+uDAtp3DnFv6ndnmN1v/cdxd6eYmQU":{"chainKey":{"counter":0,"key":"z2LzKqsplA65AONQBrTWIc2ZDYFRstomZh7DraooENU="},"chainType":1,"messageKeys":{}}},"pendingPreKey":{"signedKeyId":6,"baseKey":"BW9lwK0FFjIb9Xqk3MlqXP21TqLtqlRJDrnBC7Io/gx6","preKeyId":5308499}}},"version":"v1"}