{"_sessions":{"BYt3398LdRm6zqoGMzvL6vnlnn5A942TtHZ7VaHdsoY1":{"registrationId":2339,"currentRatchet":{"ephemeralKeyPair":{"pubKey":"BQNEsW8YxwndV0iIbGYwHB4iRWQvLqUMPdopdTXtWkRa","privKey":"GK0k8Cu7fzrEdDbUWvkbxEIIgf5eg2QvL3UbsvPb/3E="},"lastRemoteEphemeralKey":"BTJzFZth2nROML00NaDZe0aSzAQNxJ6IBP2106Spucdh","previousCounter":0,"rootKey":"ndWGYqs3pRG+LQ03EEAeUTQzKwSE1IfmILV8DAS4rBY="},"indexInfo":{"baseKey":"BYt3398LdRm6zqoGMzvL6vnlnn5A942TtHZ7VaHdsoY1","baseKeyType":1,"closed":-1,"used":1735084991297,"created":1735084991297,"remoteIdentityKey":"BdBV3RVeENAY/6nKJSiKKv9p3tJHtt6d+5gKD2o0weEO"},"_chains":{"BQNEsW8YxwndV0iIbGYwHB4iRWQvLqUMPdopdTXtWkRa":{"chainKey":{"counter":0,"key":"64K8al+33Ap1AlMjtgu3q0Nw2qI8k3ALxq6hbTBkBZ8="},"chainType":1,"messageKeys":{}}},"pendingPreKey":{"signedKeyId":2,"baseKey":"BYt3398LdRm6zqoGMzvL6vnlnn5A942TtHZ7VaHdsoY1","preKeyId":1833}}},"version":"v1"}