{"_sessions":{"BSwcT0cLKM13OJzek3fUjeRlwhn0DESnITgNBH4ICpMU":{"registrationId":15241,"currentRatchet":{"ephemeralKeyPair":{"pubKey":"BfeUZDDnibNctdTDpWp4o4w+MphSjnDCYEBlfWMdk0tC","privKey":"eFWqkdt15r3YU7ftutK0ZHXVBQR1n+Y1PGC4RokH4n8="},"lastRemoteEphemeralKey":"BXQKX7Xpc1a30qVTkXSk4R1e87UuOyLn3WAA9XdJwgBL","previousCounter":0,"rootKey":"Lc6VD4EugRHlFwOQQGSzDgrcOZSgGNOxaTtB9HKnM7k="},"indexInfo":{"baseKey":"BSwcT0cLKM13OJzek3fUjeRlwhn0DESnITgNBH4ICpMU","baseKeyType":1,"closed":-1,"used":1738624535187,"created":1738624535187,"remoteIdentityKey":"BbklIMBZXhplHIwF25an87EVDIGEqB76VuXghRRISAoE"},"_chains":{"BfeUZDDnibNctdTDpWp4o4w+MphSjnDCYEBlfWMdk0tC":{"chainKey":{"counter":0,"key":"qM8OiyfkvmruPynMiB4ElKYDq+F/FoueQKjDEefbIOo="},"chainType":1,"messageKeys":{}}},"pendingPreKey":{"signedKeyId":1,"baseKey":"BSwcT0cLKM13OJzek3fUjeRlwhn0DESnITgNBH4ICpMU","preKeyId":135}}},"version":"v1"}