{"_sessions":{"BWOVzyh6y1nhkOw/BnQEGw07ZWW45PV+RQvINhQj34xV":{"registrationId":159,"currentRatchet":{"ephemeralKeyPair":{"pubKey":"BS5KZRrouPZgWymMpFcVwixX4MCHxg4QvvgrYlDBqWB8","privKey":"KKS0ChhLnMOg4QtTpBXJVn+vL3hc9c46LkOYgiA5OHM="},"lastRemoteEphemeralKey":"BawhegH8yAddxeA4mDoTIaH/gNGV57AmIKC9mhVKLyJC","previousCounter":0,"rootKey":"K1ZYvK2B6zvxmCFFbjRENCJ+RvGxapC2ucbEg9NsPNc="},"indexInfo":{"baseKey":"BWOVzyh6y1nhkOw/BnQEGw07ZWW45PV+RQvINhQj34xV","baseKeyType":1,"closed":-1,"used":1735084988554,"created":1735084988554,"remoteIdentityKey":"BXzkmOeNIELPMaFbp592yrOi8JxyG/1NqORqMBlkVgdO"},"_chains":{"BS5KZRrouPZgWymMpFcVwixX4MCHxg4QvvgrYlDBqWB8":{"chainKey":{"counter":0,"key":"V5YfmvO4lCR0WfL6TbhUe5EY/Mm3NEmifc3xZYgvtt0="},"chainType":1,"messageKeys":{}}},"pendingPreKey":{"signedKeyId":1,"baseKey":"BWOVzyh6y1nhkOw/BnQEGw07ZWW45PV+RQvINhQj34xV","preKeyId":737}}},"version":"v1"}