{"_sessions":{"BTKzmD/3r6VO4y9N54fA76peW4H1tlOG0kofPkhrpNZz":{"registrationId":2142180063,"currentRatchet":{"ephemeralKeyPair":{"pubKey":"BUZWglTCXce4a0go11PQlIWT0E8sdmed9xPyR0yUEMJn","privKey":"6C/LYpZm4ZlX3EtB06+dYfeacNz9Hk/piyPpaViZomg="},"lastRemoteEphemeralKey":"BXH7bep6ZTlopTW3cBKV7Jkrw9+pr5syKdOsZ9yE5XQm","previousCounter":0,"rootKey":"CNyexc8wNWHMUvsIq9c8mD2oXjXwXv+KvrAtzTZWcAU="},"indexInfo":{"baseKey":"BTKzmD/3r6VO4y9N54fA76peW4H1tlOG0kofPkhrpNZz","baseKeyType":1,"closed":-1,"used":1735084994863,"created":1735084994863,"remoteIdentityKey":"BUuZkU7ehLoix68eaiciUEf2Fj3GSOo5vBbDvEJskwsc"},"_chains":{"BUZWglTCXce4a0go11PQlIWT0E8sdmed9xPyR0yUEMJn":{"chainKey":{"counter":0,"key":"dE5nybtEKv6BXSrf+uJNcaijebTly1jBxnfWOqa4KfM="},"chainType":1,"messageKeys":{}}},"pendingPreKey":{"signedKeyId":3,"baseKey":"BTKzmD/3r6VO4y9N54fA76peW4H1tlOG0kofPkhrpNZz","preKeyId":4701}}},"version":"v1"}