{"_sessions":{"BZjXHtJcLRJyrxp5/Z4tfarBRBOgjIAl0FxUy2R2CMM0":{"registrationId":1514261158,"currentRatchet":{"ephemeralKeyPair":{"pubKey":"BQiuiyJ4ZJ0HIaxujzq8pIZq/b9Tiz9z0NRG0AoYLGkm","privKey":"8Bvdth+OqgID+g61prZDHygSx76pq8//0OuaQra8Zl4="},"lastRemoteEphemeralKey":"BVinqA+h2fr3tYNcteh6NYo08YUNZ6SQIp6KyqP2T2pM","previousCounter":0,"rootKey":"i9LiMXFDoLDs1pjL3lgk/Lqxml1Z4T2vbgS+FeShWuM="},"indexInfo":{"baseKey":"BZjXHtJcLRJyrxp5/Z4tfarBRBOgjIAl0FxUy2R2CMM0","baseKeyType":1,"closed":-1,"used":1735085012943,"created":1735085012943,"remoteIdentityKey":"Bcd3qW9+0OrHp4CUOqzrtF6OmV4cekcPwko8YD/wHKkp"},"_chains":{"BQiuiyJ4ZJ0HIaxujzq8pIZq/b9Tiz9z0NRG0AoYLGkm":{"chainKey":{"counter":0,"key":"l440QYOYcAmWX7yqu6EBPipoh138XnpxC3C/dIMenWQ="},"chainType":1,"messageKeys":{}}},"pendingPreKey":{"signedKeyId":11,"baseKey":"BZjXHtJcLRJyrxp5/Z4tfarBRBOgjIAl0FxUy2R2CMM0","preKeyId":3206113}}},"version":"v1"}