{"_sessions":{"BXI5BmoNsO7CdCodbQJeh0udGEAoGdBB9mNpL6X0vlQH":{"registrationId":338221385,"currentRatchet":{"ephemeralKeyPair":{"pubKey":"BUwsPK5/6TPw70DM5rMlnOJBaQl9SxNObmcLvJ675aZL","privKey":"kORdAaozZIvRT9C0oprF+ObyfqHquf4m22vt0Wc9Rlw="},"lastRemoteEphemeralKey":"BfWNpTk9kacjq6Ku/nUmNoKVqpxn2IK/ucf9rm/m9QYL","previousCounter":0,"rootKey":"Kh6ByU8zz0q9kNFE4R+Nz3q9C6yfNO/9scUO1S7murg="},"indexInfo":{"baseKey":"BXI5BmoNsO7CdCodbQJeh0udGEAoGdBB9mNpL6X0vlQH","baseKeyType":1,"closed":-1,"used":1735085006839,"created":1735085006839,"remoteIdentityKey":"BXLuzZkdYdIbNcxYvEwtI9EP/CMmFfrOl4mgoSFvpUYw"},"_chains":{"BUwsPK5/6TPw70DM5rMlnOJBaQl9SxNObmcLvJ675aZL":{"chainKey":{"counter":0,"key":"ovVEfTliro0HGx2gH/HHgXyS9NikfgfGC65MxLmNEoU="},"chainType":1,"messageKeys":{}}},"pendingPreKey":{"signedKeyId":3,"baseKey":"BXI5BmoNsO7CdCodbQJeh0udGEAoGdBB9mNpL6X0vlQH","preKeyId":3807882}}},"version":"v1"}