{"_sessions":{"BeXzzBMxgsCAM381LRARs7LSX75De9g7NY/nFNCzYEtZ":{"registrationId":1793240743,"currentRatchet":{"ephemeralKeyPair":{"pubKey":"Bd8YOYXbVAriBedbA0WTItac2c50pw7ozJViBvW1cCw6","privKey":"YPi9R0jvB1mUtsIMQbZNWvzd0Gcx2kUIQirWMbZ1C14="},"lastRemoteEphemeralKey":"BUDmIePvxzx+wRGXQQUdgiaH+Frbgrd3WhdNuMLbHiEk","previousCounter":0,"rootKey":"TucPABVQ4+sSrd8gSpzm8+224LeesAaA6t7VEH+tY8U="},"indexInfo":{"baseKey":"BeXzzBMxgsCAM381LRARs7LSX75De9g7NY/nFNCzYEtZ","baseKeyType":1,"closed":1738993084800,"used":1738443613538,"created":1735085000968,"remoteIdentityKey":"BUA7fkEPpAqhmqXKz9yqDpkuBntrh7bBzcDAqQ8TzBEB"},"_chains":{"BUDmIePvxzx+wRGXQQUdgiaH+Frbgrd3WhdNuMLbHiEk":{"chainKey":{"counter":12,"key":"l1bpvRmroxy5VMTSPbehwE/V6aYSSJQ95CMXK6aZ8N0="},"chainType":2,"messageKeys":{}},"Bd8YOYXbVAriBedbA0WTItac2c50pw7ozJViBvW1cCw6":{"chainKey":{"counter":-1,"key":"txfeQwierVHITEwA0OcQ7/0mxAEjO/irxcw/0Wwjst4="},"chainType":1,"messageKeys":{}}}},"BdPmEgCec18bivkwf3rmTo6/xxluLXY3+okCyHNTc3of":{"registrationId":1976014758,"currentRatchet":{"ephemeralKeyPair":{"pubKey":"BV8LXMYzw2faLGVBoCHvEm6nbN1pTOnqI5XwsVOfzCJu","privKey":"WDKuQl/aJULk87QFpvgPu7p8NJYQtNmPdoJbo8Cze0s="},"lastRemoteEphemeralKey":"BQFiMMYWBDv1thdHXIxJvvQXToDLPPw6PJorqH+3O/03","previousCounter":0,"rootKey":"Va8HmA0GjFep7+EPPdP+KCQBP57/h93oVZFQSRQ4MFw="},"indexInfo":{"baseKey":"BdPmEgCec18bivkwf3rmTo6/xxluLXY3+okCyHNTc3of","baseKeyType":2,"closed":-1,"used":1738993084813,"created":1738993084813,"remoteIdentityKey":"BboCT7JueSR6Lo0aG0jsAXuEQ/pcjFDzygNDm3UzCWVY"},"_chains":{"BQFiMMYWBDv1thdHXIxJvvQXToDLPPw6PJorqH+3O/03":{"chainKey":{"counter":0,"key":"AQdVJ64jjn1GlA5ks4SqGdRh6wBuDOSvsDQXRI1xx8A="},"chainType":2,"messageKeys":{}},"BV8LXMYzw2faLGVBoCHvEm6nbN1pTOnqI5XwsVOfzCJu":{"chainKey":{"counter":-1,"key":"t4TOH2/COXanYPP6OVh2ApIgPMUm3t04mFdMkOHQx5s="},"chainType":1,"messageKeys":{}}}}},"version":"v1"}