{"_sessions":{"BV+1gSyPrIohmo0LLHxhjacOy6EttuB7DpMaPstlPBV8":{"registrationId":109756439,"currentRatchet":{"ephemeralKeyPair":{"pubKey":"BeDEeDuHC/WAL2j2+xh9mb8NVHaHgcc49XOTYeZVxYoB","privKey":"MAHr6lWOTvk1/4QkoFiV/OSna63fh/xlexv6xS++KHU="},"lastRemoteEphemeralKey":"BT4rvdvsMK/Zu7ySrD+5jRc+F8/shymp8btynzPeWgsc","previousCounter":0,"rootKey":"Z4d/DBGGQCOtnDgPOvRj7kj/RxZ+7Q0cPKw2ynI8/ok="},"indexInfo":{"baseKey":"BV+1gSyPrIohmo0LLHxhjacOy6EttuB7DpMaPstlPBV8","baseKeyType":1,"closed":-1,"used":1738697122223,"created":1738602351652,"remoteIdentityKey":"BbTCKJgXmpaLvSTPaqSwHxG8svhK0Y3HDeYDlzWsAmF2"},"_chains":{"BT4rvdvsMK/Zu7ySrD+5jRc+F8/shymp8btynzPeWgsc":{"chainKey":{"counter":2,"key":"su5mQjVMy4YfrUtntwfiCFIJ4zrO24lt8J/12wDNHTo="},"chainType":2,"messageKeys":{}},"BeDEeDuHC/WAL2j2+xh9mb8NVHaHgcc49XOTYeZVxYoB":{"chainKey":{"counter":-1,"key":"osbQcHol9SDqxX0HN9ScyFdWycZCCmQUhg9aR87EqCc="},"chainType":1,"messageKeys":{}}}}},"version":"v1"}