{"_sessions":{"BQGtDqXNLjqvgPLhT+yQd8smjmTna7jT3T4Yiyzli0Ud":{"registrationId":108148048,"currentRatchet":{"ephemeralKeyPair":{"pubKey":"BUIZeGY4L57g5TbU8XFWl2B95JhFMmnluAu08AxMoA5A","privKey":"YMf1I7QQGxAzMkZ9gU/SqkkCe5OB/mPkjg2Fq59YuFE="},"lastRemoteEphemeralKey":"BW5DqX1iWlevQZdDxJZ+owuIycighwLvmHjLjp4gylpX","previousCounter":0,"rootKey":"Yo3dQWW6N1hNp0GxZPB3cfG4wgrm+QI8tSSPzTLYbP4="},"indexInfo":{"baseKey":"BQGtDqXNLjqvgPLhT+yQd8smjmTna7jT3T4Yiyzli0Ud","baseKeyType":1,"closed":-1,"used":1738616820017,"created":1735085022158,"remoteIdentityKey":"BSpgjwVlZOcxiF0rry/TxM68SMSU5Ue87Fkt+OL3T3Ze"},"_chains":{"BW5DqX1iWlevQZdDxJZ+owuIycighwLvmHjLjp4gylpX":{"chainKey":{"counter":12,"key":"XAJF7d/pPvfHyEaewlTWxVecfZWUWSVfgQ6RyW6PSW8="},"chainType":2,"messageKeys":{"5":"gYQSt7RmJOXpBr/2J11dWj0st1CLXc6tIYFFO+/txoQ=","6":"FjYgfLssE8YG2g4aAPgjbutgWR+1/GRK7ijeoNX/YZg=","7":"fhGWyUD/W1aSupt7SN9Se4qUzkBN8RzUpJaer+pSdOk=","8":"101NCihVT8/V63LIPsrI/KgiucDPgcqIIv16tetlJa4=","9":"IthKQvfr1QH6+eTqnv3Pn1m3FOVLlgasvTqYZNjaPB8=","10":"StYUIehPaPAAyxlSzO6xZGtj02VcOXnNu7UmOHViuAk=","11":"dn8DsO9La3GXpV3k5ECHVYnY1nPOPpwRZot2h7GLMEw="}},"BUIZeGY4L57g5TbU8XFWl2B95JhFMmnluAu08AxMoA5A":{"chainKey":{"counter":-1,"key":"5YuFSu+1HLRwGXj3s76RdmZKzMZX5W2b3NsI2vFjGSQ="},"chainType":1,"messageKeys":{}}}}},"version":"v1"}