{"_sessions":{"BW6xlVwDg+2YL4L6C6QvcgmVo0hXF/xULbUV6mPEj9gz":{"registrationId":171299804,"currentRatchet":{"ephemeralKeyPair":{"pubKey":"BdwdIycppZ4x2ScdMjkCvmCdUjuIDMkMeezFQF2wr311","privKey":"8IJArnasDG0of8qCzdwjyjAbvlPia06KgXNXzMSEr0U="},"lastRemoteEphemeralKey":"BTp+C6+i296sbNnlvxV26/kxlVamY3vKPV4TpU+pOQZg","previousCounter":0,"rootKey":"BOUL2/qxIvpqf+++KvGNVMktH+QtzkXULmX5xjlmXSY="},"indexInfo":{"baseKey":"BW6xlVwDg+2YL4L6C6QvcgmVo0hXF/xULbUV6mPEj9gz","baseKeyType":1,"closed":-1,"used":1738622736328,"created":1735085000629,"remoteIdentityKey":"BWs7h6nCYHbBlotY/9eKMzKlN6lVUlr1M+40Jgn7UB4x"},"_chains":{"BTp+C6+i296sbNnlvxV26/kxlVamY3vKPV4TpU+pOQZg":{"chainKey":{"counter":2,"key":"yQxP5FMuEt8zN49P5N4RNpscEdHxquzDazdxKAd7JWc="},"chainType":2,"messageKeys":{}},"BdwdIycppZ4x2ScdMjkCvmCdUjuIDMkMeezFQF2wr311":{"chainKey":{"counter":-1,"key":"GjZsiLMO6HAyxqH7r7hUJEhDnRPO9ztlxq4eVAlFd2Y="},"chainType":1,"messageKeys":{}}}}},"version":"v1"}