{"_sessions":{"BVawqOHgkZEVUiKtMx9SE0dCZnG2OXzjOYngx0sl4QRT":{"registrationId":508930140,"currentRatchet":{"ephemeralKeyPair":{"pubKey":"BbGkZZzU7pNAHpFOfi7gFwwiATve+1UfdH7H+kTS87lf","privKey":"MLGsHUbp2yzN32CCbnOtI/xhfk3Q7eE7EXytqjZ3lHA="},"lastRemoteEphemeralKey":"BQovCunkAQES38K4JFwTGJuxJPGL9Nsep+tu+vOSf/1q","previousCounter":0,"rootKey":"3QRSONlDMRs0LbFP/Vu1B7PchfIW/vWX8EYN4+4Yfjs="},"indexInfo":{"baseKey":"BVawqOHgkZEVUiKtMx9SE0dCZnG2OXzjOYngx0sl4QRT","baseKeyType":1,"closed":-1,"used":1735084988161,"created":1735084988161,"remoteIdentityKey":"BTxrFXOGuJDeOSBqivVo8wlOjJH0ThpE6/LiuHDgDK8O"},"_chains":{"BbGkZZzU7pNAHpFOfi7gFwwiATve+1UfdH7H+kTS87lf":{"chainKey":{"counter":0,"key":"jaVjVd2rdL+PhPf6qwtOmqp3MxsYeU/xqaAMTgHqLak="},"chainType":1,"messageKeys":{}}},"pendingPreKey":{"signedKeyId":1,"baseKey":"BVawqOHgkZEVUiKtMx9SE0dCZnG2OXzjOYngx0sl4QRT","preKeyId":1529}}},"version":"v1"}