{"_sessions":{"BXUJnPhV5c0mzwFsD+frUpiyUJQiGt/dIZlQY9i0uxZ2":{"registrationId":2058002141,"currentRatchet":{"ephemeralKeyPair":{"pubKey":"BT1xGbgsflTOBUpK4bpXp/e0tL+jwHuWmhD2lln4PWwI","privKey":"aAmJuxS3uNQbtnfo16fA41W5O7o9Z/+YUaCghjZW7Xs="},"lastRemoteEphemeralKey":"BY9omb6ZDPsMCo11t0SYSUvvfn++L5fO7IkbiDvai1kg","previousCounter":0,"rootKey":"7PV3leY1xp0vBmORrzgnt6rmsrUZwIWdKcGzzCT7ZOw="},"indexInfo":{"baseKey":"BXUJnPhV5c0mzwFsD+frUpiyUJQiGt/dIZlQY9i0uxZ2","baseKeyType":1,"closed":-1,"used":1738697699532,"created":1738602351562,"remoteIdentityKey":"BeQLrZbuG6U1YDQDfzuSYp0IA1Grj/jmF3qvci1/CaJq"},"_chains":{"BY9omb6ZDPsMCo11t0SYSUvvfn++L5fO7IkbiDvai1kg":{"chainKey":{"counter":0,"key":"eIKfgtGIWP+d7DHwhRIRKFmFFr1EDAtTxQ/17j6wGrY="},"chainType":2,"messageKeys":{}},"BT1xGbgsflTOBUpK4bpXp/e0tL+jwHuWmhD2lln4PWwI":{"chainKey":{"counter":-1,"key":"QcBWK7Zkmdp18DzL28KpOGmOblac8SRjbkPuLPHLHvs="},"chainType":1,"messageKeys":{}}}}},"version":"v1"}