{"_sessions":{"BUG+CFX8zs/vNMo8zr8GUSaYXAO3EKoh5PbrCO+EiE18":{"registrationId":1832000881,"currentRatchet":{"ephemeralKeyPair":{"pubKey":"BbLAoDW+cXvfCC5gSS/vdzwzxv58c2sMR4NLceIe92Ax","privKey":"8OkChulaAkFg3786pAf6i23jRtvXKA4u0cTlTXrc33c="},"lastRemoteEphemeralKey":"BSYscoh35oEgy+uXQJCKiwcCa6ZyYYsB2xT2l7wdU1sF","previousCounter":0,"rootKey":"Ufz3re1+2CQgVrvxGRyWTT8kYyoUO6Rcy6kJJfRr+kA="},"indexInfo":{"baseKey":"BUG+CFX8zs/vNMo8zr8GUSaYXAO3EKoh5PbrCO+EiE18","baseKeyType":1,"closed":-1,"used":1737217700459,"created":1735085021939,"remoteIdentityKey":"BeRd8J8LZMvgqsP60XE10b9hXXx51V4F5XkeW7mCQSMX"},"_chains":{"BSYscoh35oEgy+uXQJCKiwcCa6ZyYYsB2xT2l7wdU1sF":{"chainKey":{"counter":2,"key":"MdQeoHnNggi+XSB8cCjIzrrNHK0lqu+6mkXou7+8q1A="},"chainType":2,"messageKeys":{}},"BbLAoDW+cXvfCC5gSS/vdzwzxv58c2sMR4NLceIe92Ax":{"chainKey":{"counter":-1,"key":"XptQBQmmu6B3Gk6j6ECOTLzi/DrgKknj6nPvBFUkoyM="},"chainType":1,"messageKeys":{}}}}},"version":"v1"}