{"_sessions":{"BVlp6KVWc/Rny7ZYm1OK5IhF7hEGKII1VQHeAsMq024n":{"registrationId":15300,"currentRatchet":{"ephemeralKeyPair":{"pubKey":"BZNl0y3985HBc8yIcCJ6biJ/1AUgSSl22mIl2WEb6NMi","privKey":"AIlkfbui2hjbb8PwoHM292K7jshcFQfkRVY+cXz8zWI="},"lastRemoteEphemeralKey":"BctGsfJaiBuhKWEb4VlXRj+cB9YlyEB28G6bqppbtU1/","previousCounter":0,"rootKey":"46Q1WRovpU7T28HqqNQscRLtGFSwRjafhpJdkdvNJhc="},"indexInfo":{"baseKey":"BVlp6KVWc/Rny7ZYm1OK5IhF7hEGKII1VQHeAsMq024n","baseKeyType":1,"closed":-1,"used":1739015971522,"created":1739015971522,"remoteIdentityKey":"Bdg5A0HzFjPfpB8Qv+C1BBFTptC5hA9uyJQ5csrfh4RM"},"_chains":{"BZNl0y3985HBc8yIcCJ6biJ/1AUgSSl22mIl2WEb6NMi":{"chainKey":{"counter":0,"key":"BB2Q4IQHrG5o7ViChzRhJZb6Ua8b8U7S470MoPbwnW8="},"chainType":1,"messageKeys":{}}},"pendingPreKey":{"signedKeyId":1,"baseKey":"BVlp6KVWc/Rny7ZYm1OK5IhF7hEGKII1VQHeAsMq024n"}}},"version":"v1"}