{"_sessions":{"BT5I9x0g1w3LTDHOGNDZmnlRUkkhtxO837ruEo4d/koM":{"registrationId":1562437672,"currentRatchet":{"ephemeralKeyPair":{"pubKey":"BfJ5PfRNQ9HLVKqcaIcqUgKbMV9LMHp15SnO1RBK0Yhv","privKey":"GHcPvSTRVxBY6SX+LpkGEC15vDuZPROnuSl0OGaJ3Wk="},"lastRemoteEphemeralKey":"BXUz1Il+S+OUwyOpAutK3D7+JkzrDv0oULxKXBop91w9","previousCounter":0,"rootKey":"Y8qW4SKZ8faGtijEWv6LJrfIvSe2HFuFBti/tQtXpLk="},"indexInfo":{"baseKey":"BT5I9x0g1w3LTDHOGNDZmnlRUkkhtxO837ruEo4d/koM","baseKeyType":1,"closed":-1,"used":1739015971437,"created":1739015971437,"remoteIdentityKey":"BZCTA6XIPpHzDbMxhmH5l0t9oS+Big9Jzw8GoY1QqflJ"},"_chains":{"BfJ5PfRNQ9HLVKqcaIcqUgKbMV9LMHp15SnO1RBK0Yhv":{"chainKey":{"counter":0,"key":"Gu084O/tzgTLbpCTmG0Hd8hhABSMFYvqus7vstHe2ak="},"chainType":1,"messageKeys":{}}},"pendingPreKey":{"signedKeyId":0,"baseKey":"BT5I9x0g1w3LTDHOGNDZmnlRUkkhtxO837ruEo4d/koM","preKeyId":9986221}}},"version":"v1"}