{"_sessions":{"BTAXE6bvIgFT9MIEghAUPMY/ZKrVMPC/ulEPUHc8q9Eg":{"registrationId":610368527,"currentRatchet":{"ephemeralKeyPair":{"pubKey":"BaZi1fQf3moMnjB5aREoxeNOc/A2nqD8LRMvzoN63/AZ","privKey":"GEZ87S0xjLdtY2L5NY1zbrXEzkw7WIC0oXQQPKO8vEM="},"lastRemoteEphemeralKey":"BVGFYqY74C+d4ZIxIuuWZbyaKnYnbZHqq/1k/rSNym86","previousCounter":0,"rootKey":"vq+fPjPgRJhEgTv5NBEOAQFcZTn3HmthrxCIJnC/sxc="},"indexInfo":{"baseKey":"BTAXE6bvIgFT9MIEghAUPMY/ZKrVMPC/ulEPUHc8q9Eg","baseKeyType":1,"closed":-1,"used":1738602351374,"created":1738602351374,"remoteIdentityKey":"BSei2LGHrJHjsVWc6Fb9GiwHOd7qlidZc5K6W98+N5Bk"},"_chains":{"BaZi1fQf3moMnjB5aREoxeNOc/A2nqD8LRMvzoN63/AZ":{"chainKey":{"counter":0,"key":"a8c4LZuQXkC5Hlz7NcgL3nNuwn6b//A5Dvx5OhcgdBs="},"chainType":1,"messageKeys":{}}},"pendingPreKey":{"signedKeyId":100,"baseKey":"BTAXE6bvIgFT9MIEghAUPMY/ZKrVMPC/ulEPUHc8q9Eg","preKeyId":8929}}},"version":"v1"}