{"_sessions":{"BRM05YyReurfeqWBDA7zNayC1TJVoZnX/DZ6fgkuQcgK":{"registrationId":2058506452,"currentRatchet":{"ephemeralKeyPair":{"pubKey":"BV4cLB/qhsmPUPxpqwSgQhK28VvS1qkIE74xRsCq6jhf","privKey":"WL27kiZGC/zJLdhx/YA0DbUMe3bkXcJeORdDgcartGw="},"lastRemoteEphemeralKey":"BS0DNXOu3JY2rAGvR3jF3MgsRXrZ5hGPWc3CXYuGyXse","previousCounter":0,"rootKey":"nR2aZK076qh6hYhHIBTATwhpn68Jp1GHZNM0CBUKxBg="},"indexInfo":{"baseKey":"BRM05YyReurfeqWBDA7zNayC1TJVoZnX/DZ6fgkuQcgK","baseKeyType":1,"closed":-1,"used":1735084994844,"created":1735084994844,"remoteIdentityKey":"BeYnCa1dwx2aORdUn3SHOkDW9CXnikMHbTYp4qartUNm"},"_chains":{"BV4cLB/qhsmPUPxpqwSgQhK28VvS1qkIE74xRsCq6jhf":{"chainKey":{"counter":0,"key":"1qO8AC7P7JNrTkKv8XFVrByo42m0Jf7pFLQvMbcUKqQ="},"chainType":1,"messageKeys":{}}},"pendingPreKey":{"signedKeyId":9,"baseKey":"BRM05YyReurfeqWBDA7zNayC1TJVoZnX/DZ6fgkuQcgK","preKeyId":9102}}},"version":"v1"}