{"_sessions":{"Ba4mwisPYeUh7cLsEQ5z70+fEJYlcIkF1/2sMIw+HfR8":{"registrationId":813917539,"currentRatchet":{"ephemeralKeyPair":{"pubKey":"BV2i31iu+KU4gx789iOVwpPxBk6Cr7mbogvKMNBnFt01","privKey":"sDQ1IujrQb0NSutr9nhOzWZkj5yXEhQkvI7DvaUJekM="},"lastRemoteEphemeralKey":"BanTBLo9bhs3bx+0sJvNRZ+Rw3tLgLe7J6JAyVFmj3U2","previousCounter":0,"rootKey":"sFgokiQnKYL/CvVR6fayIRNC84LtQwdYLN00NOuqo2w="},"indexInfo":{"baseKey":"Ba4mwisPYeUh7cLsEQ5z70+fEJYlcIkF1/2sMIw+HfR8","baseKeyType":1,"closed":-1,"used":1735396935645,"created":1735085004241,"remoteIdentityKey":"BbLH61QNYT/8J3t63s32ut0pyqAIQt9A1TWJn/glZP9I"},"_chains":{"BanTBLo9bhs3bx+0sJvNRZ+Rw3tLgLe7J6JAyVFmj3U2":{"chainKey":{"counter":0,"key":"6hoohstBgjzQlAPcLkLwIVENrXbBfQ2EtwL/o4EaBZg="},"chainType":2,"messageKeys":{}},"BV2i31iu+KU4gx789iOVwpPxBk6Cr7mbogvKMNBnFt01":{"chainKey":{"counter":-1,"key":"FsJripponGCIj7LsIzNhqGx54Hi9wZUltW3fxBntQ2g="},"chainType":1,"messageKeys":{}}}}},"version":"v1"}