{"_sessions":{"BUxmlhZEnODERrhKFrxtPGc9ZX1/RAKhQCMlHplGV+Uv":{"registrationId":1835907145,"currentRatchet":{"ephemeralKeyPair":{"pubKey":"BXMJlKULJ6Ud0V/iH0pfIt+WbRyECpSeqSCbWUkH7HU5","privKey":"4ADIC89SbIsROTvsTSnX5UyT4M9k1a4qXL4qrgVFl3s="},"lastRemoteEphemeralKey":"BY23AasQRXY6VmZyCCIQXiGc77R45e8FAn6e18uE8axh","previousCounter":0,"rootKey":"8NeKTSO6KTzLTKW/ruGRPsn2YMM6tAbInowHxsedS54="},"indexInfo":{"baseKey":"BUxmlhZEnODERrhKFrxtPGc9ZX1/RAKhQCMlHplGV+Uv","baseKeyType":1,"closed":-1,"used":1735085028067,"created":1735085028067,"remoteIdentityKey":"BTDbgyPxhyKt/xgwGMVpgD9MxmbZDPaBjlx/KDMzBbde"},"_chains":{"BXMJlKULJ6Ud0V/iH0pfIt+WbRyECpSeqSCbWUkH7HU5":{"chainKey":{"counter":0,"key":"5XKXJ9+KRqE5NOaA0toQAP65ddXk8gVjEIlswMFYyyQ="},"chainType":1,"messageKeys":{}}},"pendingPreKey":{"signedKeyId":10,"baseKey":"BUxmlhZEnODERrhKFrxtPGc9ZX1/RAKhQCMlHplGV+Uv","preKeyId":9012438}}},"version":"v1"}