{"_sessions":{"BZvO3QiGtdm2aT7+BfaHyv6swIC9EvNtt0nOkAT7eZMz":{"registrationId":72684725,"currentRatchet":{"ephemeralKeyPair":{"pubKey":"BQdkzeLRUu0U9FSnJMFFJbVda/SVkpTWAbgPS7r6Zq8H","privKey":"ILkpzZrqvnG/q1jo3gh/DucidDKx6KN2afbCbMB+EEQ="},"lastRemoteEphemeralKey":"BSmZIj0A/TglBNa2ceR/huOtBxtC5njp2wD5SYH+FUZj","previousCounter":0,"rootKey":"WlJHR9pBdFoz4qRmHzo6JW+YVAhIHnI3+fbxCseswWI="},"indexInfo":{"baseKey":"BZvO3QiGtdm2aT7+BfaHyv6swIC9EvNtt0nOkAT7eZMz","baseKeyType":1,"closed":-1,"used":1735085025155,"created":1735085025155,"remoteIdentityKey":"BR7ylIrW4IzvLMaMdTwxWbYHmOCWcamRcztr8HgHsDIG"},"_chains":{"BQdkzeLRUu0U9FSnJMFFJbVda/SVkpTWAbgPS7r6Zq8H":{"chainKey":{"counter":0,"key":"+BfFC5t+inCkTAR/13ZqKPKRwF+bpq9JitHT5PneSm8="},"chainType":1,"messageKeys":{}}},"pendingPreKey":{"signedKeyId":15,"baseKey":"BZvO3QiGtdm2aT7+BfaHyv6swIC9EvNtt0nOkAT7eZMz","preKeyId":690243}}},"version":"v1"}