{"_sessions":{"BdYfzp/JbqBmpptp+sWQhP5uZY5b4pK7h0/BmQtCvvds":{"registrationId":2030166628,"currentRatchet":{"ephemeralKeyPair":{"pubKey":"BUPyJvNfXYsGRB63od87CvJ4PoWRvmklTInBKRJYbz9Z","privKey":"CKiaXetav/Tff/LfXkDKH91Ptsg9MhlQrdmhZ5fM11M="},"lastRemoteEphemeralKey":"BUe+3d9c1KxbCrZ0RuBbFXtdB4/DMHcqaoJDU2UeuYMH","previousCounter":0,"rootKey":"Q/ovzYCUS8T+Fq9VtZ5XozSJW0eHNlkaQ38weMaU9t8="},"indexInfo":{"baseKey":"BdYfzp/JbqBmpptp+sWQhP5uZY5b4pK7h0/BmQtCvvds","baseKeyType":1,"closed":-1,"used":1735084991808,"created":1735084991808,"remoteIdentityKey":"Bd4A07umeKTB2kDoE9O6B6QE6VEqbSGlX3FtIOXWCQ9s"},"_chains":{"BUPyJvNfXYsGRB63od87CvJ4PoWRvmklTInBKRJYbz9Z":{"chainKey":{"counter":0,"key":"NQvfcC3nS4QIqfIgexZFYvJTuucy3EmFz8YLxhpburk="},"chainType":1,"messageKeys":{}}},"pendingPreKey":{"signedKeyId":1,"baseKey":"BdYfzp/JbqBmpptp+sWQhP5uZY5b4pK7h0/BmQtCvvds","preKeyId":1613}}},"version":"v1"}