{"_sessions":{"BW6JA3Qw5y4KQne2jHdLSHrjzO/q8H7w0J4cJk2OMeoL":{"registrationId":2101547696,"currentRatchet":{"ephemeralKeyPair":{"pubKey":"BdOxTALWPmRNVVzlHVNqjk7K90xoNuV3bImg6+g9lY0M","privKey":"2B1Pfi09Om5IztELoSIUy5DjLRqEVP1xA6Yu5cEdbUc="},"lastRemoteEphemeralKey":"BUWof9pmE0Y454weO6Omf8oWUwqxpiG6kt/0mXjlY94F","previousCounter":0,"rootKey":"heu5kHwk9JOCfEOwRQzFc825zKUTRJVPiPEBPRraSu4="},"indexInfo":{"baseKey":"BW6JA3Qw5y4KQne2jHdLSHrjzO/q8H7w0J4cJk2OMeoL","baseKeyType":1,"closed":-1,"used":1738521400003,"created":1738521400003,"remoteIdentityKey":"BU6OGY4IAo3ZjVU/KyEZNOyf4QmwMOpNsfSVbJwESZ4h"},"_chains":{"BdOxTALWPmRNVVzlHVNqjk7K90xoNuV3bImg6+g9lY0M":{"chainKey":{"counter":0,"key":"j4sAbR+OOvgNYDBGgPuaDUwokz7X/WgsNhT26y7LLHQ="},"chainType":1,"messageKeys":{}}},"pendingPreKey":{"signedKeyId":0,"baseKey":"BW6JA3Qw5y4KQne2jHdLSHrjzO/q8H7w0J4cJk2OMeoL","preKeyId":13328335}}},"version":"v1"}