{"_sessions":{"BdXxrNRNftLQZssdyvDo39EgqYFj9Crz1OeB3Bac02wy":{"registrationId":1289,"currentRatchet":{"ephemeralKeyPair":{"pubKey":"Bb1fge7mshSOzBkQl3o6k65/P/W4MnirB2UbILetbQkI","privKey":"OOlCEP3fGrd3RCoQeNceoNGB4ppY3UfD3R6xP9M5RnQ="},"lastRemoteEphemeralKey":"Bcr8GsawdIPpKeB8ikul2R26rNxUCezqgdoN3ALUxD0B","previousCounter":0,"rootKey":"q/wVgxgp8HTb0DB/0AXrbFBTR8gfTmDRytSjlfDQ+Js="},"indexInfo":{"baseKey":"BdXxrNRNftLQZssdyvDo39EgqYFj9Crz1OeB3Bac02wy","baseKeyType":1,"closed":-1,"used":1735084994620,"created":1735084994620,"remoteIdentityKey":"BdA/+7XV7LH5D/C+DoDkYdbkVELyO0eZT6sCyuoYndpv"},"_chains":{"Bb1fge7mshSOzBkQl3o6k65/P/W4MnirB2UbILetbQkI":{"chainKey":{"counter":0,"key":"yWBIvA11pPj7vn+tu6H8taMQSQToqeDc3uSKK1SrVM4="},"chainType":1,"messageKeys":{}}},"pendingPreKey":{"signedKeyId":1,"baseKey":"BdXxrNRNftLQZssdyvDo39EgqYFj9Crz1OeB3Bac02wy","preKeyId":1450}}},"version":"v1"}