{"_sessions":{"BRhH+ONozk4qB2WVCj6h/n0SL+IxbvpcJpS1Po2VENcE":{"registrationId":791,"currentRatchet":{"ephemeralKeyPair":{"pubKey":"BS/j8Fr5XAB8VoVHT/1OtvQbO6Tt20sJu94AWbMPLSZS","privKey":"kNjhn11/DNy7XYwlQbk2nLB8zE0NpTw7FuaA3Z0uv10="},"lastRemoteEphemeralKey":"BbVR2UxRnYKmrCVz4vmvDs7dxKtKRmaLIQuoBQ1tFr8F","previousCounter":0,"rootKey":"a0tre4bsxHlCWJb9Qzp+fbzsJoPh5pfRKCeSCdfBjgs="},"indexInfo":{"baseKey":"BRhH+ONozk4qB2WVCj6h/n0SL+IxbvpcJpS1Po2VENcE","baseKeyType":1,"closed":-1,"used":1735084995054,"created":1735084995054,"remoteIdentityKey":"BbdZqxmqJK/7njXG8rB8EqGd7bHYQC2rXI8qiK1IWagf"},"_chains":{"BS/j8Fr5XAB8VoVHT/1OtvQbO6Tt20sJu94AWbMPLSZS":{"chainKey":{"counter":0,"key":"20xQXw2g0Kuyej85b9oEkPJzIhBO+GeWh9RPrpT3H3o="},"chainType":1,"messageKeys":{}}},"pendingPreKey":{"signedKeyId":1,"baseKey":"BRhH+ONozk4qB2WVCj6h/n0SL+IxbvpcJpS1Po2VENcE"}}},"version":"v1"}