{"_sessions":{"BbbJDIj5PwLO0Nzp4nveZujbxpO+4TH+gfHiFoExvdBN":{"registrationId":998747018,"currentRatchet":{"ephemeralKeyPair":{"pubKey":"BR3tFnZabhTBiANluJjj5m/vk3EZh6slpdMITbKCrSEE","privKey":"oEjLwqs4xsfOQjBc1HN6yphYVKE/YU/BZd748h1ZNGQ="},"lastRemoteEphemeralKey":"BdFEErb1aQ7boAGc2KoUr8nxOWZc2xVevmtsrVHB1hwp","previousCounter":0,"rootKey":"fTULFHSTW0v6eT8oVduurtAhlFKTQdDoEKDzY6J5ccg="},"indexInfo":{"baseKey":"BbbJDIj5PwLO0Nzp4nveZujbxpO+4TH+gfHiFoExvdBN","baseKeyType":1,"closed":-1,"used":1738885564197,"created":1735085018762,"remoteIdentityKey":"BfDKIbh3R2b3wZoUNhrM6Fyr41KbSr95wfDdDco/hDQF"},"_chains":{"BdFEErb1aQ7boAGc2KoUr8nxOWZc2xVevmtsrVHB1hwp":{"chainKey":{"counter":0,"key":"Gs++5Us2Yns9NoRPGHy/EiJ2Fhq+JEK+qKATCtq4cMQ="},"chainType":2,"messageKeys":{}},"BR3tFnZabhTBiANluJjj5m/vk3EZh6slpdMITbKCrSEE":{"chainKey":{"counter":-1,"key":"JjVwjBcFQTBAUfgOA9WwDtCJWRwck0bC8rQEnC+uUmo="},"chainType":1,"messageKeys":{}}}}},"version":"v1"}