{"_sessions":{"BZTakBvZ7LqKpc1Xx97rfVVDPlQWZK7nrE64aPQyD6F5":{"registrationId":990206223,"currentRatchet":{"ephemeralKeyPair":{"pubKey":"BV0oS1BKhjcWTg7tS/CIFZllzVPb0+CKMXLwnK7gybll","privKey":"OJIQJYcJinedMMVbqpzjEgBGS2DWmjzs797s8mzviXU="},"lastRemoteEphemeralKey":"BToxPHEQpGt4fy9gaCRwsgMGBFcTQckPzMapiC0I4ul7","previousCounter":0,"rootKey":"o3Q625QuB7Bab4XpFIyJ79GB6AQ9CdthV82yzYwLX9o="},"indexInfo":{"baseKey":"BZTakBvZ7LqKpc1Xx97rfVVDPlQWZK7nrE64aPQyD6F5","baseKeyType":1,"closed":-1,"used":1738856292748,"created":1735085009551,"remoteIdentityKey":"BaHLz/2uWI+QU+lGi2MSH/cVAXe9nooaC9epRSnKqyl3"},"_chains":{"BToxPHEQpGt4fy9gaCRwsgMGBFcTQckPzMapiC0I4ul7":{"chainKey":{"counter":24,"key":"8XsEWKufmKxGkvmRztqVPQok+DPPo466PzzHBeN1bAs="},"chainType":2,"messageKeys":{}},"BV0oS1BKhjcWTg7tS/CIFZllzVPb0+CKMXLwnK7gybll":{"chainKey":{"counter":-1,"key":"4ggzEWcly+ZlAofKqdlSv3iJVSzuvyO5G46X9UyfIjw="},"chainType":1,"messageKeys":{}}}}},"version":"v1"}