{"_sessions":{"BXdh0SbJcYcH2N5GR7KZ7aM8GRZtqfoFOwZZS8q7OHoZ":{"registrationId":925217904,"currentRatchet":{"ephemeralKeyPair":{"pubKey":"BScPpkJZnGUfJuj1Tl5sGDOP+uWlm7QK6mSSDWKOK04L","privKey":"kFS+K/fwpvrbKaC+2q/u4CUaPcY/3PRAMTGeik00U3U="},"lastRemoteEphemeralKey":"BeLDFTZj80xvXu2fC01F7aAM2pPfzfGB17gCCupH4zYs","previousCounter":0,"rootKey":"Fm9QzSg2s7xSJ44vr/W4PVFAI6TZG2L0JUmUlp2hO10="},"indexInfo":{"baseKey":"BXdh0SbJcYcH2N5GR7KZ7aM8GRZtqfoFOwZZS8q7OHoZ","baseKeyType":1,"closed":-1,"used":1735085024777,"created":1735085024777,"remoteIdentityKey":"BQNLkiSVA4ZjiNVJ4tPPO83NbHtrdKezYTfzHN7/QN4j"},"_chains":{"BScPpkJZnGUfJuj1Tl5sGDOP+uWlm7QK6mSSDWKOK04L":{"chainKey":{"counter":0,"key":"JdNh7hR6Os68UEWOk/9EMzHVPVkgVB76VS5vaP7w3YU="},"chainType":1,"messageKeys":{}}},"pendingPreKey":{"signedKeyId":12,"baseKey":"BXdh0SbJcYcH2N5GR7KZ7aM8GRZtqfoFOwZZS8q7OHoZ","preKeyId":6922453}}},"version":"v1"}