{"_sessions":{"BSLHU3x/dHlOlwawdJeAIJd5ED+ZfKqtCujRDZVYhQVU":{"registrationId":1773518119,"currentRatchet":{"ephemeralKeyPair":{"pubKey":"BUft/2ZnwRNXtcxgsXCwkqY8BwnK27TwQFMXfYz17RwZ","privKey":"6AolduTPcVD+EyP+TU9k+x2bas8Ne81CcpfSl03wYkg="},"lastRemoteEphemeralKey":"BfifjKD8F+IMVmpD/UB+I4aSxj2auyju3u86W/HM9u1p","previousCounter":0,"rootKey":"C828vrUFnt/bgbNIkLeeB2rNaAOPdmm1wUnenn+37q8="},"indexInfo":{"baseKey":"BSLHU3x/dHlOlwawdJeAIJd5ED+ZfKqtCujRDZVYhQVU","baseKeyType":1,"closed":-1,"used":1735866144421,"created":1735084991795,"remoteIdentityKey":"BcfDgZggfo1GwqKGDbPBwH9g8E3n9h5gnkyt95++R5ZX"},"_chains":{"BfifjKD8F+IMVmpD/UB+I4aSxj2auyju3u86W/HM9u1p":{"chainKey":{"counter":10,"key":"usELn1V/rh7Z+YIrgRj9lpunwz82r+x+h5PkTDnSmBg="},"chainType":2,"messageKeys":{"3":"d9qXqFqF9EsJFF6ANmlbzAqFJYHDg8+RhOTTGyFQhzg="}},"BUft/2ZnwRNXtcxgsXCwkqY8BwnK27TwQFMXfYz17RwZ":{"chainKey":{"counter":-1,"key":"v7y4ZfUwaPPk4u3NQkJYucSLiMww1hkEuoB+7Oon6SU="},"chainType":1,"messageKeys":{}}}}},"version":"v1"}