{"_sessions":{"BVHh8HzS2fqzOK+rXFsnt5JXL83CX+7NaJMLCIi1TiRV":{"registrationId":2116557539,"currentRatchet":{"ephemeralKeyPair":{"pubKey":"BVuyt9XnJhTFN2lZ/Ax6zW4JrYS3/WrDW4vprjeC3ORT","privKey":"6Oy6Xe9wvEbNjrCOaoge0wLtBHfq+emF39D4tDXVkW4="},"lastRemoteEphemeralKey":"BVg+H0fxHIEhE1UhFkt5b24jYaGcz4xTeI6qwLRXkBFL","previousCounter":0,"rootKey":"6f6FNRCdv6WRG6XoDoDOLUmySirHxGHXqoxjYCgrt7M="},"indexInfo":{"baseKey":"BVHh8HzS2fqzOK+rXFsnt5JXL83CX+7NaJMLCIi1TiRV","baseKeyType":1,"closed":-1,"used":1738729622186,"created":1735085022301,"remoteIdentityKey":"BSsVF2izO05Rn8lgAhR1MSEVzk0AVVZ192D4JrltNJQa"},"_chains":{"BVg+H0fxHIEhE1UhFkt5b24jYaGcz4xTeI6qwLRXkBFL":{"chainKey":{"counter":6,"key":"K+8ADFiVOX/1AzBSpVe1TI83DgYT3v8sb4iUXM50AMk="},"chainType":2,"messageKeys":{}},"BVuyt9XnJhTFN2lZ/Ax6zW4JrYS3/WrDW4vprjeC3ORT":{"chainKey":{"counter":-1,"key":"kFEM6SmguJvc9FFbwGljonvqEl6e2m9rtZRs/uR5/ao="},"chainType":1,"messageKeys":{}}}}},"version":"v1"}