{"_sessions":{"BVUqqkRvAnnIlnArOJnhEmFsNHXxLOhK27DVkxAutbRW":{"registrationId":282398941,"currentRatchet":{"ephemeralKeyPair":{"pubKey":"BYgEmM6YxSTxDTS2xeJdqSd7I4ZlhBhS2DT3R97tNp0K","privKey":"WCKncSKIY7yDmbiS9rkgxOS+/fONnuIyLechzL923ko="},"lastRemoteEphemeralKey":"BQuEvkKIyDIaikFmxH5+9Iv0hL1Vqm+xJ2pwFeb/7eVN","previousCounter":0,"rootKey":"H3APWUA1dunA4/WhouxhDD8kMkMXlQ7sjCakPU/lPPE="},"indexInfo":{"baseKey":"BVUqqkRvAnnIlnArOJnhEmFsNHXxLOhK27DVkxAutbRW","baseKeyType":1,"closed":-1,"used":1735085012712,"created":1735085012712,"remoteIdentityKey":"BbBQofBt4Bg5dQjcq6L5tO/9ffmpXAe6rXq3RrPAtzI1"},"_chains":{"BYgEmM6YxSTxDTS2xeJdqSd7I4ZlhBhS2DT3R97tNp0K":{"chainKey":{"counter":0,"key":"Hn/EbUp0dqtbwaQo+VZI6RK/tIbIy9JF3cyYsc4RCvo="},"chainType":1,"messageKeys":{}}},"pendingPreKey":{"signedKeyId":15,"baseKey":"BVUqqkRvAnnIlnArOJnhEmFsNHXxLOhK27DVkxAutbRW","preKeyId":13866887}}},"version":"v1"}