{"_sessions":{"BZ2NAgnN8HSPmYEg/6VRGBhWr73aw6cWC/vDR7aYcI00":{"registrationId":1114492360,"currentRatchet":{"ephemeralKeyPair":{"pubKey":"Bala6BsIdIrL6NJZm5FLRLERthSKCHAKHNKBvU9REaMC","privKey":"iLV7DKPpy9t2qrbR7xa6REYJAoyhlbtw7A6E6ht4dUE="},"lastRemoteEphemeralKey":"BVz5VF0C1mIp8j3SMfg7itMJuaL1VBU+xrJ5guWlJ4xC","previousCounter":0,"rootKey":"4jMdrU/Od/tnm8+4JQVYxPddSKsmJKIKD8+aC+dqqQ8="},"indexInfo":{"baseKey":"BZ2NAgnN8HSPmYEg/6VRGBhWr73aw6cWC/vDR7aYcI00","baseKeyType":1,"closed":-1,"used":1738868688307,"created":1735085025055,"remoteIdentityKey":"BarxCptjBHp7UfeyotEyqJaBLZUs0qU0v/3ew+rRQOU9"},"_chains":{"BVz5VF0C1mIp8j3SMfg7itMJuaL1VBU+xrJ5guWlJ4xC":{"chainKey":{"counter":39,"key":"uPKkasRgL4Lau0w0PkmwOpkOMXsgmNvpynysfeeZO80="},"chainType":2,"messageKeys":{"0":"x6chEAV3jFIEYSnsGBYj0SELFic7jSzA3vIzWMvyFTk=","1":"/Qf3NDZILzPYr/iqOktGvGsftXgRjZApQf5aWEWC75A=","5":"7dgkt506racIz60pA4c4ejnS22PyITuxZyaIRuGKVG4=","11":"l0QmY+lwKSZYUuk8IWvTKfcj+Zov1dHZ2askrcSJurk=","14":"IrnecuSyJWqFyCCH7drbPFUZ70w5w1MrBvZxiIiyafI=","15":"5TrvBWKnRSGSfq1RsHPkTNykiYZfuNy8sOoJ49viZnY=","16":"3tkMh7yLtZATTP05/luS5Rxb6mUxYzKkji13L7zwl7A=","20":"RJC66DDYHR3aqVbxF9DWcGnjyH6uDuHUnzaSC/MajTE=","23":"N5yjqMtI02U1jXq3XkRnhYl684nyvVW171wHfTXGuzw=","24":"2FDNoa8vQTPK6qBNqhVyulUs+t3R/SmRwpBpuaFGpvc=","34":"ulV68Vr0ztBfLZ+5Jr+sL4JizxdaamZmikO+lNk3m9w="}},"Bala6BsIdIrL6NJZm5FLRLERthSKCHAKHNKBvU9REaMC":{"chainKey":{"counter":-1,"key":"pUCXXf3q7jOucnh0mcUm5atZA9GijsJhxBVD9C31F84="},"chainType":1,"messageKeys":{}}}}},"version":"v1"}