{"_sessions":{"BSC1Ds2MSASvS4WTxbeLPwcldJ41XlI74LFAZ/5ONe9R":{"registrationId":16139,"currentRatchet":{"ephemeralKeyPair":{"pubKey":"BUORC4LHpA81hulViLkavkS/qb9/j24y9BEccQL5Jp8m","privKey":"eOlyc6OCnFNWEjxsEJdbIZiYX+wHutYMdPrUpmyvfGc="},"lastRemoteEphemeralKey":"BXGk8ocwK/jPGRr4DD+Qq1NZDpp+Q21WOFMR694rJ24+","previousCounter":0,"rootKey":"iIbfy2lDOlQtodtInnE69E+aOvnJ3gMbxPxiiZOoDtQ="},"indexInfo":{"baseKey":"BSC1Ds2MSASvS4WTxbeLPwcldJ41XlI74LFAZ/5ONe9R","baseKeyType":1,"closed":-1,"used":1738360465258,"created":1738360465258,"remoteIdentityKey":"BeCbqku/WIatCwNduHXCSzYwBstIPwBsfOMzBI9RIcxY"},"_chains":{"BUORC4LHpA81hulViLkavkS/qb9/j24y9BEccQL5Jp8m":{"chainKey":{"counter":0,"key":"yCxPENDbSYtSV+qNVbu7oYB0AJRMMxE3mhnlrhX2d6s="},"chainType":1,"messageKeys":{}}},"pendingPreKey":{"signedKeyId":1,"baseKey":"BSC1Ds2MSASvS4WTxbeLPwcldJ41XlI74LFAZ/5ONe9R","preKeyId":97}}},"version":"v1"}