{"_sessions":{"BS3A96PpcRq1+ki+ImLt+qy2TgigmICO4u4bU/COTfRW":{"registrationId":372346843,"currentRatchet":{"ephemeralKeyPair":{"pubKey":"BSEF1KEYbzHR0WirC7duE7NUSLDrgctobGh3Jc/zXe8j","privKey":"iEkm95VB2e+Oe3snJIIjrmp6YKL9gt0efSkmHXoV1k0="},"lastRemoteEphemeralKey":"BRUtP2JmA7V4mbqxRqBFRdvoVoaXKxl9o9EaTZ4+UQp9","previousCounter":0,"rootKey":"6mvlPQhDLu7M2khcVLH+bDCZkzxagbMR1pQQ4ngUXA4="},"indexInfo":{"baseKey":"BS3A96PpcRq1+ki+ImLt+qy2TgigmICO4u4bU/COTfRW","baseKeyType":1,"closed":-1,"used":1735085021890,"created":1735085021890,"remoteIdentityKey":"BUL+CqP1OBL2ys0t8eXI2avlCIgnwLeu3IBdhPoQaucd"},"_chains":{"BSEF1KEYbzHR0WirC7duE7NUSLDrgctobGh3Jc/zXe8j":{"chainKey":{"counter":0,"key":"4d58apZEa9oXYsB1z6cfOoH99dUGYp1ajDG5ddwjtE8="},"chainType":1,"messageKeys":{}}},"pendingPreKey":{"signedKeyId":6,"baseKey":"BS3A96PpcRq1+ki+ImLt+qy2TgigmICO4u4bU/COTfRW","preKeyId":9106170}}},"version":"v1"}