{"_sessions":{"BYI7eQJeqNSHLVRb3mMJ3HeCHjDRWKPDynIwHKxeZ2pM":{"registrationId":1743938727,"currentRatchet":{"ephemeralKeyPair":{"pubKey":"BQRJaWr+3X3u4JVw9Y+U7IidgoCc9i3Skt5QE4gwVGVB","privKey":"oI7Q91T7Enep4gIgXOWJlkwYhwYBWsYtblowhNGySGo="},"lastRemoteEphemeralKey":"BStByt57wPpIX1pcJSWah2ZjVI/gA9X4w3peEJ7gEKhd","previousCounter":0,"rootKey":"guAr3rin7kRwYdmqPDg7gvXy8r/YjcgBuYA7HsOtQ3I="},"indexInfo":{"baseKey":"BYI7eQJeqNSHLVRb3mMJ3HeCHjDRWKPDynIwHKxeZ2pM","baseKeyType":1,"closed":-1,"used":1735085016243,"created":1735085016243,"remoteIdentityKey":"BUMKeORnWQTOfGa+xOArK8P771lJMLjiNYudAPZxtoRp"},"_chains":{"BQRJaWr+3X3u4JVw9Y+U7IidgoCc9i3Skt5QE4gwVGVB":{"chainKey":{"counter":0,"key":"9E23gnIWOIs5vSSIKWSavaw57Ggju0J1B3hRsmn2KJA="},"chainType":1,"messageKeys":{}}},"pendingPreKey":{"signedKeyId":2,"baseKey":"BYI7eQJeqNSHLVRb3mMJ3HeCHjDRWKPDynIwHKxeZ2pM","preKeyId":9987651}}},"version":"v1"}