{"_sessions":{"BdQU5GObMwevYcQUu65DV3PcaGtrtwsZLl/L/3glPmds":{"registrationId":326888033,"currentRatchet":{"ephemeralKeyPair":{"pubKey":"BeXbh4cvR+HKpoclsZzd5UbprWtLijmZir9xA7Aie9su","privKey":"gP/GQ0+xQ6IupaXtpCW/z2H15XC5QCmDeodokxHMRk0="},"lastRemoteEphemeralKey":"BaJ01V61kyacyQMHrQn5LZi69Gp66z6ZruijSUrqXHE1","previousCounter":0,"rootKey":"Mya14Kw5Q8RdbeEf5jG9mLVn0SIuFC1cOHYoSDTRuFs="},"indexInfo":{"baseKey":"BdQU5GObMwevYcQUu65DV3PcaGtrtwsZLl/L/3glPmds","baseKeyType":1,"closed":-1,"used":1735085013322,"created":1735085013322,"remoteIdentityKey":"BRFehUPeUjX3Z5hPL87nuGTTNCY6EqgWNyUU6uVAyMMb"},"_chains":{"BeXbh4cvR+HKpoclsZzd5UbprWtLijmZir9xA7Aie9su":{"chainKey":{"counter":0,"key":"o5mler/JIm1LhHncAln3HhiWRB2rjsI8fcbXWJmUVYI="},"chainType":1,"messageKeys":{}}},"pendingPreKey":{"signedKeyId":24,"baseKey":"BdQU5GObMwevYcQUu65DV3PcaGtrtwsZLl/L/3glPmds","preKeyId":7410024}}},"version":"v1"}