{"_sessions":{"BVml5gFh67HiJ8uUXD1DXRFfuy1M7SN/FhFfJOd+Pjg/":{"registrationId":656157359,"currentRatchet":{"ephemeralKeyPair":{"pubKey":"Bdyin26xjIQAL6tvjYp76S5IqCeKd9nhT6Ny8X6S8ThZ","privKey":"YFkaKhpM1ibLLyhUWMhs82xTtN4l1knM9UowJOeIx2c="},"lastRemoteEphemeralKey":"BXlW531cXsFgctVwRgnPMaVKfL8mrKHim9b5IBNVP/Qg","previousCounter":0,"rootKey":"fJue94xMb29DRYL5LcQsmP0PjubYXLyzwnX6IHBo5Po="},"indexInfo":{"baseKey":"BVml5gFh67HiJ8uUXD1DXRFfuy1M7SN/FhFfJOd+Pjg/","baseKeyType":1,"closed":-1,"used":1735085019284,"created":1735085019284,"remoteIdentityKey":"Bet99k4uDhAyeE+g69WZBxrNqAUGGj4Kx64TYOtb820v"},"_chains":{"Bdyin26xjIQAL6tvjYp76S5IqCeKd9nhT6Ny8X6S8ThZ":{"chainKey":{"counter":0,"key":"vcWh4qqOf6YJXEcSB/O/2Yb/XsQhVE381QUlh7YqImo="},"chainType":1,"messageKeys":{}}},"pendingPreKey":{"signedKeyId":0,"baseKey":"BVml5gFh67HiJ8uUXD1DXRFfuy1M7SN/FhFfJOd+Pjg/","preKeyId":698249}}},"version":"v1"}