{"_sessions":{"BczLQL9+9xB8fyWpZUrek3I7pvJDFGVQw3jihZmbMvc7":{"registrationId":367174754,"currentRatchet":{"ephemeralKeyPair":{"pubKey":"BXyav9/y7Z+hQKzOzZTRSNeE/zL2xlYoBAKPy5BpVON4","privKey":"eInvAfsiN2tnSDCQKH8Mo4IFPCmgT/X3VNYQcmIgLVw="},"lastRemoteEphemeralKey":"BZG5ln90EXnlNyzUho0SuFkQfPdHbMMtHrmKm12b+mtT","previousCounter":0,"rootKey":"H2GgxWndkEAPVBjcuV3vxR+vGpbemQtbfzRYpbMSb9A="},"indexInfo":{"baseKey":"BczLQL9+9xB8fyWpZUrek3I7pvJDFGVQw3jihZmbMvc7","baseKeyType":1,"closed":-1,"used":1735351409815,"created":1735351409815,"remoteIdentityKey":"Ba46RO63c7G7fQcgVhCbGRWwo+0HGAe5c6jb8kqf+r0q"},"_chains":{"BXyav9/y7Z+hQKzOzZTRSNeE/zL2xlYoBAKPy5BpVON4":{"chainKey":{"counter":0,"key":"83yfMALf3mR+zTf4M4PEp1Fjbr6HYhmoZ8Pn+T28cXw="},"chainType":1,"messageKeys":{}}},"pendingPreKey":{"signedKeyId":1,"baseKey":"BczLQL9+9xB8fyWpZUrek3I7pvJDFGVQw3jihZmbMvc7","preKeyId":842}}},"version":"v1"}