{"_sessions":{"BZzstwwfYxTDNAtZQGyMeKBp+lP8XzJ7UOU/Fr/bC8Ef":{"registrationId":12003,"currentRatchet":{"ephemeralKeyPair":{"pubKey":"BXQV6IYNR4+7x+2KwbjuRKOwW+oeuhxsjAqOljst4QJm","privKey":"KO9TqkZSsef0SXpz1pvNLRzjKbKLqD/Jodu4jeQKoFg="},"lastRemoteEphemeralKey":"BU3MjgHK0MTxLJlbsQi/uK8pXMlUzediaYWqTUcKCiol","previousCounter":0,"rootKey":"uDWpvIcikOcNkucrMjCpS/lWXL1kDX1+/V0CS0a6KzQ="},"indexInfo":{"baseKey":"BZzstwwfYxTDNAtZQGyMeKBp+lP8XzJ7UOU/Fr/bC8Ef","baseKeyType":1,"closed":-1,"used":1735084997982,"created":1735084997982,"remoteIdentityKey":"BWTeSJQB1MrzztjexyWxwhIsq2Lep/XOicNAFAGTY45F"},"_chains":{"BXQV6IYNR4+7x+2KwbjuRKOwW+oeuhxsjAqOljst4QJm":{"chainKey":{"counter":0,"key":"hF8AILddlh0sqz/uSj5rGwp6SLz72drtjIjQRWsEkcM="},"chainType":1,"messageKeys":{}}},"pendingPreKey":{"signedKeyId":1,"baseKey":"BZzstwwfYxTDNAtZQGyMeKBp+lP8XzJ7UOU/Fr/bC8Ef","preKeyId":722}}},"version":"v1"}