{"_sessions":{"BXHLBjuRSi2Vv+m24NzbyQs7nJW6XWF6nCUy4glm6FYA":{"registrationId":13908,"currentRatchet":{"ephemeralKeyPair":{"pubKey":"BZwa5ZWhRL9yeLWEqYi7piMr297vaEjmFZqh2WTbTBYx","privKey":"KNBski5/NT5TQCgE4NrnpTLb9/geT/e5Rcl4d8xDp0Y="},"lastRemoteEphemeralKey":"BYQv69Fr9+57jLquktaq3zxxaWYqqK7s45PLEGyEdAIS","previousCounter":0,"rootKey":"bZ/nnJd8ttYuE1Fxk5d+SISC6Z96eEBG3NTFXoxvoho="},"indexInfo":{"baseKey":"BXHLBjuRSi2Vv+m24NzbyQs7nJW6XWF6nCUy4glm6FYA","baseKeyType":1,"closed":-1,"used":1735084994901,"created":1735084994901,"remoteIdentityKey":"BUTKzwc4Ckwv7Pmh8pODYA8NCbIcuZTuY24xvhCQ3QpR"},"_chains":{"BZwa5ZWhRL9yeLWEqYi7piMr297vaEjmFZqh2WTbTBYx":{"chainKey":{"counter":0,"key":"9v9Ry9nFDiYF7gbXsoj3UuKP0nSIVrifSlbK9DmGwG8="},"chainType":1,"messageKeys":{}}},"pendingPreKey":{"signedKeyId":1,"baseKey":"BXHLBjuRSi2Vv+m24NzbyQs7nJW6XWF6nCUy4glm6FYA","preKeyId":5490}}},"version":"v1"}