{"_sessions":{"BbPUqI0NLD9lnuDMhqWCiGQtSmqNvOaZUBueRPpwJm0t":{"registrationId":1327628616,"currentRatchet":{"ephemeralKeyPair":{"pubKey":"BZpkJY1PBKYwSIL0yphNs8zryzsx4q53EUhAXf8VfGgD","privKey":"AJ6vAxvpxs6Ss3JD1RiqvO/iDPN4CJs34M1nZALrAk8="},"lastRemoteEphemeralKey":"BcqMPjAr28V2hHgUW6zHdGwYu1mpwNd7wGwMU58B5Occ","previousCounter":0,"rootKey":"KcpCGFPknjERFCJq37JdHxD8XKhiNSG39P9NJDEwksk="},"indexInfo":{"baseKey":"BbPUqI0NLD9lnuDMhqWCiGQtSmqNvOaZUBueRPpwJm0t","baseKeyType":1,"closed":-1,"used":1735085024954,"created":1735085024954,"remoteIdentityKey":"BZcxkRKSR5wM9C6yGJYognrUpCFALJDjSRvy9GWBTZFu"},"_chains":{"BZpkJY1PBKYwSIL0yphNs8zryzsx4q53EUhAXf8VfGgD":{"chainKey":{"counter":0,"key":"9qBZokzdw/vzNr7A7mCnn3hLt/i4Lx5++bJYXcCGH+I="},"chainType":1,"messageKeys":{}}},"pendingPreKey":{"signedKeyId":6,"baseKey":"BbPUqI0NLD9lnuDMhqWCiGQtSmqNvOaZUBueRPpwJm0t","preKeyId":7913529}}},"version":"v1"}