{"_sessions":{"Bfv9SNfORNFQ3Zfngxm9zWDNXItfJYUZEQNVQZXvQ/pw":{"registrationId":627016878,"currentRatchet":{"ephemeralKeyPair":{"pubKey":"BR4RkxuFuOq0eXS8hZy58OR8vDhr+URLTUY0RtMhFy9i","privKey":"oLW9Nou8kgSmAlzGHA/J1WOfcu07P+tK8I/6zpfNz14="},"lastRemoteEphemeralKey":"BTHue6ezqRPbEgdVeRAGm811LsmCKc5TmS0rHPuFCT9F","previousCounter":0,"rootKey":"aDFWfV+d9eLXCDYcOmMKeodjE/0vA0njwLkd/gw4QRY="},"indexInfo":{"baseKey":"Bfv9SNfORNFQ3Zfngxm9zWDNXItfJYUZEQNVQZXvQ/pw","baseKeyType":1,"closed":-1,"used":1735084997680,"created":1735084997680,"remoteIdentityKey":"BbxSeY8zLxIL/gxo7NbueHfQkNAuVemDH3p/0B07k54P"},"_chains":{"BR4RkxuFuOq0eXS8hZy58OR8vDhr+URLTUY0RtMhFy9i":{"chainKey":{"counter":0,"key":"yR1DQcTMjYG+juM+v82MbxrL+MvfoB0KZ1l8LRth6sc="},"chainType":1,"messageKeys":{}}},"pendingPreKey":{"signedKeyId":1,"baseKey":"Bfv9SNfORNFQ3Zfngxm9zWDNXItfJYUZEQNVQZXvQ/pw"}}},"version":"v1"}