{"_sessions":{"BZygzya8vxrAjjvkHDLbY/bZ0mG9jY3eKZiMHm38V+4X":{"registrationId":1547452872,"currentRatchet":{"ephemeralKeyPair":{"pubKey":"BfLeGzfAXg8XLHKM4eAhvn1Op+BmmtIQs6sN9tuPsiJb","privKey":"OKt/ytwjaTym3Csu/NlJwxdZ9mVNnHSebf9lgsauVUg="},"lastRemoteEphemeralKey":"Beqv2+XkXSXb5ej8qIWV4m7IXdcBU99McXEEx3SH1W4e","previousCounter":0,"rootKey":"uvHPZe7gIjMasYMDolF2ecKtaWcf8ANqmJki0/Wy5vw="},"indexInfo":{"baseKey":"BZygzya8vxrAjjvkHDLbY/bZ0mG9jY3eKZiMHm38V+4X","baseKeyType":2,"closed":-1,"used":1738387719959,"created":1738381577125,"remoteIdentityKey":"BT0i4jOVt8izilfIn1AQS9irpBg/RyJCG1rRwTBMyj0s"},"_chains":{"BQ174QU7ym7JgqGXuWyxPnDs6TUZXG1dzwtbU4IcbpgP":{"chainKey":{"counter":0},"chainType":2,"messageKeys":{}},"Beqv2+XkXSXb5ej8qIWV4m7IXdcBU99McXEEx3SH1W4e":{"chainKey":{"counter":0,"key":"xdoGeDUDrfNuSKfX0w6L521ZlKfGuWgPuo7UPlurScw="},"chainType":2,"messageKeys":{}},"BfLeGzfAXg8XLHKM4eAhvn1Op+BmmtIQs6sN9tuPsiJb":{"chainKey":{"counter":-1,"key":"4yIHTjf5FoUpqBAXfWaYfS4/rWnO5+qKJDBydewEmnY="},"chainType":1,"messageKeys":{}}}}},"version":"v1"}