{"_sessions":{"BXLx/aQ5QwqruWjCB/Q2vMKYfX7U4lWZXau3PDF2Cig/":{"registrationId":1009197335,"currentRatchet":{"ephemeralKeyPair":{"pubKey":"Bd1Sk1OmkGMbxT6nna+9LSxbKynrKYxJkrJrhlrK9XUS","privKey":"aCWRJgP1l/wkzkB0BFryNEsL19N/iaDnVsD7tVV8o3A="},"lastRemoteEphemeralKey":"BTauXmuKZEfoqW98oqU+ZSKwjHtqLXEU4iOeNtmFj6pn","previousCounter":0,"rootKey":"jfhPKyOlz4xHo3k1P1FBDH6MxThFNopieXsjUK5Vh6Y="},"indexInfo":{"baseKey":"BXLx/aQ5QwqruWjCB/Q2vMKYfX7U4lWZXau3PDF2Cig/","baseKeyType":1,"closed":-1,"used":1735085003914,"created":1735085003914,"remoteIdentityKey":"BdMMUjbP79GzzS56cDWcDqi1U3lfT24migsNzjCb11F4"},"_chains":{"Bd1Sk1OmkGMbxT6nna+9LSxbKynrKYxJkrJrhlrK9XUS":{"chainKey":{"counter":0,"key":"9NpKk4rQPCuAhMWKxmKy2XJO2piIf/HrZhD6T/Pxk6Q="},"chainType":1,"messageKeys":{}}},"pendingPreKey":{"signedKeyId":1,"baseKey":"BXLx/aQ5QwqruWjCB/Q2vMKYfX7U4lWZXau3PDF2Cig/","preKeyId":10896917}}},"version":"v1"}