{"_sessions":{"Bf5Z04cI2g+scax8iEbGFbQS9ikQY+JN4fcd0+dH1OVt":{"registrationId":1332360677,"currentRatchet":{"ephemeralKeyPair":{"pubKey":"BcSSUAdhhvnVGH+HeRBdBCze6TARDj2tDuqhm54emMkv","privKey":"0AD1QGneO1f88ZnRQqmQsXbeOHl18JwIMh0uewK3jU0="},"lastRemoteEphemeralKey":"BVOi45Ks8gehir2rLoxw6JayudVGjzNffTRlJJY+aWUs","previousCounter":0,"rootKey":"9ezZf2Z5KyD/7Yjms1HPjfpOnvIF1jNLTWzeo+8EYQk="},"indexInfo":{"baseKey":"Bf5Z04cI2g+scax8iEbGFbQS9ikQY+JN4fcd0+dH1OVt","baseKeyType":1,"closed":-1,"used":1735085016347,"created":1735085016347,"remoteIdentityKey":"BVkafsYuOTB41AOfR0w7rEA2J5/tCNXatnMv3YD6THoZ"},"_chains":{"BcSSUAdhhvnVGH+HeRBdBCze6TARDj2tDuqhm54emMkv":{"chainKey":{"counter":0,"key":"1CJjawGsVfP6VGhAmSWQqRo9hU6T1FfannY+B7PXvfk="},"chainType":1,"messageKeys":{}}},"pendingPreKey":{"signedKeyId":1,"baseKey":"Bf5Z04cI2g+scax8iEbGFbQS9ikQY+JN4fcd0+dH1OVt","preKeyId":2609214}}},"version":"v1"}