{"_sessions":{"BaiPTtXNAmJcZoU6FvcaKTbnDFIJqrUP9rnlRXWqfSIM":{"registrationId":9072,"currentRatchet":{"ephemeralKeyPair":{"pubKey":"BaJb82f4SSaLULfHM/rASXdPQDIwcdDZSMODTtLK7tJi","privKey":"2Gm0+lN8HNVdeNvFxr8vsvYCMYn+hgJxLLgznqQ0hHw="},"lastRemoteEphemeralKey":"Bb9P4aXf/skPhzHNN/DGLy5S1APzhdMM8K6i8wpWvB46","previousCounter":0,"rootKey":"aE6x9d5mlS2lU2hkjws/EnQnS1QZ9s/BZ8p5qB2kGGw="},"indexInfo":{"baseKey":"BaiPTtXNAmJcZoU6FvcaKTbnDFIJqrUP9rnlRXWqfSIM","baseKeyType":1,"closed":-1,"used":1735084991601,"created":1735084991601,"remoteIdentityKey":"Bc2bAIImwKa1baAKzz8B7lOD0ry+wnnGCDA3qHrCQVEv"},"_chains":{"BaJb82f4SSaLULfHM/rASXdPQDIwcdDZSMODTtLK7tJi":{"chainKey":{"counter":0,"key":"pK9mnv0x0uxxr/WTrPYFizxgvdaKteE8F4f3yXkhC9s="},"chainType":1,"messageKeys":{}}},"pendingPreKey":{"signedKeyId":1,"baseKey":"BaiPTtXNAmJcZoU6FvcaKTbnDFIJqrUP9rnlRXWqfSIM"}}},"version":"v1"}