{"_sessions":{"BaOJpBT9QBrENvelZtHXY/gLLhbshrLJFFRQiFeEDZ1D":{"registrationId":1018823921,"currentRatchet":{"ephemeralKeyPair":{"pubKey":"BXJGW+sgEIUmbUJZdGqzi05G2uEfdC5CnzsHGIrGO8cv","privKey":"WPKKXWZ5nRdaELBJsZpXtcyAf6yWtD2ZRwWHyQIsyn0="},"lastRemoteEphemeralKey":"Bdfy8//GW7J0M43k1NmUzuYEGG/xvkjuul1iHktHAeoS","previousCounter":0,"rootKey":"VvH3UV8erMKVSgCikNPalgFUmFn4sOet8vGhP6NwrLA="},"indexInfo":{"baseKey":"BaOJpBT9QBrENvelZtHXY/gLLhbshrLJFFRQiFeEDZ1D","baseKeyType":1,"closed":-1,"used":1735085006863,"created":1735085006863,"remoteIdentityKey":"BdGUsDEhZVbYZmixO0mR1oO5Td23HM1fzNeY7CNOzt5Y"},"_chains":{"BXJGW+sgEIUmbUJZdGqzi05G2uEfdC5CnzsHGIrGO8cv":{"chainKey":{"counter":0,"key":"B9NlOIE/iputgAEjR1YXKiBur1PnxieSoP/W25ax/8U="},"chainType":1,"messageKeys":{}}},"pendingPreKey":{"signedKeyId":5,"baseKey":"BaOJpBT9QBrENvelZtHXY/gLLhbshrLJFFRQiFeEDZ1D","preKeyId":14371144}}},"version":"v1"}