{"_sessions":{"BW2XVAWxs5kQeVISrViPLh6o3jU1+VuGTQHDP36oq4Ij":{"registrationId":11464,"currentRatchet":{"ephemeralKeyPair":{"pubKey":"BSVMasWMvOxrRzA0qv04q96P6n0YaZR9u93thJfpXaR3","privKey":"gPwaMeBIMJy+6bbcQ5zWyl6emdHrFJzqpdGMZIrzO2Y="},"lastRemoteEphemeralKey":"BQlyQj8A64yjA8zgElvUhwFqjXsqH2MvOIRQTfI1vuN/","previousCounter":0,"rootKey":"PNF2+V1ZnyguC60oextORlpyJ0FLx+sjLneraVcIY7Y="},"indexInfo":{"baseKey":"BW2XVAWxs5kQeVISrViPLh6o3jU1+VuGTQHDP36oq4Ij","baseKeyType":1,"closed":-1,"used":1735084988333,"created":1735084988333,"remoteIdentityKey":"BdUnufikJf8y9smYM/j5/TrT1/n2HG2nhRi+0XicOIcL"},"_chains":{"BSVMasWMvOxrRzA0qv04q96P6n0YaZR9u93thJfpXaR3":{"chainKey":{"counter":0,"key":"wa96xIpabjBAtccpMeyz+1RiHZrYuUP5dnfPzEccWe4="},"chainType":1,"messageKeys":{}}},"pendingPreKey":{"signedKeyId":1,"baseKey":"BW2XVAWxs5kQeVISrViPLh6o3jU1+VuGTQHDP36oq4Ij","preKeyId":780}}},"version":"v1"}