{"_sessions":{"BZf8pgY25isjIoGMgPhoP2noZWwj+ACU/UxdOojkUbRi":{"registrationId":1049067370,"currentRatchet":{"ephemeralKeyPair":{"pubKey":"BU2VOWWh9EH0zIvyTaPq3lo5IwGhlBaH15schiZoA+gS","privKey":"0EiqCH4Ih9oJ6oahJM6YAvA/iCqa+KvVFWykcnMW2l8="},"lastRemoteEphemeralKey":"BTLI7JQBiOg7a3pKnBB0hcn4RT1Qe26MU99oikG9POIU","previousCounter":0,"rootKey":"bhbu7N8VTXKbqNv0oJbx6dWrHfSeh31CS165wNyoU5s="},"indexInfo":{"baseKey":"BZf8pgY25isjIoGMgPhoP2noZWwj+ACU/UxdOojkUbRi","baseKeyType":1,"closed":-1,"used":1735085022173,"created":1735085022173,"remoteIdentityKey":"BeOQB2QjVeBOS0MG6biJSOsHyCyJRFZdNCCZmlh8zRdn"},"_chains":{"BU2VOWWh9EH0zIvyTaPq3lo5IwGhlBaH15schiZoA+gS":{"chainKey":{"counter":0,"key":"/6AYZelBqd7txJknjGLtlPgwSoys1M2X6InbgoMcSl0="},"chainType":1,"messageKeys":{}}},"pendingPreKey":{"signedKeyId":11,"baseKey":"BZf8pgY25isjIoGMgPhoP2noZWwj+ACU/UxdOojkUbRi","preKeyId":9545306}}},"version":"v1"}