{"_sessions":{"BQUhpmCBeijynLVBE/prz1BsJz+bo6DxdWhMm+3YDxRX":{"registrationId":663777866,"currentRatchet":{"ephemeralKeyPair":{"pubKey":"BVWm9jLxZ0iGaPkJCNkDcYlgKtIjxwwrOu4xyRCDGNJc","privKey":"uDBjIiKaLsCoDmGSnI9OgpGd/hc5SSblz0FykjLDl1U="},"lastRemoteEphemeralKey":"BcN+/GtIOvVNguoThqPoevFLYmo5mnVZJMA6BNQy2kR/","previousCounter":0,"rootKey":"sUmxUGGsF8/3M/+v4Wzm4b1cM1mzsCeysXsalQsMuNM="},"indexInfo":{"baseKey":"BQUhpmCBeijynLVBE/prz1BsJz+bo6DxdWhMm+3YDxRX","baseKeyType":1,"closed":-1,"used":1735085006426,"created":1735085006426,"remoteIdentityKey":"BcONZvFTS850XJAyzyqF/3jMDadK3+ftPFr8TYXsVMhp"},"_chains":{"BVWm9jLxZ0iGaPkJCNkDcYlgKtIjxwwrOu4xyRCDGNJc":{"chainKey":{"counter":0,"key":"q484RYUXoq+33TEQlGWnobI7iiZTlzsi2m4ZUh8CXZk="},"chainType":1,"messageKeys":{}}},"pendingPreKey":{"signedKeyId":8,"baseKey":"BQUhpmCBeijynLVBE/prz1BsJz+bo6DxdWhMm+3YDxRX"}}},"version":"v1"}