{"_sessions":{"Bc6i1FU8J3T+ITJ3TRd4lQh6anNTL2zgjAfOV9jZy78r":{"registrationId":1841762000,"currentRatchet":{"ephemeralKeyPair":{"pubKey":"BVuMDX9di9Tru2uV6BJ3eLZQLNYd2sq5YPb71srFJrZp","privKey":"ED5440Jca4JDZfJUKl4S0GGlq5CwNMIUx2S0ExDVQ24="},"lastRemoteEphemeralKey":"BYxpmjdYkGHeokIA5cu748VROMldM6DfeUDgRJ5MfOY6","previousCounter":0,"rootKey":"Vq70+W2pK9O1F7qMYp1fKjL76JRRMkkFOwVkBtu+Z9o="},"indexInfo":{"baseKey":"Bc6i1FU8J3T+ITJ3TRd4lQh6anNTL2zgjAfOV9jZy78r","baseKeyType":1,"closed":-1,"used":1738893810348,"created":1735085028307,"remoteIdentityKey":"BcHEYAXr2RSuZdr6WsU5O+1aqIQv3S6T7vMOfA1qqrVi"},"_chains":{"BYxpmjdYkGHeokIA5cu748VROMldM6DfeUDgRJ5MfOY6":{"chainKey":{"counter":11,"key":"RHQU8hklSE1XydQrC6idV7h3IjrQjy4xYQqeWoUty4w="},"chainType":2,"messageKeys":{}},"BVuMDX9di9Tru2uV6BJ3eLZQLNYd2sq5YPb71srFJrZp":{"chainKey":{"counter":-1,"key":"y7GZOd7JVXwB29OC9yoPnX5ICma77319YJ7DIQvlheQ="},"chainType":1,"messageKeys":{}}}}},"version":"v1"}