{"_sessions":{"BcERlmnV7Q4nxpGoQ5Tb+Q38FGFHSAh1FPj3fJHKD5tu":{"registrationId":1408775138,"currentRatchet":{"ephemeralKeyPair":{"pubKey":"BQX45qyh6G5Lrl+epQ9CmMHU98ZQMG7yth9eNrU7cCAL","privKey":"OFoQ5JGvJ3+DIwcCfbuiFUA0w3HIyWeqtAb07fFl6XA="},"lastRemoteEphemeralKey":"BZMACZ3Htuzz6K1ad4J/GajenhTFc85yGuX1uPSEcV9z","previousCounter":0,"rootKey":"AFd8pz9l5O4F+1/RP043cR4PWRwIpXKogErrmT3FCp8="},"indexInfo":{"baseKey":"BcERlmnV7Q4nxpGoQ5Tb+Q38FGFHSAh1FPj3fJHKD5tu","baseKeyType":1,"closed":-1,"used":1735085016105,"created":1735085016105,"remoteIdentityKey":"BVeM1fS8ryBjLxQ0wQohMfnD92pZx/RSKmrAGNZiuRRG"},"_chains":{"BQX45qyh6G5Lrl+epQ9CmMHU98ZQMG7yth9eNrU7cCAL":{"chainKey":{"counter":0,"key":"bEvkBGGwVekC6G6Q2iOU9uBd61X/ZXBf4YZvr4qyizI="},"chainType":1,"messageKeys":{}}},"pendingPreKey":{"signedKeyId":3,"baseKey":"BcERlmnV7Q4nxpGoQ5Tb+Q38FGFHSAh1FPj3fJHKD5tu","preKeyId":427488}}},"version":"v1"}