{"_sessions":{"BZTvjnRKS8h05U44UBNRX2AzYUeJnuZXPCr0+pTTpxxA":{"registrationId":345194676,"currentRatchet":{"ephemeralKeyPair":{"pubKey":"BbwJXK3eJMjOKxcdAFlbnqRba4yKHpT9KBvK7//JyPY8","privKey":"0HC1+4yQwH2pSg9Fg9EnosLFTCWjkuen+ksVsgyBGnc="},"lastRemoteEphemeralKey":"BU7if0s55AdWX0Xzdll2dllyl5DEkMZMwoYMB2POWGBB","previousCounter":0,"rootKey":"7wtIY6YfnHGt+ik8BpWCqGiTdGJwxyg0I4duC6dZUA8="},"indexInfo":{"baseKey":"BZTvjnRKS8h05U44UBNRX2AzYUeJnuZXPCr0+pTTpxxA","baseKeyType":1,"closed":-1,"used":1735084988174,"created":1735084988174,"remoteIdentityKey":"BV83oz9eo5EuvDfjFw5LcUsH8AeMOtAo8fVo7+ZrruhH"},"_chains":{"BbwJXK3eJMjOKxcdAFlbnqRba4yKHpT9KBvK7//JyPY8":{"chainKey":{"counter":0,"key":"Y8zz76DV9XFw2Aw3hDxzE2UmPRWWrh/JGTkRXR0b95Q="},"chainType":1,"messageKeys":{}}},"pendingPreKey":{"signedKeyId":7,"baseKey":"BZTvjnRKS8h05U44UBNRX2AzYUeJnuZXPCr0+pTTpxxA","preKeyId":3449}}},"version":"v1"}