{"_sessions":{"BcQHOo0mLhcdn8084jkXpoarQiYQCOERa+zPy3W9zhEI":{"registrationId":419912933,"currentRatchet":{"ephemeralKeyPair":{"pubKey":"BR9ICjNAMcDojGHHtECHycQ44SsnQOeuOFWfNtAW+v9Z","privKey":"4DLpC1+1c4XUj/zY7FXzo/LcTIhA3UAhtlXCuW59SUo="},"lastRemoteEphemeralKey":"BQzRTU8hkVFUdZ6Lufie8dyu1xAO9eewtGilTeY3OKkB","previousCounter":0,"rootKey":"PafJ5O4R20m57WpqHZVZ56NNc5PL0uroUKvDd6Y2zis="},"indexInfo":{"baseKey":"BcQHOo0mLhcdn8084jkXpoarQiYQCOERa+zPy3W9zhEI","baseKeyType":1,"closed":-1,"used":1735084994838,"created":1735084994838,"remoteIdentityKey":"BQPt0itNPK04WGMXJR1Iwe4vmKXjElW4vl0QPFuvqccw"},"_chains":{"BR9ICjNAMcDojGHHtECHycQ44SsnQOeuOFWfNtAW+v9Z":{"chainKey":{"counter":0,"key":"Qz4o3STWHwMmuALzesuHN501odlHUEA5vtoBLRHgKpc="},"chainType":1,"messageKeys":{}}},"pendingPreKey":{"signedKeyId":1,"baseKey":"BcQHOo0mLhcdn8084jkXpoarQiYQCOERa+zPy3W9zhEI","preKeyId":1165}}},"version":"v1"}