{"_sessions":{"BVMmzIgv7lt7XYyjWBRfOz+ux99hqT+oS5wmzmO/Ya0P":{"registrationId":15592,"currentRatchet":{"ephemeralKeyPair":{"pubKey":"BYfKoWX/MKEUvvqzTHse8HkFinTLM+6FaoivJZrUn5kL","privKey":"OPKNS/08cBAVYHGLwZuYfBB7WSBvbPiBJGDdS3iOrGI="},"lastRemoteEphemeralKey":"BbpM6GG+J5FtPzEg08fXDKxcFhkqsb4oa6oyLCuwMvNn","previousCounter":0,"rootKey":"iN2AspqlVfFIgCtNCM6n10sxHKhpOw4Jl2Kgctmy0+c="},"indexInfo":{"baseKey":"BVMmzIgv7lt7XYyjWBRfOz+ux99hqT+oS5wmzmO/Ya0P","baseKeyType":1,"closed":-1,"used":1735084991699,"created":1735084991699,"remoteIdentityKey":"BTqfSMmbUvUw88jz99QRFc05Ads8reM1k4GPgy2G9wUU"},"_chains":{"BYfKoWX/MKEUvvqzTHse8HkFinTLM+6FaoivJZrUn5kL":{"chainKey":{"counter":0,"key":"YNbfk5lnke8rgrqxELNClChh7J4iA/3/OhFa0/0uKpQ="},"chainType":1,"messageKeys":{}}},"pendingPreKey":{"signedKeyId":1,"baseKey":"BVMmzIgv7lt7XYyjWBRfOz+ux99hqT+oS5wmzmO/Ya0P"}}},"version":"v1"}