{"_sessions":{"BcSzel21llxX2Vv1SC3Vay2ByVU0glQNCsC3Fd9VgTE9":{"registrationId":406082155,"currentRatchet":{"ephemeralKeyPair":{"pubKey":"BaJj2KjJqHCn3ceAcS44Mi6xl3blYgHfPUrs8d4OX+IG","privKey":"COGIn0lpI1C8ngOJOL9Ssjtbl7RmefG+e4rRr4qKAX8="},"lastRemoteEphemeralKey":"BYAJ6ZCDlACzgTpD/l2CciTAGZXa5hXunSpA276CBM0u","previousCounter":0,"rootKey":"v6o82jQElUqJgEFSIZFTnWAJW+xUIiBFsDYtWk/AWCE="},"indexInfo":{"baseKey":"BcSzel21llxX2Vv1SC3Vay2ByVU0glQNCsC3Fd9VgTE9","baseKeyType":1,"closed":-1,"used":1735084991533,"created":1735084991533,"remoteIdentityKey":"BXWm6ioAa0xK9orbJIkFsy2YeyUcREX7G91kJvkEyEx9"},"_chains":{"BaJj2KjJqHCn3ceAcS44Mi6xl3blYgHfPUrs8d4OX+IG":{"chainKey":{"counter":0,"key":"wH/bGOuiq+N4Skgnm4neQOmvS/Cx+hI1Mo6UpoXbeT4="},"chainType":1,"messageKeys":{}}},"pendingPreKey":{"signedKeyId":2,"baseKey":"BcSzel21llxX2Vv1SC3Vay2ByVU0glQNCsC3Fd9VgTE9","preKeyId":3960}}},"version":"v1"}