{"_sessions":{"BSgZ2ZMOr+Of5I3ACsUcghI3tMb5+u+y3bNGzPgED0oy":{"registrationId":16255,"currentRatchet":{"ephemeralKeyPair":{"pubKey":"BdzENEBgDKcq1DJIHr6mABPRW2nWlUE8qZFkBngWD/RM","privKey":"qFsHPPsUDvN7zWP0sP/irjYLmkOBB7727dn0YdiovlY="},"lastRemoteEphemeralKey":"BWkqEh9IlMrP8triE/YZj/bMX0UMKqoM26Xg5CBfkH1o","previousCounter":0,"rootKey":"xz35OmBogWeFeML6ApP1kDovJEYOdsKAPRbYInxWddg="},"indexInfo":{"baseKey":"BSgZ2ZMOr+Of5I3ACsUcghI3tMb5+u+y3bNGzPgED0oy","baseKeyType":1,"closed":-1,"used":1738360465297,"created":1738360465297,"remoteIdentityKey":"Ba7xVQGcfZCV7sblPOWsrYYfBNKLEiyetD6jd3FrM0tW"},"_chains":{"BdzENEBgDKcq1DJIHr6mABPRW2nWlUE8qZFkBngWD/RM":{"chainKey":{"counter":0,"key":"Cr0U7uiQ6frg/JBV025pXc1kb12JID8Yfr4+yofmqpw="},"chainType":1,"messageKeys":{}}},"pendingPreKey":{"signedKeyId":1,"baseKey":"BSgZ2ZMOr+Of5I3ACsUcghI3tMb5+u+y3bNGzPgED0oy","preKeyId":191}}},"version":"v1"}