{"_sessions":{"BVfF3lZHxkKbqqtK+ACEv+U0aEXfCePgPYMgsfMXOkJX":{"registrationId":7472,"currentRatchet":{"ephemeralKeyPair":{"pubKey":"BSHc9Wi7ytGE20lTAfF4l8+jMj9EkYMJoYhPEKp554MO","privKey":"IC8jIFqKLFh8GRKxYV6kI/mxa4O6yihA6RfNt5h7G3k="},"lastRemoteEphemeralKey":"BQT0G4X8EbOruJOp3UxPbVtUpjlkUG1INefgFWdfjCJz","previousCounter":0,"rootKey":"jm+XXNiRhpEz8Fzn0tli8ADUSLzMDqJKeeAg316zRhY="},"indexInfo":{"baseKey":"BVfF3lZHxkKbqqtK+ACEv+U0aEXfCePgPYMgsfMXOkJX","baseKeyType":1,"closed":-1,"used":1735084994851,"created":1735084994851,"remoteIdentityKey":"BdHSEaQEM013zVwg+jfl4Or8P9EyDKHnFZqU0pwI6SQx"},"_chains":{"BSHc9Wi7ytGE20lTAfF4l8+jMj9EkYMJoYhPEKp554MO":{"chainKey":{"counter":0,"key":"X6h1h9LG7JlG6RH+SMdLdVc1zPX1amq12iexEaaMYb8="},"chainType":1,"messageKeys":{}}},"pendingPreKey":{"signedKeyId":2,"baseKey":"BVfF3lZHxkKbqqtK+ACEv+U0aEXfCePgPYMgsfMXOkJX","preKeyId":4715}}},"version":"v1"}