{"_sessions":{"Bduxh+cswujxoId+EhqbtjSKwTLItLufrFgXqzvcDwF5":{"registrationId":78101779,"currentRatchet":{"ephemeralKeyPair":{"pubKey":"Bdc5PwgPP3YOlXrDFXUbKqLzHp4594LHPRT+HIqqRcAW","privKey":"YG6VtPYHfKku8IwsmEf4vTE/Yk0iRY6u7CYCM1obsFw="},"lastRemoteEphemeralKey":"BVR40btWRd4xu6hTltNma8LdV5W+VTVQT3RggyZwo+YB","previousCounter":0,"rootKey":"qAngED7GM0ERQ2Q2w74iMDFkIAOttY8hNkVlN+wZnBQ="},"indexInfo":{"baseKey":"Bduxh+cswujxoId+EhqbtjSKwTLItLufrFgXqzvcDwF5","baseKeyType":1,"closed":-1,"used":1735085009873,"created":1735085009873,"remoteIdentityKey":"BUbPcCc4xXjT4OZ4Xybm+3tKv+bOkGctIpWZQmkY6v8R"},"_chains":{"Bdc5PwgPP3YOlXrDFXUbKqLzHp4594LHPRT+HIqqRcAW":{"chainKey":{"counter":0,"key":"Mad9veAgY54Gu1nT7QzefbbQslOUa0AqFNDgbKpKhJI="},"chainType":1,"messageKeys":{}}},"pendingPreKey":{"signedKeyId":0,"baseKey":"Bduxh+cswujxoId+EhqbtjSKwTLItLufrFgXqzvcDwF5"}}},"version":"v1"}