{"_sessions":{"BehKZ+FynmkATUSusmV965+UfWbrF0fiJ8/Q9CXBON9A":{"registrationId":15321,"currentRatchet":{"ephemeralKeyPair":{"pubKey":"Be5BRfndSTBU4EvAo0M+ae1dnp1j89/Ydx8Ci6ovvMIs","privKey":"KDC3WMheqgJgtFxMfqc9uUa943reYJtGnQgqFQ8GinI="},"lastRemoteEphemeralKey":"BVeqtheZKUPc3iJ5qh3zHcEvKuObGoC+GuR1nRykr6I2","previousCounter":0,"rootKey":"dDFmdyD1Q+VIP0vbT8Bw1P3rJrBx+jJxdhC8zFfhuug="},"indexInfo":{"baseKey":"BehKZ+FynmkATUSusmV965+UfWbrF0fiJ8/Q9CXBON9A","baseKeyType":1,"closed":-1,"used":1735084988270,"created":1735084988270,"remoteIdentityKey":"Baf1/aDkGfpgtoM7YVa/Cnmzry1yakTXB97JteUcAXNM"},"_chains":{"Be5BRfndSTBU4EvAo0M+ae1dnp1j89/Ydx8Ci6ovvMIs":{"chainKey":{"counter":0,"key":"NoDuhUlzdiHDUgyvlpJS56bfaBHq9GnxFrcTdLGvkf8="},"chainType":1,"messageKeys":{}}},"pendingPreKey":{"signedKeyId":1,"baseKey":"BehKZ+FynmkATUSusmV965+UfWbrF0fiJ8/Q9CXBON9A"}}},"version":"v1"}