{"_sessions":{"BfsNaNxGmA1sZjpCrVxcwmppMyRo2Ru2mx1BqsQ+uyxL":{"registrationId":2093410603,"currentRatchet":{"ephemeralKeyPair":{"pubKey":"BfObe6/WGK7iKFs5B8dqlugmAETJu2sp58F1s3qrOGRD","privKey":"ABpdiwE/HPIuClkd5T7Wiqz3sQlwMKDjCR2bHWm380s="},"lastRemoteEphemeralKey":"BZWhZnkIVZ8YLJgdpqAb05H6XXDXyIZuaJUMHv0BEzF1","previousCounter":0,"rootKey":"YRDtzcWcZW1wSDtaezo7lQ3b5ksxQ+JQKaJ84e9Mx7Y="},"indexInfo":{"baseKey":"BfsNaNxGmA1sZjpCrVxcwmppMyRo2Ru2mx1BqsQ+uyxL","baseKeyType":1,"closed":-1,"used":1735085003696,"created":1735085003696,"remoteIdentityKey":"BSjYZgkxTPv/+GeJAMkBk8jsq3dBf4QS4b/o6kSNeWQb"},"_chains":{"BfObe6/WGK7iKFs5B8dqlugmAETJu2sp58F1s3qrOGRD":{"chainKey":{"counter":0,"key":"722S1DqglftVxwwUi2aaLo3vPuo5rbY+6Q9tD6EYRtU="},"chainType":1,"messageKeys":{}}},"pendingPreKey":{"signedKeyId":13,"baseKey":"BfsNaNxGmA1sZjpCrVxcwmppMyRo2Ru2mx1BqsQ+uyxL","preKeyId":15723633}}},"version":"v1"}