{"_sessions":{"BeXsrhufSj9E9v+BpxvOKCom4P72eR8kAiFRUyrGhW0w":{"registrationId":936226061,"currentRatchet":{"ephemeralKeyPair":{"pubKey":"BXomW3xy5V2DD2iG1frEthz9XVDl2W/9LFTecBN+4XgM","privKey":"WIIEKWh8IzSLO2nQszpd3gmgT6E0WdIvyvCe/NsXBm8="},"lastRemoteEphemeralKey":"BXl2ts45aa9jAwUjp12L7NH+1+/j4u0fBW8XBjANxYs2","previousCounter":0,"rootKey":"9Ad6ktU5STbboJ4WKmKMmcmf7zbD8WZF655LLJsZZxM="},"indexInfo":{"baseKey":"BeXsrhufSj9E9v+BpxvOKCom4P72eR8kAiFRUyrGhW0w","baseKeyType":1,"closed":-1,"used":1735085027997,"created":1735085027997,"remoteIdentityKey":"BRframllmu4XSN+JxeJA7jcsEcwCaC6LKvs13AXx3T0Q"},"_chains":{"BXomW3xy5V2DD2iG1frEthz9XVDl2W/9LFTecBN+4XgM":{"chainKey":{"counter":0,"key":"yrGEh/YtYLL9gViO0jjyQ6Mej6ncJqh9/cDXmzq6evc="},"chainType":1,"messageKeys":{}}},"pendingPreKey":{"signedKeyId":11,"baseKey":"BeXsrhufSj9E9v+BpxvOKCom4P72eR8kAiFRUyrGhW0w","preKeyId":508053}}},"version":"v1"}