{"_sessions":{"BYVGaaUVGVNxbgfD8FMBnM+STCW0fhsVC3h8K6YB5koq":{"registrationId":186845673,"currentRatchet":{"ephemeralKeyPair":{"pubKey":"BV4mvUCY1KIlwD9diyw4edh0NnqwO7rYPXPgBgA2shRg","privKey":"IG0MDd4ELIcFjyYabHbUKkLCu8Iz6Q/dTIyHgakmN1w="},"lastRemoteEphemeralKey":"BUur/XnIASzvkOMvvJHzmJeSy6US525wzaTHoBJ8HVMk","previousCounter":0,"rootKey":"p9krtcrbCcC4haS6XtJmXS+kEfGRrRdaBmrlnq+hBDE="},"indexInfo":{"baseKey":"BYVGaaUVGVNxbgfD8FMBnM+STCW0fhsVC3h8K6YB5koq","baseKeyType":1,"closed":-1,"used":1735085013028,"created":1735085013028,"remoteIdentityKey":"BWnNB761BgMthKmHnTGWhPovVkAemZ/mNLWJzL63mC9J"},"_chains":{"BV4mvUCY1KIlwD9diyw4edh0NnqwO7rYPXPgBgA2shRg":{"chainKey":{"counter":0,"key":"SauFXhoKX4e5sZ2zfRYthKIGj7eJLeW9dbvqC4bfefc="},"chainType":1,"messageKeys":{}}},"pendingPreKey":{"signedKeyId":1,"baseKey":"BYVGaaUVGVNxbgfD8FMBnM+STCW0fhsVC3h8K6YB5koq","preKeyId":6598503}}},"version":"v1"}