{"_sessions":{"BeBfXog4OD0y1ahh4JZ4Og2wmsQGG+Jt76I1VxdZfkMT":{"registrationId":542076045,"currentRatchet":{"ephemeralKeyPair":{"pubKey":"BfiHC9W6PhbpHbIa963sIefASGvob/qvm/tiIKDzYBl3","privKey":"QPj+PlsxpaDw+VHce3TxRgstlvOnD8b8B6PIK1VftkM="},"lastRemoteEphemeralKey":"BQkm/hX9339BRWP5YZpgMh2iy1NGS2DoadbvZ332oscj","previousCounter":0,"rootKey":"p3LqSWqQ/kNfKQL/m6opT3SswND2K9JJrGlS9eeM//s="},"indexInfo":{"baseKey":"BeBfXog4OD0y1ahh4JZ4Og2wmsQGG+Jt76I1VxdZfkMT","baseKeyType":1,"closed":-1,"used":1735085016186,"created":1735085016186,"remoteIdentityKey":"BXuuPvq4IclYp1Vnsd4gt2UmjGZ9hRY8sQKArn6z+5R7"},"_chains":{"BfiHC9W6PhbpHbIa963sIefASGvob/qvm/tiIKDzYBl3":{"chainKey":{"counter":0,"key":"T44EZgkYnZKblILKq+fYhzcwM0nwU3Yrl4mNSyKtkII="},"chainType":1,"messageKeys":{}}},"pendingPreKey":{"signedKeyId":1,"baseKey":"BeBfXog4OD0y1ahh4JZ4Og2wmsQGG+Jt76I1VxdZfkMT","preKeyId":3119189}}},"version":"v1"}