{"_sessions":{"BT6tU3sR5T3dCMUvUdHufzN7qHNhNqLIW/9RUTWD1BpL":{"registrationId":7680,"currentRatchet":{"ephemeralKeyPair":{"pubKey":"BXdVUuJtGBNWmsN5d+9jUjCtkAvHavS9s6jiFM52u5Nn","privKey":"UIEQdJQbDek9M+H9Dy+NF+Pdq5ztEW/THnC1jV04rmA="},"lastRemoteEphemeralKey":"BZJuEHnZkaxwp4xIQvwWpdoqs0ys+ec6hdQYFkVEZmMo","previousCounter":0,"rootKey":"A4RAhHBRPGwNS11bddzaBMr8FYKNPImqQtz5Qwhttmo="},"indexInfo":{"baseKey":"BT6tU3sR5T3dCMUvUdHufzN7qHNhNqLIW/9RUTWD1BpL","baseKeyType":1,"closed":-1,"used":1739015971579,"created":1739015971579,"remoteIdentityKey":"BdcipvO0bC0eYjvAAev2emgetI5MAoyp1fxa1MNkKCIn"},"_chains":{"BXdVUuJtGBNWmsN5d+9jUjCtkAvHavS9s6jiFM52u5Nn":{"chainKey":{"counter":0,"key":"Kkw8iG2wVmHUrk+Cl89oKBJlkQBP9Ejb4/+EkM9Liu8="},"chainType":1,"messageKeys":{}}},"pendingPreKey":{"signedKeyId":1,"baseKey":"BT6tU3sR5T3dCMUvUdHufzN7qHNhNqLIW/9RUTWD1BpL"}}},"version":"v1"}