{"_sessions":{"BcmcPauxHOASvRXwpnP6JMEm5BQVCBtQ4fB32b/kg30g":{"registrationId":1492411019,"currentRatchet":{"ephemeralKeyPair":{"pubKey":"BaTigDpAa/sKaGt+cvgPm+08/ZBRS0fcgpMa1c+i44MM","privKey":"KN/hFBVF1YJSXZ31jlOxpvucrN2iCsfe3Rs9Fcml2mM="},"lastRemoteEphemeralKey":"BUmD6is1WdE6SrhAnirICjgQDoDD9JsmxdkNpA78CHRx","previousCounter":0,"rootKey":"vqEx8A+NHu1m6HNO0j+2RsDF+yCPXOulOqRgRaLmaUI="},"indexInfo":{"baseKey":"BcmcPauxHOASvRXwpnP6JMEm5BQVCBtQ4fB32b/kg30g","baseKeyType":1,"closed":-1,"used":1735085010057,"created":1735085010057,"remoteIdentityKey":"BTeQkwPXBDVfBt6xRQ36t6pBMWTwZPYkT/w7C9SEbRpN"},"_chains":{"BaTigDpAa/sKaGt+cvgPm+08/ZBRS0fcgpMa1c+i44MM":{"chainKey":{"counter":0,"key":"8f3qVywZBgAWgjbM2bLB4n1iqS8iYS21msswsRixO+I="},"chainType":1,"messageKeys":{}}},"pendingPreKey":{"signedKeyId":4,"baseKey":"BcmcPauxHOASvRXwpnP6JMEm5BQVCBtQ4fB32b/kg30g","preKeyId":11549285}}},"version":"v1"}