{"_sessions":{"Bf2p5CnpUAbBnic4bGcoeUW695G7cMsQRCzC2SKcavAP":{"registrationId":315612037,"currentRatchet":{"ephemeralKeyPair":{"pubKey":"Be6X7eIpnxjc5tZn4eBouVxRsxKVF/PWnd2BomjUaNcJ","privKey":"qNl8CLSvwXLJrZSSxqejqa6jq01Yv3yhdg3mTRz+yW0="},"lastRemoteEphemeralKey":"BUHOJ8SXDdADPTYo94FpsdvtdPAA0nHmSm0vFNdNm2ZS","previousCounter":0,"rootKey":"n8Z8Z7vnxyJjB4Hhz6f9vPmzmPOp6P9JCncJjPQhtC4="},"indexInfo":{"baseKey":"Bf2p5CnpUAbBnic4bGcoeUW695G7cMsQRCzC2SKcavAP","baseKeyType":1,"closed":-1,"used":1735085012900,"created":1735085012900,"remoteIdentityKey":"Bf6LbFHr4aX7gYOHZiRGTc1fgU65CaSVtMsAPugj7qUW"},"_chains":{"Be6X7eIpnxjc5tZn4eBouVxRsxKVF/PWnd2BomjUaNcJ":{"chainKey":{"counter":0,"key":"YGYzIOzCqFDrt2OBFduETBC8Jpa70KbpswxqX0rmxIc="},"chainType":1,"messageKeys":{}}},"pendingPreKey":{"signedKeyId":47,"baseKey":"Bf2p5CnpUAbBnic4bGcoeUW695G7cMsQRCzC2SKcavAP","preKeyId":14312273}}},"version":"v1"}