{"_sessions":{"BXe/7hvPclVKrpSAlYD5MJhDC62zfwSmRx2GzLI1KFoL":{"registrationId":2789,"currentRatchet":{"ephemeralKeyPair":{"pubKey":"Baaprn2iItwOMU4sQXUNcNDuF15Qt1U70UgqM37GK4tu","privKey":"gIiISIcbHTNfKTV6Hkp4QHdDvzw6uMtUAfo5K5WfPEs="},"lastRemoteEphemeralKey":"BUrRGpv0BBoeus0PZbnKkGCP+QqbeLXzkgbmEBRRXKIo","previousCounter":0,"rootKey":"BC7nCTwHb1yFpuV1Eq183dE1lJ/iiBd4/BrRJjsOWZQ="},"indexInfo":{"baseKey":"BXe/7hvPclVKrpSAlYD5MJhDC62zfwSmRx2GzLI1KFoL","baseKeyType":1,"closed":-1,"used":1735084998245,"created":1735084998245,"remoteIdentityKey":"BehoOrWvwJAaAXZBfJCjWLiNIGWUL16yPz89AgNox3B/"},"_chains":{"Baaprn2iItwOMU4sQXUNcNDuF15Qt1U70UgqM37GK4tu":{"chainKey":{"counter":0,"key":"gbRt9ZC6pecdRMbjWV1SvNSNR2/loE4lwNe8+YT88Do="},"chainType":1,"messageKeys":{}}},"pendingPreKey":{"signedKeyId":1,"baseKey":"BXe/7hvPclVKrpSAlYD5MJhDC62zfwSmRx2GzLI1KFoL","preKeyId":709}}},"version":"v1"}