{"_sessions":{"BZklnxhFyQucU4lLtdLaw8FMXLvqAtKEoyqM8h/erM1f":{"registrationId":741037056,"currentRatchet":{"ephemeralKeyPair":{"pubKey":"BZ5P0A7BsjWS4e3EZSpCIafK3Xs56WvURZaCilH6boNq","privKey":"uJxms7P73rt0JmCl0ayU1DF6yg4NDi02RozvNiM3zHk="},"lastRemoteEphemeralKey":"BWzT/woYFD029mM/H+E6wOJHEXkMsDHfd47o7c8Vfvxu","previousCounter":0,"rootKey":"Xe92MSNqZz8yXtfyiNcCiUoDxw3MCb7N0GRrfGspPxA="},"indexInfo":{"baseKey":"BZklnxhFyQucU4lLtdLaw8FMXLvqAtKEoyqM8h/erM1f","baseKeyType":1,"closed":-1,"used":1735085016010,"created":1735085016010,"remoteIdentityKey":"BSC+N5Uw4p+VW+Y2whcBY28cg4iTs75EzO3z/IfVyiou"},"_chains":{"BZ5P0A7BsjWS4e3EZSpCIafK3Xs56WvURZaCilH6boNq":{"chainKey":{"counter":0,"key":"4xXBww7g9VnER538lvuqFSZEFdSWS/fnermT0LohBU4="},"chainType":1,"messageKeys":{}}},"pendingPreKey":{"signedKeyId":4,"baseKey":"BZklnxhFyQucU4lLtdLaw8FMXLvqAtKEoyqM8h/erM1f","preKeyId":13965897}}},"version":"v1"}