{"_sessions":{"BVVMlX1hwRunYAHxY+qfPkx2oaLLy1K9L/Lrbnd6T18m":{"registrationId":125440232,"currentRatchet":{"ephemeralKeyPair":{"pubKey":"BafyjcL3vdlCgEd9nGAz4CYAGnQ8tmLX/yv9+txDKQpA","privKey":"mANEjiEBf9q10qIoR3PD7XIe8iuPzCqKSqZezr9IIn0="},"lastRemoteEphemeralKey":"Bbbq+/5eqb2GIJgMaRdOXwX+Vn/YUAWbU3ZoZz3W45db","previousCounter":0,"rootKey":"etX/gJ3YLdaMdo3L4hffvbPD6xbKjYdBeSO6bco2sh8="},"indexInfo":{"baseKey":"BVVMlX1hwRunYAHxY+qfPkx2oaLLy1K9L/Lrbnd6T18m","baseKeyType":1,"closed":-1,"used":1738892526457,"created":1735085028255,"remoteIdentityKey":"BfmtJlIUR8yZKCH+DVj+SJ5YAivMBvRaVA9Q2iBXFnNn"},"_chains":{"Bbbq+/5eqb2GIJgMaRdOXwX+Vn/YUAWbU3ZoZz3W45db":{"chainKey":{"counter":51,"key":"XRHN00k+9S8lriU1QLe4LVBFsnsHc4YQW6q/be5ntRE="},"chainType":2,"messageKeys":{}},"BafyjcL3vdlCgEd9nGAz4CYAGnQ8tmLX/yv9+txDKQpA":{"chainKey":{"counter":-1,"key":"Ug5G42IwJ90CbOMnq1c8haGg7ZF8IFqzu7rxKoeFJW0="},"chainType":1,"messageKeys":{}}}}},"version":"v1"}