{"_sessions":{"BcYZ3sT7IWlFl88dBsfglIbhcM9iltZAObFcfCAr1Dl5":{"registrationId":179734593,"currentRatchet":{"ephemeralKeyPair":{"pubKey":"BVTvK+mbdVlvY3CXWvfcwhwIFCQ7+M3daya4dhkHV/9N","privKey":"qDxToiC1fJM94wO0IuCLm4nx5oevZBavdgOvGwAmJ3k="},"lastRemoteEphemeralKey":"BXGA3XJsjzHk4mkStBSb3wHBkr410qrOj5Vt5h7+f1M+","previousCounter":0,"rootKey":"2e5a1Ckur42jftzW1YyLpOf7nbFrhq2x85xyfzXE/r0="},"indexInfo":{"baseKey":"BcYZ3sT7IWlFl88dBsfglIbhcM9iltZAObFcfCAr1Dl5","baseKeyType":1,"closed":-1,"used":1735831173602,"created":1735085009940,"remoteIdentityKey":"BRS+6XiQqZK1cW9Cf0UvPzuqJXidABrv5Nm4jBdE2dtb"},"_chains":{"BXGA3XJsjzHk4mkStBSb3wHBkr410qrOj5Vt5h7+f1M+":{"chainKey":{"counter":1,"key":"BslbKUp5amNr0GZYImLYwrfUyUCvFWpanFB20U4GOro="},"chainType":2,"messageKeys":{}},"BVTvK+mbdVlvY3CXWvfcwhwIFCQ7+M3daya4dhkHV/9N":{"chainKey":{"counter":-1,"key":"gthg1UhstGB5nBcPRx+pyAfzfo3Ujy28peNaJqdSEXA="},"chainType":1,"messageKeys":{}}}}},"version":"v1"}