{"_sessions":{"BQK/wkTSCZCsrQIt7bskqDv4f+lZJD5swh71Jg7XpJkC":{"registrationId":1241849589,"currentRatchet":{"ephemeralKeyPair":{"pubKey":"BePqg7K4Eu+twsldg9HDmz2zbbCcC+r+QLAHarkOjCI8","privKey":"yFwPT02PBT1O6GAcFVslUKCefu7yrdny6Xf2f5kublw="},"lastRemoteEphemeralKey":"BbP42v8Cl7zs5griaHfwIw4BE+liVhmS7q5tqCxb1uIs","previousCounter":0,"rootKey":"YvCZIAoa2dXQjx3awkGsP/vEVUGccemk4K3dsWukcjo="},"indexInfo":{"baseKey":"BQK/wkTSCZCsrQIt7bskqDv4f+lZJD5swh71Jg7XpJkC","baseKeyType":1,"closed":1735614429301,"used":1735102024705,"created":1735085009671,"remoteIdentityKey":"Bb4EC+NGYyzfAX74tMp39fpDPOx3b8pPV7MeUmkGZ5Aw"},"_chains":{"BbP42v8Cl7zs5griaHfwIw4BE+liVhmS7q5tqCxb1uIs":{"chainKey":{"counter":0,"key":"5wwtWZOlgzBOfC2sdVnwMGaS0LALIxlEe6Hyz4peiVw="},"chainType":2,"messageKeys":{}},"BePqg7K4Eu+twsldg9HDmz2zbbCcC+r+QLAHarkOjCI8":{"chainKey":{"counter":-1,"key":"JIhFomzFvMIaF4HELDYjzvJj0/w6VePvxp9AslKg08s="},"chainType":1,"messageKeys":{}}}},"BQBUAK1ELjVNrwhHDZnhVVTNstK64GA3x9dTGooW1Adq":{"registrationId":1637750267,"currentRatchet":{"ephemeralKeyPair":{"pubKey":"BcmIzbCScakzsZwGGybaUPo5Y0DPuTfoBiA5KAqaIMlE","privKey":"sC5tIO5ItKzcLqa6pFR4zZHBoe18ZDpSl8vs6/SRIH4="},"lastRemoteEphemeralKey":"BcqEwdmK3ZSnWHdn503hp4qD80ZRSqpjZAb2z2H9/ONA","previousCounter":0,"rootKey":"ScLVrMmt1xoJSTy4MnSCox4n50AE+EU9krNvDRUHvO8="},"indexInfo":{"baseKey":"BQBUAK1ELjVNrwhHDZnhVVTNstK64GA3x9dTGooW1Adq","baseKeyType":2,"closed":-1,"used":1735614429309,"created":1735614429309,"remoteIdentityKey":"BaWJ3wVs6Zy7Yi1AgWIer5ZiRsGyfhHHC4eTP7AwgYhA"},"_chains":{"BcqEwdmK3ZSnWHdn503hp4qD80ZRSqpjZAb2z2H9/ONA":{"chainKey":{"counter":7,"key":"X35z9htxiVj/D3NYIxZmIRj5a6IBpMJ2aRmf6+6v858="},"chainType":2,"messageKeys":{}},"BcmIzbCScakzsZwGGybaUPo5Y0DPuTfoBiA5KAqaIMlE":{"chainKey":{"counter":-1,"key":"/NaxJlP6zkZa7jSrtlW0l0Ty3HE9nSi20/GxfI0kehM="},"chainType":1,"messageKeys":{}}}}},"version":"v1"}