{"_sessions":{"BXZzIudY2K6Qt1cg3BY2pn0PgVv9NOIJduEYVouRGGh8":{"registrationId":1201488069,"currentRatchet":{"ephemeralKeyPair":{"pubKey":"Bcm3vEvKievWy9QaX2X16DItfpwSHTZWj/2key/zVv1a","privKey":"OEfxvZsxPLnbsc9fTOkwzaK0ZpxpUzqdSuphI5JUyX0="},"lastRemoteEphemeralKey":"BQbwpszCPgAMwBlXaJ0/69CMUatmVvCrBud3TQKhgH8J","previousCounter":0,"rootKey":"/7YomB+BYmMmkLkhw+H0ELHR8Q+wB9PPPtLwPUFou+g="},"indexInfo":{"baseKey":"BXZzIudY2K6Qt1cg3BY2pn0PgVv9NOIJduEYVouRGGh8","baseKeyType":1,"closed":-1,"used":1735085009910,"created":1735085009910,"remoteIdentityKey":"BVSzS1LV5I6BDIuc/zKqxzTYEjmNRo59uHyY+r9HaRpi"},"_chains":{"Bcm3vEvKievWy9QaX2X16DItfpwSHTZWj/2key/zVv1a":{"chainKey":{"counter":0,"key":"dYt3A7gVo1yh1G2m5oXEyKGP/aU8aR+Fj3X5TwNHtFQ="},"chainType":1,"messageKeys":{}}},"pendingPreKey":{"signedKeyId":13,"baseKey":"BXZzIudY2K6Qt1cg3BY2pn0PgVv9NOIJduEYVouRGGh8","preKeyId":11812373}}},"version":"v1"}