{"_sessions":{"BeZ45XnnDL5+/PmbdO+711J/hWvjzAb1rf4U6XBc3dMY":{"registrationId":1905951692,"currentRatchet":{"ephemeralKeyPair":{"pubKey":"Beln8mHprt4WPdpOMW5leH+0eiJMBHqNbFWYSbPnBtQ/","privKey":"SKSb3+up+aHrcstX8XxAeHCI0L2Cc93axQ0MllvK/mY="},"lastRemoteEphemeralKey":"BdeSgnHw2f482V3xl2zTg2IJ0sj3iD3Th8tK60TGTVBi","previousCounter":0,"rootKey":"frQBPpOtqXlkNbBaMHzsShgt3HFgieHIPbf0cC/uEpM="},"indexInfo":{"baseKey":"BeZ45XnnDL5+/PmbdO+711J/hWvjzAb1rf4U6XBc3dMY","baseKeyType":1,"closed":-1,"used":1735085003935,"created":1735085003935,"remoteIdentityKey":"BbUVXu4IT8jxIFM+XBPd/lPSFCMn/xjN7ctyQyVOnx4x"},"_chains":{"Beln8mHprt4WPdpOMW5leH+0eiJMBHqNbFWYSbPnBtQ/":{"chainKey":{"counter":0,"key":"ifQXZ7sEYELQg49+yrrNY3vJWnzOUkYYDgTjj4YyAi8="},"chainType":1,"messageKeys":{}}},"pendingPreKey":{"signedKeyId":10,"baseKey":"BeZ45XnnDL5+/PmbdO+711J/hWvjzAb1rf4U6XBc3dMY","preKeyId":2510623}}},"version":"v1"}