{"_sessions":{"BSfa78e+3CzQQkrF9ucmaerFePcDZjikEd8xKkeZ9xhT":{"registrationId":1265450984,"currentRatchet":{"ephemeralKeyPair":{"pubKey":"BdXghNyE66hzG/1jqFQvnMhNYmDvHaa5pMuTRsTpy8A/","privKey":"0DGNiETXNFNkA7Wzfze6yVS/p1tviTo4/HL9+krHg3g="},"lastRemoteEphemeralKey":"BXeW75bcsKtLUU7iCXbB8EGAtFWsLHuLYqZyrYqw2f81","previousCounter":0,"rootKey":"vPVbR4bsPw3lKHtSslm3fxnoq9e5chzBWMhi3vuPoz0="},"indexInfo":{"baseKey":"BSfa78e+3CzQQkrF9ucmaerFePcDZjikEd8xKkeZ9xhT","baseKeyType":1,"closed":-1,"used":1735616649894,"created":1735085028399,"remoteIdentityKey":"BWl6uYfCHoBriUrX/PYjFAZhAiWmMcwnwKUdxDmKNDIk"},"_chains":{"BXeW75bcsKtLUU7iCXbB8EGAtFWsLHuLYqZyrYqw2f81":{"chainKey":{"counter":1,"key":"YNcVFy17qsdzRt0kNbybHy4rEUt5et7QBhWGxtgM6jE="},"chainType":2,"messageKeys":{}},"BdXghNyE66hzG/1jqFQvnMhNYmDvHaa5pMuTRsTpy8A/":{"chainKey":{"counter":-1,"key":"SjhGDuFw+wn6SZ4l/lho2wLBmPH9Vlxp/9HEPB6c4ew="},"chainType":1,"messageKeys":{}}}}},"version":"v1"}