{"_sessions":{"Bb9HMQTnJsYbJEHzvKsutzUXKefbUHdmLZbV3T7OlEVe":{"registrationId":316242539,"currentRatchet":{"ephemeralKeyPair":{"pubKey":"BdtSN7lQRG7FCZMfS3QLHym+VED/0ixFe/3HCgT2lUxG","privKey":"kCFq0u5cz607ZHnLMgMcP6y8FwJJUlofHGucQ+ikK10="},"lastRemoteEphemeralKey":"BTQYUkRh+wD5p2wP53DrPgub/HSj//PlhKSr+RCKtily","previousCounter":0,"rootKey":"Ws5ckjOJJdm19VbH55j+i7forE+YpI2w00pPkCz+hSg="},"indexInfo":{"baseKey":"Bb9HMQTnJsYbJEHzvKsutzUXKefbUHdmLZbV3T7OlEVe","baseKeyType":1,"closed":-1,"used":1738602351596,"created":1738602351596,"remoteIdentityKey":"BcEbAvoNu92kXu6UVfRzNPK5plu3PRK+oQnRTZII/HMa"},"_chains":{"BdtSN7lQRG7FCZMfS3QLHym+VED/0ixFe/3HCgT2lUxG":{"chainKey":{"counter":0,"key":"u40crPNOtioURwaeWLciyn0qnQWNNyuNvLhwqg4bK5o="},"chainType":1,"messageKeys":{}}},"pendingPreKey":{"signedKeyId":30,"baseKey":"Bb9HMQTnJsYbJEHzvKsutzUXKefbUHdmLZbV3T7OlEVe","preKeyId":5607275}}},"version":"v1"}