{"_sessions":{"BQpoRV/Br923Us7XloGk6qHzGEe9VZY7UpRsjiTjnZ0h":{"registrationId":1184182266,"currentRatchet":{"ephemeralKeyPair":{"pubKey":"BW09I7EEnWxJi4DX1FUXnVt3h6sajkvIlpFiRiyJFuQw","privKey":"6K36oAcKnVELzJ/NZRnnx00cGM7qOuY4cespm826h3Q="},"lastRemoteEphemeralKey":"BRzsyGAS2YwPRgjsIErxNw+3FRSh2mXhFJ/DX0TDZVwg","previousCounter":0,"rootKey":"MLlG7OZNbhW5rpzgnyzc6F3LAT5t5qUU+IwBxqaAikY="},"indexInfo":{"baseKey":"BQpoRV/Br923Us7XloGk6qHzGEe9VZY7UpRsjiTjnZ0h","baseKeyType":1,"closed":-1,"used":1735478456470,"created":1735085003645,"remoteIdentityKey":"BbRucDjaCrFn1lsY3ZlvfHGU15/aAz2MwudrNPI0GVkR"},"_chains":{"BRzsyGAS2YwPRgjsIErxNw+3FRSh2mXhFJ/DX0TDZVwg":{"chainKey":{"counter":0,"key":"QCxGkG7y5NJp9Plkurycjl72/F2JWb7Ec2Z14PhUe+0="},"chainType":2,"messageKeys":{}},"BW09I7EEnWxJi4DX1FUXnVt3h6sajkvIlpFiRiyJFuQw":{"chainKey":{"counter":-1,"key":"Ph2r4Ro3CYO/kD3ugXpr0ngOvLka7KHw7vXNfmjWbHk="},"chainType":1,"messageKeys":{}}}}},"version":"v1"}