{"_sessions":{"BWwpW/GvQ07F1sCtxASP4Lvoe7xGomrYWluO3y+rrmkI":{"registrationId":2109298579,"currentRatchet":{"ephemeralKeyPair":{"pubKey":"Ber/MopEq4PGCgIXomCcL1IrQWBR0KuAvs4n7umig04B","privKey":"+ACOV/5oj0Du/KBT9e+MK66xs94CLCkyiNb3OiWANGk="},"lastRemoteEphemeralKey":"BRJPoSEHwZnxzc0x+7Kl4rnZXsmQQEYBOrSTJ5/h2N4o","previousCounter":0,"rootKey":"RTvT7XU3mqpN7RqmJbhppVda9mKnoEAeW2qJsuyfesg="},"indexInfo":{"baseKey":"BWwpW/GvQ07F1sCtxASP4Lvoe7xGomrYWluO3y+rrmkI","baseKeyType":1,"closed":-1,"used":1735393888970,"created":1735393888970,"remoteIdentityKey":"BaOa4N6k5feJcKQ2Wkl8AFGSprq/7mOFFehqDpCYpC1A"},"_chains":{"Ber/MopEq4PGCgIXomCcL1IrQWBR0KuAvs4n7umig04B":{"chainKey":{"counter":0,"key":"LwlwL5XTEBKA4DAITknXYOn2O6qMuh+5YgdBt2VLD0Q="},"chainType":1,"messageKeys":{}}},"pendingPreKey":{"signedKeyId":12,"baseKey":"BWwpW/GvQ07F1sCtxASP4Lvoe7xGomrYWluO3y+rrmkI","preKeyId":9258055}}},"version":"v1"}