{"_sessions":{"BYv2E1WT/3GJjdEk9ZeGQ7SX/QYi5kwOuimHGhB3LxRn":{"registrationId":369533094,"currentRatchet":{"ephemeralKeyPair":{"pubKey":"BWKY8FRl2nhfNYqetlYc/4SufpO1e9Ea4bZmMr0heJE6","privKey":"YMtwzSJiS8rMcVFu0eHOdQ8ppPy63UKTOVsTKQc2c2Q="},"lastRemoteEphemeralKey":"Bdmll00JJxx342F8xfsKZisw/4SZsX3dwWKqulyxyyBB","previousCounter":0,"rootKey":"ZPLngVvkC3JXmtXvsEsVHHvnNStmzhXXRBIS7cNVbEI="},"indexInfo":{"baseKey":"BYv2E1WT/3GJjdEk9ZeGQ7SX/QYi5kwOuimHGhB3LxRn","baseKeyType":1,"closed":-1,"used":1735084994596,"created":1735084994596,"remoteIdentityKey":"BU4cKsOYc1mK6xy0R4POzW3qcvAfF6PZ/k8V6wOjrBAY"},"_chains":{"BWKY8FRl2nhfNYqetlYc/4SufpO1e9Ea4bZmMr0heJE6":{"chainKey":{"counter":0,"key":"t45DH0Y6om9jp5jBq86ljzNE4YeP/GWzWXWZ5W2/kTY="},"chainType":1,"messageKeys":{}}},"pendingPreKey":{"signedKeyId":3,"baseKey":"BYv2E1WT/3GJjdEk9ZeGQ7SX/QYi5kwOuimHGhB3LxRn","preKeyId":4984370}}},"version":"v1"}