{"_sessions":{"BZLnEU2O8CvyuEYPl8I9DB4y4NarsC1z6hfDfzYYRsUD":{"registrationId":1378370433,"currentRatchet":{"ephemeralKeyPair":{"pubKey":"BdUc75+xYrQ9nuWuFiQOfjlWcTyvrG35/r2CqQezGbVH","privKey":"0MZsetyGGT3HkR0IQZDZ8igeaVg+NMPIylKUmyf6rWg="},"lastRemoteEphemeralKey":"BdnmSTevmIpx31rw0oyEziw4rZsJ98QZYlVAGNAQXBoC","previousCounter":0,"rootKey":"e5BdJVfpRrzElrBlb446INQkIfUnZR2OGBslM1Vy3q8="},"indexInfo":{"baseKey":"BZLnEU2O8CvyuEYPl8I9DB4y4NarsC1z6hfDfzYYRsUD","baseKeyType":1,"closed":-1,"used":1737063598628,"created":1735085001049,"remoteIdentityKey":"Bfk4rOadYZX6ldmiu2dmhwcT+WL6NgqzJZPPkhGarRxR"},"_chains":{"BdnmSTevmIpx31rw0oyEziw4rZsJ98QZYlVAGNAQXBoC":{"chainKey":{"counter":3,"key":"ssv1fbjW+8056B4GyiJba7FeMwN/dfDc4lnIXoT4hyA="},"chainType":2,"messageKeys":{}},"BdUc75+xYrQ9nuWuFiQOfjlWcTyvrG35/r2CqQezGbVH":{"chainKey":{"counter":-1,"key":"iIf7OAKi6SxRyUK1tdo0jwLzCLep1M6OtdRXX+9UEss="},"chainType":1,"messageKeys":{}}}}},"version":"v1"}