{"_sessions":{"Bc1xx0O0oCDLiX1TCtxuzLWzFdnmCxO9tEzDwefIEStc":{"registrationId":249,"currentRatchet":{"ephemeralKeyPair":{"pubKey":"BeFvS29FyBjxqSk6o08WaBjkIHyOJuBnwp6F2g6V3k5f","privKey":"8G3cM/zLQGH3YuQfCznK1GZhWm7N3LyqFWc58CLLMVc="},"lastRemoteEphemeralKey":"BUI/CLhYcxSI5048Y/s9t3HDTQVGMhB2WZdyP3MMzcd9","previousCounter":0,"rootKey":"omdft3ROWmN9N3XfyrAbRjfkZFTOnx7oo1zzcRhs89E="},"indexInfo":{"baseKey":"Bc1xx0O0oCDLiX1TCtxuzLWzFdnmCxO9tEzDwefIEStc","baseKeyType":1,"closed":-1,"used":1735084988339,"created":1735084988339,"remoteIdentityKey":"BRF3I36kP1EfeDCZohPLx5ExOOufpSmYeTfrAxGLztRH"},"_chains":{"BeFvS29FyBjxqSk6o08WaBjkIHyOJuBnwp6F2g6V3k5f":{"chainKey":{"counter":0,"key":"Q2HUs6zeCTJF1W3GAsjjiI+LcaOwYe7KKMSgV9qD/Lk="},"chainType":1,"messageKeys":{}}},"pendingPreKey":{"signedKeyId":1,"baseKey":"Bc1xx0O0oCDLiX1TCtxuzLWzFdnmCxO9tEzDwefIEStc"}}},"version":"v1"}