{"_sessions":{"BVB25aj8sbfUXklw2rB0qJYpZHAocgtO/RKl0+wJ8/Y7":{"registrationId":448172388,"currentRatchet":{"ephemeralKeyPair":{"pubKey":"Bfsex08BWHC9U+2hNtV3JFsvw03cyOrGAp7TQ+3DBqI4","privKey":"eF+qjGPWXy7pIExgLR0qRhwlw9svO6ALiKJIoDcA5Gs="},"lastRemoteEphemeralKey":"BTIY50myRZZq8w97vjlMZXuf5mh5hxsmlUCG/5u76Gxz","previousCounter":0,"rootKey":"idG7E6Y+T+1AAYAK5F6rvoAUHKX5OcPvJYAmNApEbkw="},"indexInfo":{"baseKey":"BVB25aj8sbfUXklw2rB0qJYpZHAocgtO/RKl0+wJ8/Y7","baseKeyType":1,"closed":-1,"used":1735085007003,"created":1735085007003,"remoteIdentityKey":"BbRKC/16oLr3Qr5lvWDyfL+pEH/Nzs1MImBNShwjvWkN"},"_chains":{"Bfsex08BWHC9U+2hNtV3JFsvw03cyOrGAp7TQ+3DBqI4":{"chainKey":{"counter":0,"key":"yyb83a6bdc3eZkBvztb98JuofoOcnUzxvgbLzXd+NJY="},"chainType":1,"messageKeys":{}}},"pendingPreKey":{"signedKeyId":1,"baseKey":"BVB25aj8sbfUXklw2rB0qJYpZHAocgtO/RKl0+wJ8/Y7","preKeyId":2854099}}},"version":"v1"}