{"_sessions":{"BazcIGp6l0o/o6Rv2iAraefwVmWIOanSIgODDFSjF1ky":{"registrationId":1236082114,"currentRatchet":{"ephemeralKeyPair":{"pubKey":"BdSTUPz59+mWJwtAYPBDaJMq9eduQgiuS0ds3JhlApIr","privKey":"eEb8aFEIVYXRjGs23XUehqozgTEAm2VrJszabg2Ddno="},"lastRemoteEphemeralKey":"BXbMoOg+BIR2nSP6AARFtOvhdP105d7Ol3dYAtkUJlB7","previousCounter":0,"rootKey":"vRhDaRCZasmEL6y+9gPuE8IrS3KxNkIkZoWVD8exciA="},"indexInfo":{"baseKey":"BazcIGp6l0o/o6Rv2iAraefwVmWIOanSIgODDFSjF1ky","baseKeyType":1,"closed":-1,"used":1735085013343,"created":1735085013343,"remoteIdentityKey":"BVHrvyyUgLQu0izoiURb1IJSCpmo/FFB8slUpoTtTHYQ"},"_chains":{"BdSTUPz59+mWJwtAYPBDaJMq9eduQgiuS0ds3JhlApIr":{"chainKey":{"counter":0,"key":"Ka3we1SMX6kJ70c06H0C5srzrqXGmE+IWTocQ5QJJj8="},"chainType":1,"messageKeys":{}}},"pendingPreKey":{"signedKeyId":0,"baseKey":"BazcIGp6l0o/o6Rv2iAraefwVmWIOanSIgODDFSjF1ky","preKeyId":9246711}}},"version":"v1"}