{"_sessions":{"BU66BzjesLWdm1KE3zUpsX6O/YCLx/OU6SBKpMLoXGA6":{"registrationId":349330520,"currentRatchet":{"ephemeralKeyPair":{"pubKey":"Bd4QVCuMpto4v/45C2cBP8Qx4Mn/tF1xeoPbSt0CBiwr","privKey":"qBcI/nqzsevtSanolnr23jpJZuhQNZddid6msfVT8Fs="},"lastRemoteEphemeralKey":"BWXeC5M9XlnEwRPoajTPag7w+Q03tIsu4xtc0aA/lqRZ","previousCounter":0,"rootKey":"LcxMjY0bQw+ixD75nvo7AIRxSE+nZAaLnhoCsSnuDQ0="},"indexInfo":{"baseKey":"BU66BzjesLWdm1KE3zUpsX6O/YCLx/OU6SBKpMLoXGA6","baseKeyType":1,"closed":-1,"used":1735084988352,"created":1735084988352,"remoteIdentityKey":"BY6QW/zKxhPAmds74gEAOIqmZApKom67mpNrRS1VI0Qt"},"_chains":{"Bd4QVCuMpto4v/45C2cBP8Qx4Mn/tF1xeoPbSt0CBiwr":{"chainKey":{"counter":0,"key":"svJ1KDgPZn/M+Q/ljCQw3yxv+Xk39yo+CfgXwKLCUvI="},"chainType":1,"messageKeys":{}}},"pendingPreKey":{"signedKeyId":3,"baseKey":"BU66BzjesLWdm1KE3zUpsX6O/YCLx/OU6SBKpMLoXGA6","preKeyId":6182718}}},"version":"v1"}