{"_sessions":{"BUvttbHVY+z8NjJ+uPjLAdVj4Ba/8XWptWOJn6XX/Wsp":{"registrationId":1278857445,"currentRatchet":{"ephemeralKeyPair":{"pubKey":"BW0mdbSDANIfb7T6ra8YcDGGiJLvekomjks2VmlZp9Fy","privKey":"KCa3gU5dwAIDivMdPT0DfnL6bI/2d1a4SLmTDOgSiVQ="},"lastRemoteEphemeralKey":"BZwze+7nVxqL2cMLTLtvZH19/JJClSuR2jvJYMVc/UNe","previousCounter":0,"rootKey":"pdWyqaAXVj4mMLTn5neA5G45F9V+aoZbSzfd48quDKI="},"indexInfo":{"baseKey":"BUvttbHVY+z8NjJ+uPjLAdVj4Ba/8XWptWOJn6XX/Wsp","baseKeyType":1,"closed":-1,"used":1738816458382,"created":1735085007019,"remoteIdentityKey":"BSTRqBlTUGvBY9Z59slYg4ns08RH9ymoofjkhUMOBwso"},"_chains":{"BZwze+7nVxqL2cMLTLtvZH19/JJClSuR2jvJYMVc/UNe":{"chainKey":{"counter":1,"key":"7ZBlmtlX07tGcBGeboSSGTEIJBPneqEjULzW0zyGvss="},"chainType":2,"messageKeys":{}},"BW0mdbSDANIfb7T6ra8YcDGGiJLvekomjks2VmlZp9Fy":{"chainKey":{"counter":-1,"key":"gVxaviKUfRWPT4/ITBHVqSbyLPkfxj5OQyDXAZl6jQ4="},"chainType":1,"messageKeys":{}}}}},"version":"v1"}