{"_sessions":{"BSs/se47yF94wElX0Tvk3BaRtGFodPpcSpNDJF2nNChH":{"registrationId":1570470657,"currentRatchet":{"ephemeralKeyPair":{"pubKey":"BS0plm3hRWL+dqNlwGyPb8PZB+nT8Q9JTvOt3GtDWkBQ","privKey":"ILjAw2p5OIUQvY9SKMSxHJJcZdtbEmmUYFSM58gpakQ="},"lastRemoteEphemeralKey":"BUojGUR3SGD0hupD8R5FBRoNDbXc40jyCh1Liyt7FjAr","previousCounter":0,"rootKey":"Uc0yYVJc5ID3WgDE9T0ZaBnMMFiFLYHDH9mEjLBIygY="},"indexInfo":{"baseKey":"BSs/se47yF94wElX0Tvk3BaRtGFodPpcSpNDJF2nNChH","baseKeyType":1,"closed":-1,"used":1735085000532,"created":1735085000532,"remoteIdentityKey":"Be0DcSj/SOvTr+vpXZSyWIxK/lKfrPh52Ai2pA/CaaRC"},"_chains":{"BS0plm3hRWL+dqNlwGyPb8PZB+nT8Q9JTvOt3GtDWkBQ":{"chainKey":{"counter":0,"key":"dHekEyAd7iqt1pps+yNjFzLtBlE4zBq1mF9xmEJVpSY="},"chainType":1,"messageKeys":{}}},"pendingPreKey":{"signedKeyId":3,"baseKey":"BSs/se47yF94wElX0Tvk3BaRtGFodPpcSpNDJF2nNChH","preKeyId":16385045}}},"version":"v1"}