{"_sessions":{"BesVb5qe5/wjd2V9iJVWcQM2TcgA19VHTjibF56NJ180":{"registrationId":567781488,"currentRatchet":{"ephemeralKeyPair":{"pubKey":"Bbjk1eS1ujEM1jJ3GtgsWgqS6L9laX+lqSR/CFxPZb1Z","privKey":"OK7gsZTZn0QCHzMCXfTHBwljJBAJOl90oHo9qYgsuUQ="},"lastRemoteEphemeralKey":"Bbett6Ymt1cuoWTnSzlz6O9tWYmvcysgBlRvMipUyGwp","previousCounter":0,"rootKey":"u4aEO2F1c5+WpWCrjq9Y1i73RQtwqgkCAK85GfPe/W0="},"indexInfo":{"baseKey":"BesVb5qe5/wjd2V9iJVWcQM2TcgA19VHTjibF56NJ180","baseKeyType":1,"closed":-1,"used":1736018488185,"created":1735085022434,"remoteIdentityKey":"BcPKnLwZORoIHngX+ckC2q9qdIgjsNiPAEemaUQBwDpm"},"_chains":{"Bbett6Ymt1cuoWTnSzlz6O9tWYmvcysgBlRvMipUyGwp":{"chainKey":{"counter":1,"key":"LlxwEztclaKjBb4k0p4RmI4B+aCasPh2qGBP14hk8XY="},"chainType":2,"messageKeys":{}},"Bbjk1eS1ujEM1jJ3GtgsWgqS6L9laX+lqSR/CFxPZb1Z":{"chainKey":{"counter":-1,"key":"pQ934j5aq2GsJDxW8sILvB7pBuBnSUAm3ZTIV8lF1eI="},"chainType":1,"messageKeys":{}}}}},"version":"v1"}