{"_sessions":{"Bbs4XiQbrKIupafqaKCKKasdZAnI1LvvbkWkQt01K7VY":{"registrationId":13217,"currentRatchet":{"ephemeralKeyPair":{"pubKey":"BWtePTKRr59ZBVEPUgt7zpoR1TgqbOz8QBBEH1v9AYVP","privKey":"yFpWFiYHAKjgBpLSchAfAYpBgrM5JPzdyCAHxgplaUQ="},"lastRemoteEphemeralKey":"BR+hCUUPFV1hJ8Pvv7N58PUw/+WECFFBvZurT0xF57wc","previousCounter":0,"rootKey":"3zU3asXNMJfFA+uOmvAkmgcTBllLTgleeuOhyTtKSR8="},"indexInfo":{"baseKey":"Bbs4XiQbrKIupafqaKCKKasdZAnI1LvvbkWkQt01K7VY","baseKeyType":1,"closed":-1,"used":1738643874462,"created":1738643874462,"remoteIdentityKey":"BUpTlYNP6enP7bXmotP4gTq0/C2/wDHO8wpRWlsKICdc"},"_chains":{"BWtePTKRr59ZBVEPUgt7zpoR1TgqbOz8QBBEH1v9AYVP":{"chainKey":{"counter":0,"key":"P3XgczsRVG1X4mX2uAg3bOd5s5pNf1hTsEKFLwwOmQc="},"chainType":1,"messageKeys":{}}},"pendingPreKey":{"signedKeyId":1,"baseKey":"Bbs4XiQbrKIupafqaKCKKasdZAnI1LvvbkWkQt01K7VY","preKeyId":140}}},"version":"v1"}