{"_sessions":{"BdsHToEtNTmYLhLcFsK8QYxAMlh68abiFi9ZpT0tUCAb":{"registrationId":31931337,"currentRatchet":{"ephemeralKeyPair":{"pubKey":"BX3Uk1IwfT+Y27bk0kUnqqMsjZ5qiCjXv6nS8eIbPmoJ","privKey":"gC00clvj02KwIrht3AZCOOBVe1upXT1n39nLNqsIxVw="},"lastRemoteEphemeralKey":"Be7byFbxQbkA9Ji9et7enQuubAeAh/Atvys//xzWzyEf","previousCounter":0,"rootKey":"uEl39wNhfCithaJo1gDcY+RT2WXfAySqqJZmBZcD+9g="},"indexInfo":{"baseKey":"BdsHToEtNTmYLhLcFsK8QYxAMlh68abiFi9ZpT0tUCAb","baseKeyType":1,"closed":-1,"used":1735085004014,"created":1735085004014,"remoteIdentityKey":"BRwj+DBCkbvpQe+CYvzlT3QrBiCKyeQKsRKHNt1G7pAk"},"_chains":{"BX3Uk1IwfT+Y27bk0kUnqqMsjZ5qiCjXv6nS8eIbPmoJ":{"chainKey":{"counter":0,"key":"zeCE/T8a/dSR/kPQBfTGLjb5ajHc74OeN6jui6Bd00w="},"chainType":1,"messageKeys":{}}},"pendingPreKey":{"signedKeyId":14,"baseKey":"BdsHToEtNTmYLhLcFsK8QYxAMlh68abiFi9ZpT0tUCAb","preKeyId":13305949}}},"version":"v1"}