{"_sessions":{"BZpOfQxCNIAkh6OpVZEQe09ZVYk3+ttXkF2KKjh6y2sk":{"registrationId":1117338153,"currentRatchet":{"ephemeralKeyPair":{"pubKey":"BbOg6UJw2JIsVc/YF/tjU1stDTtHOtsYjlQeHr3K399v","privKey":"uOn2mo/zdXiPhkCBc1Rf/8M/UzSxxHKq8zOR47VOmHI="},"lastRemoteEphemeralKey":"BSAhykV7BQHMapww6EFfJ1bSFgmpFeVHrR85meK2kdIa","previousCounter":0,"rootKey":"0T6ZAMB5Acu7/STUk/i8IqJ2uhN3qBjIA621Y9VRQ2U="},"indexInfo":{"baseKey":"BZpOfQxCNIAkh6OpVZEQe09ZVYk3+ttXkF2KKjh6y2sk","baseKeyType":1,"closed":-1,"used":1735084997832,"created":1735084997832,"remoteIdentityKey":"BS9F9JrMnLpadR8QbOpni+vLMYeqXn5nozZQLFokCOo3"},"_chains":{"BbOg6UJw2JIsVc/YF/tjU1stDTtHOtsYjlQeHr3K399v":{"chainKey":{"counter":0,"key":"eagYDVhAWofmWh6+Wc3aCLy7DoqBcj0vrMEVe9ZU7+w="},"chainType":1,"messageKeys":{}}},"pendingPreKey":{"signedKeyId":2,"baseKey":"BZpOfQxCNIAkh6OpVZEQe09ZVYk3+ttXkF2KKjh6y2sk"}}},"version":"v1"}