{"_sessions":{"BXkk73KSN/zPDijfzv29ayxAwuhgVrDnzGgenJIFzoI5":{"registrationId":1892067311,"currentRatchet":{"ephemeralKeyPair":{"pubKey":"BW6Y5e/6oCb1SzyYBwzPe8mLTRZLKTg1FQs9SZxWAU9E","privKey":"oOzd/wEh3XvLitTrsLi8wTuA5SPad6v/KybbczETAF4="},"lastRemoteEphemeralKey":"BX3bRm+nG5e0kfevFVlSHBBsPiyPICcV+GgHcW1sQ9Rt","previousCounter":0,"rootKey":"I+U/EgE+3Un4r8IY49QZ3hHzKgCXe0trdWR1wzLCo2A="},"indexInfo":{"baseKey":"BXkk73KSN/zPDijfzv29ayxAwuhgVrDnzGgenJIFzoI5","baseKeyType":1,"closed":-1,"used":1735085003615,"created":1735085003615,"remoteIdentityKey":"BX+yXD2ol1KRRGKyVWTFnGN9+oLhY3T+AFHhcCyKRn9U"},"_chains":{"BW6Y5e/6oCb1SzyYBwzPe8mLTRZLKTg1FQs9SZxWAU9E":{"chainKey":{"counter":0,"key":"u7uR7f6CKk5HbG8OXClPE+sqSrloZKLUCqmYauSQljY="},"chainType":1,"messageKeys":{}}},"pendingPreKey":{"signedKeyId":10,"baseKey":"BXkk73KSN/zPDijfzv29ayxAwuhgVrDnzGgenJIFzoI5","preKeyId":3373163}}},"version":"v1"}