{"_sessions":{"BS7Y8VJDlrgLRJFsLkMMxKWqS3kBa9S4X5SNz+K0QlEc":{"registrationId":100311545,"currentRatchet":{"ephemeralKeyPair":{"pubKey":"BRc4T1pzA8PKxPjGU49TFu5sJUHldwJvxQ7e7Dd3nqIQ","privKey":"2MXqQm7KdoPKgiezHQIkBRCDtXGA0XdxvdlUPeiszUY="},"lastRemoteEphemeralKey":"BWgbXVQX+OMdHD0KVQ6hzTqOcuoPEAqpiDGw/2kwDmt3","previousCounter":0,"rootKey":"iZXt/kNNe33rxkHcbHG6T4NQalUF7Abhch7FrUwGpYI="},"indexInfo":{"baseKey":"BS7Y8VJDlrgLRJFsLkMMxKWqS3kBa9S4X5SNz+K0QlEc","baseKeyType":1,"closed":-1,"used":1735085019017,"created":1735085019017,"remoteIdentityKey":"BaHb0P+mhsH6SESq+B1OP8ZNp1JewmoCfkI0O0hA6wsq"},"_chains":{"BRc4T1pzA8PKxPjGU49TFu5sJUHldwJvxQ7e7Dd3nqIQ":{"chainKey":{"counter":0,"key":"dz2AixENikPpNyOUgQQObCDAFL5jbm/S3m5J2ThJcxI="},"chainType":1,"messageKeys":{}}},"pendingPreKey":{"signedKeyId":16,"baseKey":"BS7Y8VJDlrgLRJFsLkMMxKWqS3kBa9S4X5SNz+K0QlEc","preKeyId":533148}}},"version":"v1"}