{"_sessions":{"BYVbWvNYDalBJmT3jlluaf82hhi3uoaZuZzk03lbkFNm":{"registrationId":1633274452,"currentRatchet":{"ephemeralKeyPair":{"pubKey":"BeIOvkQmuThZepopxti68jN0d1csbP6Y7wBHp53GDcgX","privKey":"MMKspQ8fx1+wpOUSMiIpTPXPhPu6kR+5zl73aXz+8HI="},"lastRemoteEphemeralKey":"BW42kDXQZleMXWXJzaseIhT494abjUS8krbknsrCH9J7","previousCounter":0,"rootKey":"QRRhD47+0R8TqiAclY+/M0k1uY41U7fJewdc71iD3Vk="},"indexInfo":{"baseKey":"BYVbWvNYDalBJmT3jlluaf82hhi3uoaZuZzk03lbkFNm","baseKeyType":1,"closed":-1,"used":1735084988464,"created":1735084988464,"remoteIdentityKey":"BfLge6Tmy64AJW/ybwwqSWvAlrrGfwtdbSFV6UVs7RJ6"},"_chains":{"BeIOvkQmuThZepopxti68jN0d1csbP6Y7wBHp53GDcgX":{"chainKey":{"counter":0,"key":"ErV4RwMxsELZnegew6epap/Cv1nxPa4k8qAbyVu7jDM="},"chainType":1,"messageKeys":{}}},"pendingPreKey":{"signedKeyId":2,"baseKey":"BYVbWvNYDalBJmT3jlluaf82hhi3uoaZuZzk03lbkFNm","preKeyId":13400}}},"version":"v1"}