{"_sessions":{"Bc9nllvJ6lxXQqiJ48PjlS5udoMlx2qMQ0yPp2Kmjncr":{"registrationId":6372,"currentRatchet":{"ephemeralKeyPair":{"pubKey":"BQlwTkl2HCzyPhzP5dYto+iuDl6jWxiLhRc4f2qAy20H","privKey":"aF3kkrSBoU+WOlSAxcdzorpHL9fbAO4+WUySrapzu0I="},"lastRemoteEphemeralKey":"BWW2+DEWslZ0BfHmHFeRUtiXHuIrt5qud3XJw6+yUFso","previousCounter":0,"rootKey":"yVaAydt3jGLtcdcOrvXLQ/xqlSUkh+hufbYH3xAsCuE="},"indexInfo":{"baseKey":"Bc9nllvJ6lxXQqiJ48PjlS5udoMlx2qMQ0yPp2Kmjncr","baseKeyType":1,"closed":-1,"used":1735430213930,"created":1735430213930,"remoteIdentityKey":"BXSxTXtV3cfHiecB/LrD2BGsmxl2v1mhaEE2kOpE+bNy"},"_chains":{"BQlwTkl2HCzyPhzP5dYto+iuDl6jWxiLhRc4f2qAy20H":{"chainKey":{"counter":0,"key":"1uZHQCn5KeML9Jqgsjj30ekJTsIxS73z2dDMox6BQME="},"chainType":1,"messageKeys":{}}},"pendingPreKey":{"signedKeyId":1,"baseKey":"Bc9nllvJ6lxXQqiJ48PjlS5udoMlx2qMQ0yPp2Kmjncr","preKeyId":77}}},"version":"v1"}