{"_sessions":{"BfXAxO+0oAqFy71+cnZq2eRAcx0dRKe8/Sn9+yHVakk8":{"registrationId":1642399734,"currentRatchet":{"ephemeralKeyPair":{"pubKey":"BUHKeOaGM2H8wwmUvVyJq10q2LHdUTihkaE/xAJVVjo8","privKey":"qKKl/EKrRnBSTDNU/c1ZMaygfJ3vhs9Tbx6XbpiCXUQ="},"lastRemoteEphemeralKey":"BSEkJddIXR5K57GN02PKEEAIXkmk7wonRpdGNJbQyKxA","previousCounter":0,"rootKey":"AKHwvvlLnJmRJcLPFMt7Lkg30tSHrewUEaw3OCoMIZk="},"indexInfo":{"baseKey":"BfXAxO+0oAqFy71+cnZq2eRAcx0dRKe8/Sn9+yHVakk8","baseKeyType":1,"closed":-1,"used":1735085018743,"created":1735085018743,"remoteIdentityKey":"BdYxX2r2pWnZcHsEgkl0MN5+oF1YwDpJgqHzNGaysVhF"},"_chains":{"BUHKeOaGM2H8wwmUvVyJq10q2LHdUTihkaE/xAJVVjo8":{"chainKey":{"counter":0,"key":"obauDo08CClpj1VptALqwjCaOwQeBa7Dj40Dpof+SDI="},"chainType":1,"messageKeys":{}}},"pendingPreKey":{"signedKeyId":3,"baseKey":"BfXAxO+0oAqFy71+cnZq2eRAcx0dRKe8/Sn9+yHVakk8","preKeyId":23212}}},"version":"v1"}