{"_sessions":{"BQHWYsL7NuAWL5hjZLPINdYidrDIabb7mW2zHBFkV9x4":{"registrationId":586154935,"currentRatchet":{"ephemeralKeyPair":{"pubKey":"BYgOmPEX1mM4XngVE8i8CccjiFTKxK2lrQbTIH9iK8sW","privKey":"yIEFUSY8M7KPSZMggT+Fkr/5WPsnjhdU0DH7Rck4P1Q="},"lastRemoteEphemeralKey":"BZAHiHNZLTOJ2eRjgnuE6lQanvdYtFQTiEU3ieXoR61j","previousCounter":0,"rootKey":"u1G7Bu4UVHlOp9tCKKIqjXPj2M5RIyN+/6heAi4SWP0="},"indexInfo":{"baseKey":"BQHWYsL7NuAWL5hjZLPINdYidrDIabb7mW2zHBFkV9x4","baseKeyType":1,"closed":-1,"used":1735085000789,"created":1735085000789,"remoteIdentityKey":"Ba5In8DncZZSk/DDZDOqas4H72pn3EGMQG6sQ1xT0KkR"},"_chains":{"BYgOmPEX1mM4XngVE8i8CccjiFTKxK2lrQbTIH9iK8sW":{"chainKey":{"counter":0,"key":"3jjz8N4igmLZixshdhfuTDWLY2NE/0mg9ZHXPmsImiQ="},"chainType":1,"messageKeys":{}}},"pendingPreKey":{"signedKeyId":2,"baseKey":"BQHWYsL7NuAWL5hjZLPINdYidrDIabb7mW2zHBFkV9x4","preKeyId":10203550}}},"version":"v1"}