{"_sessions":{"BYD4p2K4vNeUvZRgMnPpxY13ycKgGsnpzmi1LuL+CkRY":{"registrationId":740059474,"currentRatchet":{"ephemeralKeyPair":{"pubKey":"BSVJwatTRu5j6P0upxJfWxhZFjfPXCUwrdC6T0U66K8R","privKey":"KEU5vZNyfiAJiiC5V/bnsixV+qbnFKKJKSLRtHOm6G0="},"lastRemoteEphemeralKey":"BREpvpQjpUHcP7DXB88RhuriVcXvAoIHELiNfy3QRC1m","previousCounter":0,"rootKey":"9y5MreTrfDE8npctfjm9e3/V7nI9MEH1jMTAbgwdX44="},"indexInfo":{"baseKey":"BYD4p2K4vNeUvZRgMnPpxY13ycKgGsnpzmi1LuL+CkRY","baseKeyType":1,"closed":-1,"used":1735085000871,"created":1735085000871,"remoteIdentityKey":"BSMB33uBUBXbxTl1mzhEs5AYavfpO5JYB8s6cIP3HwoA"},"_chains":{"BSVJwatTRu5j6P0upxJfWxhZFjfPXCUwrdC6T0U66K8R":{"chainKey":{"counter":0,"key":"jtm0DmfzkxBbeuzICsfY9KMqBiVuKrFZnXGP62mft3M="},"chainType":1,"messageKeys":{}}},"pendingPreKey":{"signedKeyId":27,"baseKey":"BYD4p2K4vNeUvZRgMnPpxY13ycKgGsnpzmi1LuL+CkRY","preKeyId":10213270}}},"version":"v1"}