{"_sessions":{"Bfxe7Kg7UWirXh7JfEFZVF+ewuPPmM96tAHAMVnWNGdT":{"registrationId":1725246451,"currentRatchet":{"ephemeralKeyPair":{"pubKey":"BYNkndEXtgHvN3PEUQM/V86SAqUhwjzIM068bNFleAF+","privKey":"CDzLu/YcHsrBcv2eUpb0uPYcRJkv+X8QBJGAXzHNnWg="},"lastRemoteEphemeralKey":"BZoDFxfG4D6dQNS9Og52v8SLyKYTzl1ZhjTpIJjdvklF","previousCounter":0,"rootKey":"175OhorpYWN7Pvlc1xDscSIZGvmUWvvruMuVARqFs6U="},"indexInfo":{"baseKey":"Bfxe7Kg7UWirXh7JfEFZVF+ewuPPmM96tAHAMVnWNGdT","baseKeyType":1,"closed":-1,"used":1735085024991,"created":1735085024991,"remoteIdentityKey":"Ba1kH1EWJSwJfsnrwTEY44ZeXhPTxhI1NZ7YIpKyZ/5B"},"_chains":{"BYNkndEXtgHvN3PEUQM/V86SAqUhwjzIM068bNFleAF+":{"chainKey":{"counter":0,"key":"NedF6obrYfIm1vpYAVH2gKYvKRWKq6SlIbZpThKJdbE="},"chainType":1,"messageKeys":{}}},"pendingPreKey":{"signedKeyId":2,"baseKey":"Bfxe7Kg7UWirXh7JfEFZVF+ewuPPmM96tAHAMVnWNGdT","preKeyId":2395700}}},"version":"v1"}