{"_sessions":{"BTrsypy0KTUGIu5su+zTenkontqXPxqyn5UnSDwXNbs/":{"registrationId":1354563514,"currentRatchet":{"ephemeralKeyPair":{"pubKey":"Ba47R0vIRdF7kv3T3N9aaOz76uH5DXt/dAAATUpf/dRb","privKey":"qDMBrL25CZRXLVt44cu4Xdj5YQiSVEtXTfpnv6f4mlI="},"lastRemoteEphemeralKey":"BTNzFRytqcFeveHjruMi8Iuxk6Sr7mrTbKljnOJGZBNH","previousCounter":0,"rootKey":"t403YbIQcmwEcl5EShKXrMTFdh57SBRP3Akqak+o0QA="},"indexInfo":{"baseKey":"BTrsypy0KTUGIu5su+zTenkontqXPxqyn5UnSDwXNbs/","baseKeyType":2,"closed":-1,"used":1738698875955,"created":1738698875955,"remoteIdentityKey":"BRMTwJBq57U1N8XhGXqmYYOPyELM+asteNXeurhKxnFO"},"_chains":{"BTNzFRytqcFeveHjruMi8Iuxk6Sr7mrTbKljnOJGZBNH":{"chainKey":{"counter":3,"key":"thK8rmHAOuNv20Aqodn3r7eklaFNJio/p5Wtl9SjoSk="},"chainType":2,"messageKeys":{"0":"rW5r/Ol/ebXdfzmAcFanL3aoLQhkK/VJJrkCtALXL3M="}},"Ba47R0vIRdF7kv3T3N9aaOz76uH5DXt/dAAATUpf/dRb":{"chainKey":{"counter":-1,"key":"vDv8C2gFk5Uuhev17KG1EB+bMv51G31PHfTsaImdNfI="},"chainType":1,"messageKeys":{}}}}},"version":"v1"}