{"_sessions":{"Ba9iEY0R1/F19NcCW3Q/Ujtw5SeXuD4J8ILugdV7z49z":{"registrationId":1704513772,"currentRatchet":{"ephemeralKeyPair":{"pubKey":"BYUtAwJaL7yUtub5/Jiq78dj8fi3j411ullzuGX5ns8S","privKey":"cIky34RHnzTsXNCbMnv6L3no3rkawTInse1DC8qdImU="},"lastRemoteEphemeralKey":"BVbTWk5Ucu26m+LWiNDT40VLtLYZBZ8KydNxA05L36xi","previousCounter":0,"rootKey":"qybkwphbIK21wHT9fdqbEEmL4i1oJSKUztJJDjuqUhY="},"indexInfo":{"baseKey":"Ba9iEY0R1/F19NcCW3Q/Ujtw5SeXuD4J8ILugdV7z49z","baseKeyType":1,"closed":-1,"used":1735085019165,"created":1735085019165,"remoteIdentityKey":"BakER9p/jVBVSxS/QsV0XxzHosVPpCcEzs+4zcmZYHQz"},"_chains":{"BYUtAwJaL7yUtub5/Jiq78dj8fi3j411ullzuGX5ns8S":{"chainKey":{"counter":0,"key":"W/wU+JmTm3p3pWmbkapyXgG4NAb738n7O64UohYFBvw="},"chainType":1,"messageKeys":{}}},"pendingPreKey":{"signedKeyId":9,"baseKey":"Ba9iEY0R1/F19NcCW3Q/Ujtw5SeXuD4J8ILugdV7z49z","preKeyId":13756888}}},"version":"v1"}