{"_sessions":{"BZl4nHvmnlAjtHf8X8phclo67KGywXWnw5TvJwZJBhlc":{"registrationId":15148,"currentRatchet":{"ephemeralKeyPair":{"pubKey":"BUfSCtNKJeyQ7m3d+WsM95vn6wW3qWmUQo62SCqxBeZh","privKey":"+NsECXhNKVu8asDxFr6Nj/4k90E4QfIEptWT1d4wglk="},"lastRemoteEphemeralKey":"Baky2ciwDM2v0DrEW+2hZZFCTVpVZamL8c5t7R3WSKUU","previousCounter":0,"rootKey":"7jmTKIuUx2/LBpRGbYnNLQNpIaftMbNJ6KEnkPqCbk0="},"indexInfo":{"baseKey":"BZl4nHvmnlAjtHf8X8phclo67KGywXWnw5TvJwZJBhlc","baseKeyType":1,"closed":-1,"used":1735084988780,"created":1735084988780,"remoteIdentityKey":"BfdUVK0nve6zjJ54ko8AKJOPjIYzEL8BqPasVMt9xzUj"},"_chains":{"BUfSCtNKJeyQ7m3d+WsM95vn6wW3qWmUQo62SCqxBeZh":{"chainKey":{"counter":0,"key":"HZlNQfDzeEPeOq/Kih+wbgLyc7enMNruI7y9xgRUE9g="},"chainType":1,"messageKeys":{}}},"pendingPreKey":{"signedKeyId":1,"baseKey":"BZl4nHvmnlAjtHf8X8phclo67KGywXWnw5TvJwZJBhlc"}}},"version":"v1"}