{"_sessions":{"BTvbAKzmPqPtirf9FjPUmzCWnrQftHZAZ7uDLVjHqEh9":{"registrationId":1655705939,"currentRatchet":{"ephemeralKeyPair":{"pubKey":"Bd4sdiuqZ7kSEDrwbMOfI4uC1cVFAh42RqKiPyg6iTsW","privKey":"0DCaGa0c3fwC1gaA/EQDGnlu+D3/jVM149TqwzDff04="},"lastRemoteEphemeralKey":"BRX4S75p/0mBQHuAqkYjPWWB1WCewXB9zzCazdpHtF5D","previousCounter":0,"rootKey":"o291kcL1Cttgj3l2TW5tepETC0cjdNPOkPleuUGQFHY="},"indexInfo":{"baseKey":"BTvbAKzmPqPtirf9FjPUmzCWnrQftHZAZ7uDLVjHqEh9","baseKeyType":1,"closed":-1,"used":1735085025069,"created":1735085025069,"remoteIdentityKey":"BX8hF3ZumFc+nrQ05EWnu5+A8OrJxqhbf2Kitt61TbkZ"},"_chains":{"Bd4sdiuqZ7kSEDrwbMOfI4uC1cVFAh42RqKiPyg6iTsW":{"chainKey":{"counter":0,"key":"IjHkvvpK55MfCLq2OOg6NQgu61soFOapdGvivrMF2u4="},"chainType":1,"messageKeys":{}}},"pendingPreKey":{"signedKeyId":3,"baseKey":"BTvbAKzmPqPtirf9FjPUmzCWnrQftHZAZ7uDLVjHqEh9","preKeyId":9748994}}},"version":"v1"}