{"_sessions":{"BVwnHVLzFiKC3yYO4JDsM80iTkkkNRvZDxXAZ03GjOsG":{"registrationId":571662008,"currentRatchet":{"ephemeralKeyPair":{"pubKey":"BYdPHynJJbC9L8W+LCZ9f7K+I0dglNfq2HlokzJCI7hW","privKey":"4MATHSxv59AGpmoaPiF5A6PXc4Ebw7xx/NAYoDfjum0="},"lastRemoteEphemeralKey":"BULm6FSaDy2XoeEG2lJJy1lLaJfgsh4FtDWV4GgVCOZ0","previousCounter":0,"rootKey":"wkFFlNcwHnkDnM4vpMC4Qp4sg2kF2ZcZ5ktYl3RVs9E="},"indexInfo":{"baseKey":"BVwnHVLzFiKC3yYO4JDsM80iTkkkNRvZDxXAZ03GjOsG","baseKeyType":1,"closed":-1,"used":1735085006942,"created":1735085006942,"remoteIdentityKey":"BYtpEVR897KvGAoJ5+8eyKKSRLk0R44CSHQFLSN25fgE"},"_chains":{"BYdPHynJJbC9L8W+LCZ9f7K+I0dglNfq2HlokzJCI7hW":{"chainKey":{"counter":0,"key":"41DVFuVyMspnBSiCw9OqbrwFgHdKmqB/wDB6jfWCqB4="},"chainType":1,"messageKeys":{}}},"pendingPreKey":{"signedKeyId":10,"baseKey":"BVwnHVLzFiKC3yYO4JDsM80iTkkkNRvZDxXAZ03GjOsG","preKeyId":3278157}}},"version":"v1"}