{"_sessions":{"Bbz0HCLJTkPJC5/qQ/gNqIhW7iOl3TIJ4QcGPxhR3Ptm":{"registrationId":864036438,"currentRatchet":{"ephemeralKeyPair":{"pubKey":"BegBJgjT2m2HWzVqv1HlxuuA/qammQOoyckjx+AOwm0Z","privKey":"ACB34bryTp9Mwu/PxoyjaloB7//2L3tODAl/pIduUmc="},"lastRemoteEphemeralKey":"BUiptK+c7J95KoC6+/2KUQZKQNo3sDRgkGw5SXFG5c9U","previousCounter":0,"rootKey":"0WEtrrAN0CoLMcj3iK65nwq3tSgC5WBU9YzyRDZXJFE="},"indexInfo":{"baseKey":"Bbz0HCLJTkPJC5/qQ/gNqIhW7iOl3TIJ4QcGPxhR3Ptm","baseKeyType":2,"closed":-1,"used":1739015924399,"created":1735070281737,"remoteIdentityKey":"BZl7sQ5jSJDt42cVmRHoMOaP0hSndIk67JaYkwDjzXkO"},"_chains":{"BWNVmayaJ40OlcGHEnQ37C+q/jMSksdxj82i6yMB8tY2":{"chainKey":{"counter":9},"chainType":2,"messageKeys":{}},"BQYtctRnWdsDfRPJhnZN1sDNYIEoDfOagF+FHzoYnDYo":{"chainKey":{"counter":0},"chainType":2,"messageKeys":{}},"BaBv0IXfOLUQ1hH++AfCe5uhqAXwRae83WGAsd1OPqR8":{"chainKey":{"counter":0},"chainType":2,"messageKeys":{}},"BRqTj7d2Uj4Z9RF+azvPvpw68FgWF2uQ1qeuRVy9C7xR":{"chainKey":{"counter":0},"chainType":2,"messageKeys":{}},"BW2lzTT+IRcUdlk11zwW/hPBNmnEsn67DmcSAoHsfXhj":{"chainKey":{"counter":1},"chainType":2,"messageKeys":{}},"BcenMVQ9q50QV/50tASGxSgFTzBWhT0Ce+zN79dJX2EB":{"chainKey":{"counter":0},"chainType":2,"messageKeys":{}},"BZU9mQVsRjiHITAepL4q8EAUyp3G+7zklsIZ5qoHxtg0":{"chainKey":{"counter":0},"chainType":2,"messageKeys":{}},"BTkEX9N3ihk1HCCc5tjHoSaRraKWhUNSB5M1Cm7T3sFu":{"chainKey":{"counter":1},"chainType":2,"messageKeys":{}},"BSQ22YltnPwsG4U5s20SNwnDz22cAPeZrZLToYWk4kwk":{"chainKey":{"counter":0},"chainType":2,"messageKeys":{}},"BdBptsMKNmejLmw+k51jxmjQz8ov2tt7UR9xXaDrqo8B":{"chainKey":{"counter":10},"chainType":2,"messageKeys":{}},"BcPT5ytnbcOBvUCM0g17RLkz1qwcvFrxOtgEpx8L7nA7":{"chainKey":{"counter":0},"chainType":2,"messageKeys":{}},"BSX/KF6X94oNTY1KtJ+FlYWoO/2A9u4rtSv8uDxea6hc":{"chainKey":{"counter":0},"chainType":2,"messageKeys":{}},"BWa1wFOsuC+/hycwJv+rC3tIECxb1p+ZE697m3IrihVJ":{"chainKey":{"counter":6},"chainType":2,"messageKeys":{}},"BYBkwthabuUvKdJXDlc6csPVTO/4aBeuyf1hAYj4IKJ2":{"chainKey":{"counter":0},"chainType":2,"messageKeys":{}},"BRj2RROwhkSdnG91whxMudeir5RRfrJdSEtX1/7r/1QN":{"chainKey":{"counter":9},"chainType":2,"messageKeys":{"9":"e+jq1PBgq4J4LiV9YbgkZrTSWLUv+/VMmsG+rn/0KOM="}},"BU/jht1CJfR1PyHqttxNj5KtTms7/FJw9xtFUuPJqTZt":{"chainKey":{"counter":1},"chainType":2,"messageKeys":{}},"BXM1x6A48s6fNCEQxC6VK3lksGQlZ5DXVgcVz56HegIE":{"chainKey":{"counter":1},"chainType":2,"messageKeys":{}},"BbHuXD7WRGlA0qBbi6godlVmrqJc6J6t7taym6QWp9kx":{"chainKey":{"counter":0},"chainType":2,"messageKeys":{}},"Bbh3H8pNWnwvi0sXdq6XsG3I1Dbbl3B4p2QvIpMferp4":{"chainKey":{"counter":14},"chainType":2,"messageKeys":{}},"Bb2BNBMwVzKnKN5TBZhWCzhRsv8VWxJr9mxshsPPQKAv":{"chainKey":{"counter":3},"chainType":2,"messageKeys":{}},"BePOCFCclIPOb4nW4AHUGvvsG/qT6M7RHpzcQc83Z/xE":{"chainKey":{"counter":0},"chainType":2,"messageKeys":{}},"BamqBBzmXeCHYpjND/7L5nCHNyxrD6m3Ds9f9Rkd5QcR":{"chainKey":{"counter":2},"chainType":2,"messageKeys":{}},"BYxSGS+kFLqhKSo8pHYV2bZaFK1Opd2jxI1ElRZKXEx7":{"chainKey":{"counter":0},"chainType":2,"messageKeys":{}},"BXCDi3CeR0se09p43PxAofElThZrVPKul0AVKfodXjN9":{"chainKey":{"counter":1},"chainType":2,"messageKeys":{"1":"4h0sbrNczP3NMWDxUA6G/IYNn++Q6wxd97DEunqrsuo="}},"BUrpQ+T2S2rKZC+9cj2aRdB8HrOGIbDLVADY+COpcIF/":{"chainKey":{"counter":0},"chainType":2,"messageKeys":{}},"BTBK56yqgMRnH1YB0q+AkBCwYDwKtTWQJLypyTkHaqcB":{"chainKey":{"counter":1},"chainType":2,"messageKeys":{}},"BbqdZEOih9f6lQNAxxzQ/tE03uOPce4eUgrINlsn2xk6":{"chainKey":{"counter":0},"chainType":2,"messageKeys":{}},"BXVT3/53tsApoZibj+w5YAjJoqBQIayxByyOeM6KX5dP":{"chainKey":{"counter":1},"chainType":2,"messageKeys":{}},"Bcg0sy8sSF/r54QJx9kXhi824ZeHc7mOdJZocjJA7clK":{"chainKey":{"counter":1},"chainType":2,"messageKeys":{}},"BbXqRdyFISXRVYp/G1e1yaJtbo75HCQnhFZITIH7mi1n":{"chainKey":{"counter":1},"chainType":2,"messageKeys":{"0":"sCERABJzzE18zTEScYs4okUUaT3/ZEpJP3bPHzNFyec="}},"BUiptK+c7J95KoC6+/2KUQZKQNo3sDRgkGw5SXFG5c9U":{"chainKey":{"counter":1,"key":"ANZK5qudSKJ8443wHhtGgap1OMvSdPWrTj8Gj1YzTDU="},"chainType":2,"messageKeys":{}},"BegBJgjT2m2HWzVqv1HlxuuA/qammQOoyckjx+AOwm0Z":{"chainKey":{"counter":-1,"key":"G6hgWhvZi/uiRixQXcUIB/maIY9xQZASCD0MpplN7zA="},"chainType":1,"messageKeys":{}}}}},"version":"v1"}