{"_sessions":{"BSkIFdHqeF4vla/w63ahzvYmnmSUTojFpXJcDvLRGNtg":{"registrationId":895683600,"currentRatchet":{"ephemeralKeyPair":{"pubKey":"BVRkidHRm/rsfsVAxZDdU5tai/uo18UB9h8lYU5nAFdF","privKey":"6NjHV4CLzmZDei6LJme8mBkYP3P2oVJjayA+8fDJ1UY="},"lastRemoteEphemeralKey":"BRWEPqbOioIe8mfdjFxgu1bY3hwryXW/s7OgzspLT8o1","previousCounter":0,"rootKey":"mPudDuaP1cS6IjuvjX+Tnxzdp5eD8ewyPDN4K5z3dnk="},"indexInfo":{"baseKey":"BSkIFdHqeF4vla/w63ahzvYmnmSUTojFpXJcDvLRGNtg","baseKeyType":1,"closed":-1,"used":1735085021667,"created":1735085021667,"remoteIdentityKey":"BaxJQ8PTBz6g0XxOJrSzZH3lUDx84sabHLENB1VIxOk6"},"_chains":{"BVRkidHRm/rsfsVAxZDdU5tai/uo18UB9h8lYU5nAFdF":{"chainKey":{"counter":0,"key":"CEJYBu1ThE2d51FTWcAU17iaTtMvQAd06isLUmpOQYs="},"chainType":1,"messageKeys":{}}},"pendingPreKey":{"signedKeyId":5,"baseKey":"BSkIFdHqeF4vla/w63ahzvYmnmSUTojFpXJcDvLRGNtg","preKeyId":7313024}}},"version":"v1"}