{"_sessions":{"BV4YMLc4ElN+JYvWbzY0yrDSAfZ3Z+p772V0i/2TKi1L":{"registrationId":554721612,"currentRatchet":{"ephemeralKeyPair":{"pubKey":"BfWvKzgQ0/QXNuKqooKTBgTjfdsgnTYk60mR1Tq3jolJ","privKey":"IJ78jKleI3j6rbAHXVyLcjXEl3MhbEKzfTxUirp2Zmg="},"lastRemoteEphemeralKey":"BVccyAGM/kNUqirRJgEL6w+Okcck7usQk/cStQTLhNcU","previousCounter":0,"rootKey":"/yX5wjU6nhPzbfDJixRzJQsbglKqoGrogc/h4EH2Y8M="},"indexInfo":{"baseKey":"BV4YMLc4ElN+JYvWbzY0yrDSAfZ3Z+p772V0i/2TKi1L","baseKeyType":1,"closed":-1,"used":1735085009847,"created":1735085009847,"remoteIdentityKey":"BWWiomJ2fUcERjl5aG1UqDJQNKwpcdt3rmoKGV7cCExw"},"_chains":{"BfWvKzgQ0/QXNuKqooKTBgTjfdsgnTYk60mR1Tq3jolJ":{"chainKey":{"counter":0,"key":"6bEwg5PQ0N94JaidaVNuOjlGcYFUAaMWNNkvGacFTdI="},"chainType":1,"messageKeys":{}}},"pendingPreKey":{"signedKeyId":5,"baseKey":"BV4YMLc4ElN+JYvWbzY0yrDSAfZ3Z+p772V0i/2TKi1L","preKeyId":1804131}}},"version":"v1"}