{"_sessions":{"BePE6xFOc+7yxxSZUjhB8QqXY36Ir/L1mXLDNodPCZQz":{"registrationId":1816975376,"currentRatchet":{"ephemeralKeyPair":{"pubKey":"BcSQFCx5ZTBtpHLI7eDboF3gfTqwSBCPWKtXv6LsGbMy","privKey":"aP/VvhiCL+E50oQ4IpNls2k5RgCU1/EssAz8jMd98mw="},"lastRemoteEphemeralKey":"Bd7IWJtwFP0bVDQfuCbGu3dujDNfZ8rTb3YR13+w5FUV","previousCounter":0,"rootKey":"dF9fwUM8MIVtyC/Ffp/V0a3QYLQljhISb153tw4YMQQ="},"indexInfo":{"baseKey":"BePE6xFOc+7yxxSZUjhB8QqXY36Ir/L1mXLDNodPCZQz","baseKeyType":1,"closed":-1,"used":1735085012950,"created":1735085012950,"remoteIdentityKey":"BRymkBxlVfY95B4hpPuOy4qrzaw+nEAzRn5LkMeDL9tJ"},"_chains":{"BcSQFCx5ZTBtpHLI7eDboF3gfTqwSBCPWKtXv6LsGbMy":{"chainKey":{"counter":0,"key":"d/LPSBVgMb3aS2RKCYlFKtEdJRn6NGDFxStNK79Hbuo="},"chainType":1,"messageKeys":{}}},"pendingPreKey":{"signedKeyId":3,"baseKey":"BePE6xFOc+7yxxSZUjhB8QqXY36Ir/L1mXLDNodPCZQz","preKeyId":7044654}}},"version":"v1"}