{"_sessions":{"BTjBxAIhgUOojx97wDznJN97LBzYwXAeY0qeDAK9GPVE":{"registrationId":1128006761,"currentRatchet":{"ephemeralKeyPair":{"pubKey":"BY28VzObArZKwvBKU4M8yAIWarAF0unh04eB/21FTa8L","privKey":"AIlMHQ45D1KtWlNJ6MZzcrWhubKjija3L0dja0ikd1k="},"lastRemoteEphemeralKey":"BZT4GDovb27oHXHwBXmTKGqU6TCuyH9H3z7zUBJ5isM6","previousCounter":0,"rootKey":"vLz5Ive52k+PxHqt5TEXZi3ki7iwl16z35JU1V6WLXY="},"indexInfo":{"baseKey":"BTjBxAIhgUOojx97wDznJN97LBzYwXAeY0qeDAK9GPVE","baseKeyType":1,"closed":-1,"used":1735084991547,"created":1735084991547,"remoteIdentityKey":"BYlIK8J2TiBcbkkvs0p9pjV1HsoDkcViLNv7d1er1PEw"},"_chains":{"BY28VzObArZKwvBKU4M8yAIWarAF0unh04eB/21FTa8L":{"chainKey":{"counter":0,"key":"GTt04LLbARbA/NPRjsG6nI+Y9Ydkyr7eMoWoY/1d28g="},"chainType":1,"messageKeys":{}}},"pendingPreKey":{"signedKeyId":1,"baseKey":"BTjBxAIhgUOojx97wDznJN97LBzYwXAeY0qeDAK9GPVE","preKeyId":4486}}},"version":"v1"}