{"_sessions":{"BbF/Iloebxeoubd9J3k6XP3LVLiuReA4k66fyhYWkZZi":{"registrationId":1109212185,"currentRatchet":{"ephemeralKeyPair":{"pubKey":"BS+EhR4ZYq5+I9I1B5oPHB2H/Is/yfTC/ylvPfUpIOxx","privKey":"IK6G/tiZxORsbH/3twFDvfM54CYeV1bLZanI7+NAfGA="},"lastRemoteEphemeralKey":"BVRZbaSVtjeQy5/JTFHQZs/ZdU+75QwCWh1OFG5P++k5","previousCounter":0,"rootKey":"JXlTmBSUjY4POIBTvTIKeykaIWLZGa0pAXbzWt1zNXg="},"indexInfo":{"baseKey":"BbF/Iloebxeoubd9J3k6XP3LVLiuReA4k66fyhYWkZZi","baseKeyType":1,"closed":-1,"used":1735085022081,"created":1735085022081,"remoteIdentityKey":"BUv2dcgwxAZdD4niVDHeRzqTEay4etXdesApeBkeCaUC"},"_chains":{"BS+EhR4ZYq5+I9I1B5oPHB2H/Is/yfTC/ylvPfUpIOxx":{"chainKey":{"counter":0,"key":"cj7Nsz0K4LwFY19Jyyq8W8vHfby0Tq8XGpVlpWA6Zb8="},"chainType":1,"messageKeys":{}}},"pendingPreKey":{"signedKeyId":12163235,"baseKey":"BbF/Iloebxeoubd9J3k6XP3LVLiuReA4k66fyhYWkZZi","preKeyId":2211}}},"version":"v1"}