{"_sessions":{"BVxL6g7Am5kk10FotjYNhuZELece1an5umIAglf/Appv":{"registrationId":1708556423,"currentRatchet":{"ephemeralKeyPair":{"pubKey":"BQ7T1IquZqpO0LEynRhrx3MJ/1qJz1vK9xobO+6zdr0Q","privKey":"mLOrCKhDXEdWDlIB6i+rE85J1IRtkv2Led9VqFgFEnE="},"lastRemoteEphemeralKey":"BbXkF9zJ6EPSDsJlJavtaM6f2OQ+g0ioJRYuoGCqrxBE","previousCounter":0,"rootKey":"I2MOJNBuyyxtOdpkl8we0ql05KnpvdxJSUIGwSh0+nI="},"indexInfo":{"baseKey":"BVxL6g7Am5kk10FotjYNhuZELece1an5umIAglf/Appv","baseKeyType":1,"closed":-1,"used":1735084988477,"created":1735084988477,"remoteIdentityKey":"BZKEbHJq8Gr+mzSN0p5FqQlSbZu1DJEiDgsZy0SUFyxv"},"_chains":{"BQ7T1IquZqpO0LEynRhrx3MJ/1qJz1vK9xobO+6zdr0Q":{"chainKey":{"counter":0,"key":"DL+8DpkrpC8wjMHmsJ8Oos+sWkjt3XRhXv/DHlrCFU0="},"chainType":1,"messageKeys":{}}},"pendingPreKey":{"signedKeyId":2,"baseKey":"BVxL6g7Am5kk10FotjYNhuZELece1an5umIAglf/Appv","preKeyId":14299385}}},"version":"v1"}