{"_sessions":{"BQcLgL90jM7AsZDknW2FWiJvnd3DxWTShSPy+h7r6iZt":{"registrationId":437217572,"currentRatchet":{"ephemeralKeyPair":{"pubKey":"BXblP7OHashxUMg7Vdg4KLzkcYyQjDzqF32BzNXueisl","privKey":"yLq9BrrNCgvOjgmT6PoANE2CQt0+1EQpL6NWDEwzpG4="},"lastRemoteEphemeralKey":"BVXyEICpS98WQmIloUfXqqP+yOYSo0Xi3m0M/YpEyaEP","previousCounter":0,"rootKey":"jNnFSHv/yP6PnlXxjZmyc88zsl4Od48cDRpY6J9uKgA="},"indexInfo":{"baseKey":"BQcLgL90jM7AsZDknW2FWiJvnd3DxWTShSPy+h7r6iZt","baseKeyType":1,"closed":-1,"used":1735085009565,"created":1735085009565,"remoteIdentityKey":"BcLzNq37uSQ0K+xNp7xd/8YbKFwFaFmBUdSfrI8RXuRR"},"_chains":{"BXblP7OHashxUMg7Vdg4KLzkcYyQjDzqF32BzNXueisl":{"chainKey":{"counter":0,"key":"xbcK3cclR3Br2zAZqZoYQacDJLs5pklDhI0bpUrOdKI="},"chainType":1,"messageKeys":{}}},"pendingPreKey":{"signedKeyId":2,"baseKey":"BQcLgL90jM7AsZDknW2FWiJvnd3DxWTShSPy+h7r6iZt","preKeyId":2346219}}},"version":"v1"}