{"_sessions":{"BT6tonKJrSKawPV08gHtz1Legry6Hx808xsmSTjOmL85":{"registrationId":1767,"currentRatchet":{"ephemeralKeyPair":{"pubKey":"Baoq9svVOrkICqpzF45bgkvPJxUu5CmAF/u2gHXaNBVO","privKey":"SAEDM5B5nByZOvKHbUcx2yChhJ7nKjF3vBQK+L8GH08="},"lastRemoteEphemeralKey":"BZLwugnbCRAQ3WBijW0Jdctyb+kmWXxiAXRETz7js7Je","previousCounter":0,"rootKey":"T9jFsa9JJp4LaM+Jt3fb/YKInQSjB687SVMyHinc98w="},"indexInfo":{"baseKey":"BT6tonKJrSKawPV08gHtz1Legry6Hx808xsmSTjOmL85","baseKeyType":1,"closed":-1,"used":1738363858709,"created":1738363858709,"remoteIdentityKey":"BZYkhQ7muTuAdHb+qN5dROjI6s9V4ftL1kovpSe9Jpse"},"_chains":{"Baoq9svVOrkICqpzF45bgkvPJxUu5CmAF/u2gHXaNBVO":{"chainKey":{"counter":0,"key":"SVYwXLoyL/ppe4x8tu4wjhib9mwVbr1hO7+0sri9UZ8="},"chainType":1,"messageKeys":{}}},"pendingPreKey":{"signedKeyId":1,"baseKey":"BT6tonKJrSKawPV08gHtz1Legry6Hx808xsmSTjOmL85","preKeyId":122}}},"version":"v1"}