{"_sessions":{"BSpTQ9B7RYYmULN5dWwy+OEMLtIMprMBAVlOam1fdxRc":{"registrationId":1407278080,"currentRatchet":{"ephemeralKeyPair":{"pubKey":"BR85qG06nTklnnwMC92esFdNzpmJhM+YcvSQRiW1riAp","privKey":"qAZQcZq9zLr0eLuifVK2sRhF8TqDjzUWp3c6Xjkq808="},"lastRemoteEphemeralKey":"BdPPOdTkggRiXdjmgjQn0NFoO7uQeEwBeystC66WLTF4","previousCounter":0,"rootKey":"rk9QSYosvTjPX6g//Ps93SctF3e3KsAbKPvmokb1m04="},"indexInfo":{"baseKey":"BSpTQ9B7RYYmULN5dWwy+OEMLtIMprMBAVlOam1fdxRc","baseKeyType":1,"closed":1738236098440,"used":1735085004253,"created":1735085004253,"remoteIdentityKey":"BT0vY1hDpQtFpinvHd4vkjOQkpe998blydRP3YqdxlJ4"},"_chains":{"BR85qG06nTklnnwMC92esFdNzpmJhM+YcvSQRiW1riAp":{"chainKey":{"counter":0,"key":"O5zcYb2T3ed+4w/CfhuffSADWixsqFioIUsi5M0dbH0="},"chainType":1,"messageKeys":{}}},"pendingPreKey":{"signedKeyId":3,"baseKey":"BSpTQ9B7RYYmULN5dWwy+OEMLtIMprMBAVlOam1fdxRc","preKeyId":574427}},"BdvTe/9JgHWkrnsYmx0iDbBXyui2skFGK+CYIOrC/HAp":{"registrationId":426057867,"currentRatchet":{"ephemeralKeyPair":{"pubKey":"BdowLPyNXGuo9AjEtrKBj33v/A/5xzqtoanhYRcYxeNE","privKey":"uNAOsZpaXjM7jxqpml8PHabOJ8gBkJuvggCppRdIY20="},"lastRemoteEphemeralKey":"Bec5UKfIO1L9GZqG5Ct1gJk2HiMBVhbY8fUT0/X7rVoN","previousCounter":0,"rootKey":"jfi4IU5UxcXPp+puKnhz5/aSZinMpPjcHhA7Az0YK30="},"indexInfo":{"baseKey":"BdvTe/9JgHWkrnsYmx0iDbBXyui2skFGK+CYIOrC/HAp","baseKeyType":2,"closed":-1,"used":1738236098445,"created":1738236098445,"remoteIdentityKey":"BaQd+TpfALkluvXjKm15lCgeUoAv7XVUUWawrd2cNwUv"},"_chains":{"Bec5UKfIO1L9GZqG5Ct1gJk2HiMBVhbY8fUT0/X7rVoN":{"chainKey":{"counter":0,"key":"LLs4MsUUA85/YuyjcrLpAZSI6wxsFPEXZm2eKIju2K0="},"chainType":2,"messageKeys":{}},"BdowLPyNXGuo9AjEtrKBj33v/A/5xzqtoanhYRcYxeNE":{"chainKey":{"counter":-1,"key":"fUnVIyZ/jhzKuGzFnfdD3guyFe0R8FB/to4h0Dej2Y0="},"chainType":1,"messageKeys":{}}}}},"version":"v1"}