{"_sessions":{"BRKazxN7DsbDhxdyhRWhp0cImvfL4no2p+CQy7mp3xg9":{"registrationId":11431,"currentRatchet":{"ephemeralKeyPair":{"pubKey":"BczH/JQa6kRTNiQ+FOqNnYInztXj0z+OJo+yXv/Vx2V8","privKey":"uKweZocZrjlLhCZUmfGgFrPFsgyVn7DWKkEHePT0kXk="},"lastRemoteEphemeralKey":"BZOdLr5ItNOkj/SWLy255U6fnUzJ9GayTznvsRPpaRsZ","previousCounter":0,"rootKey":"+KhRB//ET5xyDxaUbIISDojBntcURDgUpqjYptZxPDg="},"indexInfo":{"baseKey":"BRKazxN7DsbDhxdyhRWhp0cImvfL4no2p+CQy7mp3xg9","baseKeyType":1,"closed":-1,"used":1735084995082,"created":1735084995082,"remoteIdentityKey":"Bajvhrdc4y9ZKxGZQdvDnD9wfJG2QBgutC4wGKZz0k4e"},"_chains":{"BczH/JQa6kRTNiQ+FOqNnYInztXj0z+OJo+yXv/Vx2V8":{"chainKey":{"counter":0,"key":"2HqYBBPuBQC41UScpXiT9nkRMuB3fqdtb16qe6c1oRM="},"chainType":1,"messageKeys":{}}},"pendingPreKey":{"signedKeyId":1,"baseKey":"BRKazxN7DsbDhxdyhRWhp0cImvfL4no2p+CQy7mp3xg9"}}},"version":"v1"}