{"_sessions":{"BT4BvM+oBSYvlMZLSAgb7nhQAEBt4Z9SY8KyFhibDAhi":{"registrationId":635949653,"currentRatchet":{"ephemeralKeyPair":{"pubKey":"BSCktJqNCD2uMtYVtkH+Ogkmth7WSURjodeCiH1f0iEj","privKey":"kPEpK8nJ+/EkAbVYf1xf0o1jPPqW0lgzwMcC9v+9/mg="},"lastRemoteEphemeralKey":"BcPyO9cxLUXKWgRUhyHcQyT/nj3DLlRo6OAeh058sYxJ","previousCounter":0,"rootKey":"RmL+oTw5T1Nek3xbTvXp6GsuANYt+zsJtTEVWVkI6ow="},"indexInfo":{"baseKey":"BT4BvM+oBSYvlMZLSAgb7nhQAEBt4Z9SY8KyFhibDAhi","baseKeyType":1,"closed":1738444817849,"used":1737416406733,"created":1735236687760,"remoteIdentityKey":"BS7pMdTijnOg5h+mnJ7sRLEPDcnQqTfBCHC5vM6qdE5G"},"_chains":{"BcPyO9cxLUXKWgRUhyHcQyT/nj3DLlRo6OAeh058sYxJ":{"chainKey":{"counter":111,"key":"m1HayHIUeJ76lOnpdT9w7kEHrw8/6ak/MO5Lv2uyDQU="},"chainType":2,"messageKeys":{"93":"vgYdD6/KAaNJnNtD2B+5NfvUqVHP/1I5ls0FBlz0UPA="}},"BSCktJqNCD2uMtYVtkH+Ogkmth7WSURjodeCiH1f0iEj":{"chainKey":{"counter":-1,"key":"kA8VZlKesAN3uIeMq0eIV3F2dvc0qjZqD8eG2Dfpd+w="},"chainType":1,"messageKeys":{}}}},"BYbqlZ07QRbgnhyzk1aCashnWGKAd3NSnJSyzO3cNL1Z":{"registrationId":959340791,"currentRatchet":{"ephemeralKeyPair":{"pubKey":"Bfz3LOtaW1evS24G04zAkwK1nrvg6JsE16VAgv9lV/4c","privKey":"kG8CNcuZT18EzPMIwFrssrMBxYrx4Whlx8X2QSoVJHY="},"lastRemoteEphemeralKey":"BcUCbDYFIwE/JJlax2HxZISGaOw7qHZRpbsj0xLkjqMw","previousCounter":0,"rootKey":"KZkQ8eBEbDTWw6d27JxjIjiQ+Zx7oMMNGu3PoPjbZcE="},"indexInfo":{"baseKey":"BYbqlZ07QRbgnhyzk1aCashnWGKAd3NSnJSyzO3cNL1Z","baseKeyType":2,"closed":-1,"used":1738444817855,"created":1738444817854,"remoteIdentityKey":"Be+iBpVisAlQFTF5ly4rvXZIb/NFpeHhYtAgYvsRn1g3"},"_chains":{"BcUCbDYFIwE/JJlax2HxZISGaOw7qHZRpbsj0xLkjqMw":{"chainKey":{"counter":3,"key":"9yrXX1YzgR1kj86VGUluPaevSkogSouU+RcCGwE0pQM="},"chainType":2,"messageKeys":{}},"Bfz3LOtaW1evS24G04zAkwK1nrvg6JsE16VAgv9lV/4c":{"chainKey":{"counter":-1,"key":"77iMSarjl+7/3Cx8JchDXOInPDDK/O1zbFQC/TFf14Q="},"chainType":1,"messageKeys":{}}}}},"version":"v1"}