{"_sessions":{"BXe65CubdF8E5FlzK24z1iLIX/PkX+GHhY/SX16H1EYZ":{"registrationId":7064,"currentRatchet":{"ephemeralKeyPair":{"pubKey":"BQ7iUrlRjEeDBKJcfWz49VLqos33ZeieinRIK9vFOtBE","privKey":"iB/e9LioiDxDk9AAYTJf31EtD+AcDuyT7pdKjB05HnA="},"lastRemoteEphemeralKey":"BYKrtJ5wmJiNL5og86EUuaQx/3V0JIZI4/AHt8Nw1xwx","previousCounter":0,"rootKey":"UF5y7U6Ycjma0omk2ciAOEFvmTNaz+a5cPvnIlTCBeU="},"indexInfo":{"baseKey":"BXe65CubdF8E5FlzK24z1iLIX/PkX+GHhY/SX16H1EYZ","baseKeyType":1,"closed":-1,"used":1735148558253,"created":1735148558253,"remoteIdentityKey":"BUh2G1WMBb83QH7TRGWE9Zu53SpRzFQ6F5bJ7DS8xL5v"},"_chains":{"BQ7iUrlRjEeDBKJcfWz49VLqos33ZeieinRIK9vFOtBE":{"chainKey":{"counter":0,"key":"hsuOBIVLTiSns/613f4uzQ2gzzCxp32i54qUk+bE5I0="},"chainType":1,"messageKeys":{}}},"pendingPreKey":{"signedKeyId":1,"baseKey":"BXe65CubdF8E5FlzK24z1iLIX/PkX+GHhY/SX16H1EYZ","preKeyId":161}}},"version":"v1"}