{"_sessions":{"BdETH2KHl2+HCQRLb2MRkgjmG8DmXPBpUmIB+nhPeZVZ":{"registrationId":4037,"currentRatchet":{"ephemeralKeyPair":{"pubKey":"BV+ZycQpIzfIvKfoK/pOPfyvd50ovO3BvRP7F+TuHyAm","privKey":"oAaiL0NxeL9RgC7y99KStmJr1P/8rwA2x8h23ym74Gc="},"lastRemoteEphemeralKey":"Bd2vU9Uv6R/p9s6JMuh26xPmPUtHxc89ZdmVSbxLUxgR","previousCounter":0,"rootKey":"ogunKGXt6opmNzI7pkxqyNDRHLyZLyrKbPX7uDe6QjY="},"indexInfo":{"baseKey":"BdETH2KHl2+HCQRLb2MRkgjmG8DmXPBpUmIB+nhPeZVZ","baseKeyType":1,"closed":-1,"used":1735233843673,"created":1735233843673,"remoteIdentityKey":"BRYt6YoghV+8SbRZqQUigAyZAy4+JRxAay2Yep8TJa91"},"_chains":{"BV+ZycQpIzfIvKfoK/pOPfyvd50ovO3BvRP7F+TuHyAm":{"chainKey":{"counter":0,"key":"g3i/mUq73lRqAg8xvaUgW0Xt9Gdl4a6r6MG38vK5vik="},"chainType":1,"messageKeys":{}}},"pendingPreKey":{"signedKeyId":1,"baseKey":"BdETH2KHl2+HCQRLb2MRkgjmG8DmXPBpUmIB+nhPeZVZ","preKeyId":913}}},"version":"v1"}