{"_sessions":{"BX/1yeVUtuqEIsqB0/kQqW9Doo4XNTx9Xt/r6wIKyUsP":{"registrationId":1864130671,"currentRatchet":{"ephemeralKeyPair":{"pubKey":"BY76tT3zEapivWZ+F0QGlXH96Z+26P7NBXWvuAsRbcYC","privKey":"cFWvvC7IfYS0bMHNgFCZU5vkxDMY6geqfYUKLpIfoX4="},"lastRemoteEphemeralKey":"BWQvXbzLgPNfcY37m/VGlkz0obq/WDYEeE4h9Sbl5wdt","previousCounter":0,"rootKey":"9dZ72qHNzMSer//Xd0WY1C9N1nm/OpL99hlOr5KLQwI="},"indexInfo":{"baseKey":"BX/1yeVUtuqEIsqB0/kQqW9Doo4XNTx9Xt/r6wIKyUsP","baseKeyType":1,"closed":-1,"used":1735308883561,"created":1735085016231,"remoteIdentityKey":"BcBTloV3tGId0BI865+eoW4v3ObXKP27iZsP6DPu1TtC"},"_chains":{"BWQvXbzLgPNfcY37m/VGlkz0obq/WDYEeE4h9Sbl5wdt":{"chainKey":{"counter":0,"key":"J3qReNfE+f1QU1oXzOn30Zn4V8+E4MKRUf5wGNBHmkY="},"chainType":2,"messageKeys":{}},"BY76tT3zEapivWZ+F0QGlXH96Z+26P7NBXWvuAsRbcYC":{"chainKey":{"counter":-1,"key":"N010IAEINYQezfP/PmBO5C4xgj9Jzp7a+e5B2YKr2Mc="},"chainType":1,"messageKeys":{}}}}},"version":"v1"}