{"_sessions":{"BQt7SPfH6Ssq2CBHw8PVDltQw32Yf/WYdxhebtNgVhpq":{"registrationId":1294164019,"currentRatchet":{"ephemeralKeyPair":{"pubKey":"BcYig03mTvnTsVteEdMBQWc2v2qaVPCfF3BJ3ltKMgpp","privKey":"8P8166D/+aJ4btJ9Bnt2zoTRTCwTk7iIksEaJpj1GUc="},"lastRemoteEphemeralKey":"BXi8vBnbxgYe4rt2KRNLiZngC5OYvYBFarN/YRHL9mVL","previousCounter":0,"rootKey":"l8RjuVXwGp0XynZiqng42k3H8GjCD7L03FrGsm1mO+U="},"indexInfo":{"baseKey":"BQt7SPfH6Ssq2CBHw8PVDltQw32Yf/WYdxhebtNgVhpq","baseKeyType":1,"closed":-1,"used":1735085003832,"created":1735085003832,"remoteIdentityKey":"Bb0KYDWqI8jQGcOlDq6IoLWATZCRzduApEmWigYn5PUF"},"_chains":{"BcYig03mTvnTsVteEdMBQWc2v2qaVPCfF3BJ3ltKMgpp":{"chainKey":{"counter":0,"key":"pz3fdvJFcmbxHOszfn9JEkfXlYUJaXrj7RgC9PGFFQA="},"chainType":1,"messageKeys":{}}},"pendingPreKey":{"signedKeyId":3,"baseKey":"BQt7SPfH6Ssq2CBHw8PVDltQw32Yf/WYdxhebtNgVhpq","preKeyId":6567587}}},"version":"v1"}