{"_sessions":{"BcMdb1ltJhYdg5+aauvyRJ2/vH5JGD9v1CB0DzWsz7Fq":{"registrationId":675392285,"currentRatchet":{"ephemeralKeyPair":{"pubKey":"BfY7hpnlU9+zI9Im57UaY5lybUUpzzSW9uDJpJY9HJ0I","privKey":"gEdD7ONKjssaFzMDORO1B8lhDpjYX1ubrdiM2zW0vnk="},"lastRemoteEphemeralKey":"BRNErML/t2iXfkmzA7jV5BNzh/ERvxL+am1E+RKkqcg8","previousCounter":0,"rootKey":"8XyFOGFkrg+PYJowCCQMpWPIFzn9bnDovqrH6WPKALM="},"indexInfo":{"baseKey":"BcMdb1ltJhYdg5+aauvyRJ2/vH5JGD9v1CB0DzWsz7Fq","baseKeyType":1,"closed":1738447519767,"used":1736863341531,"created":1735085025289,"remoteIdentityKey":"Bazg4Q5CrBO4o6cy2qzOA61mZ/w2HLpIhe/19wnnTQUA"},"_chains":{"BRNErML/t2iXfkmzA7jV5BNzh/ERvxL+am1E+RKkqcg8":{"chainKey":{"counter":2,"key":"1JHuOXbe6f1R7dAINZK65yLixl5rSegVGyC3/Beqpy0="},"chainType":2,"messageKeys":{}},"BfY7hpnlU9+zI9Im57UaY5lybUUpzzSW9uDJpJY9HJ0I":{"chainKey":{"counter":-1,"key":"xglTH+0boXam2bmZk69okCStAdMkJW/2rgIidZW6n2o="},"chainType":1,"messageKeys":{}}}},"BdDrvE1OYyFr38YvM1ff38/Fvc+hO+17RkE4NfWxWrsG":{"registrationId":675392285,"currentRatchet":{"ephemeralKeyPair":{"pubKey":"BT636nmuBHrE2ue8kft9IncA+twjCGQS6n587zQ+h3Mz","privKey":"2CJqgy3xi9cV2Y5J/qYmup8a1w99HUDuiOgHDKrA2lM="},"lastRemoteEphemeralKey":"BZb5wZOL6OpLVXzS9dVTXnw05Bh06sE7EzyHI7zpEpB6","previousCounter":0,"rootKey":"c83RRGF+LMs2EY7DwODzuo32b983xkG0wnt8pSi7238="},"indexInfo":{"baseKey":"BdDrvE1OYyFr38YvM1ff38/Fvc+hO+17RkE4NfWxWrsG","baseKeyType":2,"closed":-1,"used":1738447519780,"created":1738447519780,"remoteIdentityKey":"Bazg4Q5CrBO4o6cy2qzOA61mZ/w2HLpIhe/19wnnTQUA"},"_chains":{"BZb5wZOL6OpLVXzS9dVTXnw05Bh06sE7EzyHI7zpEpB6":{"chainKey":{"counter":1,"key":"9SD99DqNbB88uyRUxOydWbGCtwytW1w1GQACmNOECXE="},"chainType":2,"messageKeys":{}},"BT636nmuBHrE2ue8kft9IncA+twjCGQS6n587zQ+h3Mz":{"chainKey":{"counter":-1,"key":"OuFjy4Gfovi7Y+1z7LCrxhSqTlPHg4cyyhSfg9kvJLo="},"chainType":1,"messageKeys":{}}}}},"version":"v1"}