{"_sessions":{"BYzqQ8ZiIoC7bNO+fDQIS6qOpU1C1wnuAdInHLzPPN0p":{"registrationId":107855182,"currentRatchet":{"ephemeralKeyPair":{"pubKey":"BdqG8V6qHDP276icKIesGMKR7AgLALYo/yRP5BV45SB2","privKey":"SGjkJMLe4aVRFAPJk/Lo9A23wpcbFUXqXlkHR5mgVmI="},"lastRemoteEphemeralKey":"BeTF0g8IDFcyvBlbzQ6o228LxOMFUL7oqWy1wRms0dgT","previousCounter":0,"rootKey":"LvUCwFbYuCoNP9k/NP8P7jBPyMH7lpJ+sFsJ1PVLrBw="},"indexInfo":{"baseKey":"BYzqQ8ZiIoC7bNO+fDQIS6qOpU1C1wnuAdInHLzPPN0p","baseKeyType":1,"closed":-1,"used":1735085003970,"created":1735085003970,"remoteIdentityKey":"BRAlRUQeBB7HlDwNjqyD0cv1L1YqC5JwCAQ8ls24u+pm"},"_chains":{"BdqG8V6qHDP276icKIesGMKR7AgLALYo/yRP5BV45SB2":{"chainKey":{"counter":0,"key":"uY2YiagcVLaAPUuAgkT2NMAdChz1pb0jzVvO72mWh08="},"chainType":1,"messageKeys":{}}},"pendingPreKey":{"signedKeyId":3,"baseKey":"BYzqQ8ZiIoC7bNO+fDQIS6qOpU1C1wnuAdInHLzPPN0p","preKeyId":12202526}}},"version":"v1"}