{"_sessions":{"BYiKXxrK854ppQkSZ8a10cXTjbjFm3CbZkzWCa2leSlT":{"registrationId":1468062237,"currentRatchet":{"ephemeralKeyPair":{"pubKey":"BbkmCKfLCvc2f0kMznxlbEJmVrtsiNSYujjo7sqLYPIQ","privKey":"aL34ymDYplQfspSb9gi6dLTAGrg2r1SALFHuj4EWCWg="},"lastRemoteEphemeralKey":"BbypgaGprMBiTF8PMvwdpYwWAxzNvuBNvS8eh1eNguEo","previousCounter":0,"rootKey":"fYLZA14u80vSz4Up1T7QUtds+7FVQg04406Q6fdL5Xk="},"indexInfo":{"baseKey":"BYiKXxrK854ppQkSZ8a10cXTjbjFm3CbZkzWCa2leSlT","baseKeyType":1,"closed":-1,"used":1735085019214,"created":1735085019214,"remoteIdentityKey":"BV1kkYZ0E324G6ei/3OTzQ6xpMquPeyLzDKHF64dfG9N"},"_chains":{"BbkmCKfLCvc2f0kMznxlbEJmVrtsiNSYujjo7sqLYPIQ":{"chainKey":{"counter":0,"key":"8dKPi79uYv7MNcGJVLOrATh23vbl8AZKEC+qYW65NUs="},"chainType":1,"messageKeys":{}}},"pendingPreKey":{"signedKeyId":18,"baseKey":"BYiKXxrK854ppQkSZ8a10cXTjbjFm3CbZkzWCa2leSlT","preKeyId":11709671}}},"version":"v1"}