{"_sessions":{"BZ8rVh243E1KM4zQrl+DKKXwhHy9p6yLNLkMdhwl7Fl3":{"registrationId":2048395711,"currentRatchet":{"ephemeralKeyPair":{"pubKey":"BRlBTszqyBTOjonGRmqFxAMWwAvoFdzSmqwlf9ndZZBy","privKey":"gJzxSHoT4iT3uKU/wJifR0Gw5uxNlm7/eW6E0EH23ms="},"lastRemoteEphemeralKey":"BfSpKf24BJ46jbgRuvuusVEkgNGG2hc7Oc0Y0W9k8QNc","previousCounter":0,"rootKey":"UJx9+VW1as6XG/O7XbrbTMxSx34iyBC+AR77tlY3dug="},"indexInfo":{"baseKey":"BZ8rVh243E1KM4zQrl+DKKXwhHy9p6yLNLkMdhwl7Fl3","baseKeyType":1,"closed":-1,"used":1735084997674,"created":1735084997674,"remoteIdentityKey":"BaZTIbLpvVOO+KefWATF8U2Sp5/8NB2+U1ggXML4lXd7"},"_chains":{"BRlBTszqyBTOjonGRmqFxAMWwAvoFdzSmqwlf9ndZZBy":{"chainKey":{"counter":0,"key":"Hm8Y7oUaMeYck7BoGBarx5+Slc4uGr2vBJUKPLLoyhI="},"chainType":1,"messageKeys":{}}},"pendingPreKey":{"signedKeyId":1,"baseKey":"BZ8rVh243E1KM4zQrl+DKKXwhHy9p6yLNLkMdhwl7Fl3"}}},"version":"v1"}