{"_sessions":{"BZABQlv3b1wz1RCNcqgLYiNEn4feCKEruIjFuxTqc04d":{"registrationId":14307,"currentRatchet":{"ephemeralKeyPair":{"pubKey":"BRyE+R4B6o2MKX10WqGB4X94vGQiOeZkRv5PfpPNEp9p","privKey":"kFbU7CrmnqJfSzeziMjtwSS1irRGVRS99jXn4WiUplg="},"lastRemoteEphemeralKey":"BS/IHFHD00LYhaF+eS3iWMdWbMOtwbj1JBS6PhbsLcoW","previousCounter":0,"rootKey":"dyXVrmU8mlpAUKzzkOA9sRWM5+l3sXRSn9EQH0MGKj0="},"indexInfo":{"baseKey":"BZABQlv3b1wz1RCNcqgLYiNEn4feCKEruIjFuxTqc04d","baseKeyType":1,"closed":-1,"used":1738790225251,"created":1738790225251,"remoteIdentityKey":"BVoY95jISTNAQYrSWaupxeDckZijCP+L2/9qYlEOjn5K"},"_chains":{"BRyE+R4B6o2MKX10WqGB4X94vGQiOeZkRv5PfpPNEp9p":{"chainKey":{"counter":0,"key":"iwXkDCTb6EbS2JUdX6Cbh4lmjdhJID9Hsrmn/W0Y9LA="},"chainType":1,"messageKeys":{}}},"pendingPreKey":{"signedKeyId":1,"baseKey":"BZABQlv3b1wz1RCNcqgLYiNEn4feCKEruIjFuxTqc04d","preKeyId":15}}},"version":"v1"}