{"_sessions":{"BZ/EjAHtBVbE88xZRBTslzDNm6V0DgZza06HqwRckM8q":{"registrationId":1787476401,"currentRatchet":{"ephemeralKeyPair":{"pubKey":"BcXWxFOe/Y5ziuBsNsCy3KeQ1sJugMQA0A4jRwMHnYVe","privKey":"CCVU/27MerumdMFXKQl+30OH4zojcYTjsMo0IIB5rlA="},"lastRemoteEphemeralKey":"BbJtA9+Ru701zeHZ+mg09k2ZeSJK2+cFBUrxESlzI0Mp","previousCounter":0,"rootKey":"7CGpUKJ+URze7aKq2wSzrdwWyf7xaxmAUAK/9UElYd4="},"indexInfo":{"baseKey":"BZ/EjAHtBVbE88xZRBTslzDNm6V0DgZza06HqwRckM8q","baseKeyType":1,"closed":-1,"used":1735085016297,"created":1735085016297,"remoteIdentityKey":"Bbkr2ZAVCLhG3bwzcTsHY0NCiV7Z8RyJb331BD9lmmsk"},"_chains":{"BcXWxFOe/Y5ziuBsNsCy3KeQ1sJugMQA0A4jRwMHnYVe":{"chainKey":{"counter":0,"key":"XwrP/2Q22w5XVUFWJrB8J+4ZWkQHlCGO+jKih0b121s="},"chainType":1,"messageKeys":{}}},"pendingPreKey":{"signedKeyId":24,"baseKey":"BZ/EjAHtBVbE88xZRBTslzDNm6V0DgZza06HqwRckM8q","preKeyId":10955878}}},"version":"v1"}