{"_sessions":{"BTiSbZwGoMUw8HxD2Eg135shjsEMSHmDD62pBNBI5qhc":{"registrationId":515257616,"currentRatchet":{"ephemeralKeyPair":{"pubKey":"BfPkNIXWrQJwVIhF4MY6g2z0NWj363NfiKdy8HIs2XF5","privKey":"eInGp27UPlm8fE2y7jjjjNSzxIezA5tmwnDi4t6hGkw="},"lastRemoteEphemeralKey":"Bfey6+9Q2VzSIKjblt6vTCwKIbKODsH2GqBesrgAXzY6","previousCounter":0,"rootKey":"4LvLL8LvlC5MoUffTwjKPV5W9jx/tYTFce9rIEaIPG4="},"indexInfo":{"baseKey":"BTiSbZwGoMUw8HxD2Eg135shjsEMSHmDD62pBNBI5qhc","baseKeyType":1,"closed":-1,"used":1738726391661,"created":1735523540851,"remoteIdentityKey":"BdR30a5n+7UFYCjt0yYnVGTxdSH87G8t3PgDoGkmQZUT"},"_chains":{"Bfey6+9Q2VzSIKjblt6vTCwKIbKODsH2GqBesrgAXzY6":{"chainKey":{"counter":14,"key":"ZvftZNxMSmjVKXwak0uITfBdGhNEbFyX6e0hKxzOHCo="},"chainType":2,"messageKeys":{}},"BfPkNIXWrQJwVIhF4MY6g2z0NWj363NfiKdy8HIs2XF5":{"chainKey":{"counter":-1,"key":"LcSCaSiALPGPr1YLOmpJecPZPLI2pjTR4fsEhSvgwpA="},"chainType":1,"messageKeys":{}}}}},"version":"v1"}