{"_sessions":{"BX6eUmXsj7DLW3i1Vhxxa3kSVMMIGabcRQ4CYlMdFaNI":{"registrationId":4835,"currentRatchet":{"ephemeralKeyPair":{"pubKey":"BeqgLnB0OO8CwiedZOJ7CpY3bGjEI+q3rNIOqx9++3kt","privKey":"GKQvy5fUSAf05i6Pu4lPoF5qoS19XdOrEQnx7Zvv1Gw="},"lastRemoteEphemeralKey":"BSINHEZJyLxlNDkjrNVgaj6SnSSL7BH62c14lsZ+dCkt","previousCounter":0,"rootKey":"kQnDN2+N46LmPZQ5CrfrotP32r5fDpas/1Ye4RVvwhE="},"indexInfo":{"baseKey":"BX6eUmXsj7DLW3i1Vhxxa3kSVMMIGabcRQ4CYlMdFaNI","baseKeyType":1,"closed":-1,"used":1738360465238,"created":1738360465238,"remoteIdentityKey":"BWTnE4AEV9GU8AOF8Ib/8WCBaP7JVG3/9mOjWhiagu1s"},"_chains":{"BeqgLnB0OO8CwiedZOJ7CpY3bGjEI+q3rNIOqx9++3kt":{"chainKey":{"counter":0,"key":"TiTGxKV6rSvuM9Y25y9/5mB4qGQqMnIENfhCxZT9d5I="},"chainType":1,"messageKeys":{}}},"pendingPreKey":{"signedKeyId":1,"baseKey":"BX6eUmXsj7DLW3i1Vhxxa3kSVMMIGabcRQ4CYlMdFaNI","preKeyId":132}}},"version":"v1"}