{"_sessions":{"Bbz7aFKRbkJayNq+ymbhq8YASEiM7iyXjdoFss9sZqwH":{"registrationId":1992063471,"currentRatchet":{"ephemeralKeyPair":{"pubKey":"BYEF0Z3e6LuW7DTMn5i3iaWlXe84n6tPIBRDOTVL4BM7","privKey":"oHjPbXdR7KSrv3+MC4iIQDzqRACTkav5dlbRcyiNJks="},"lastRemoteEphemeralKey":"BUXw0sdM9/RxvdfQ2r++6DRn3b9r9Zl1E6Te35HlvFd4","previousCounter":0,"rootKey":"uIuYT2keqFZaLqg+dxDt6mqpTn4rru5W2quc0RwWvi4="},"indexInfo":{"baseKey":"Bbz7aFKRbkJayNq+ymbhq8YASEiM7iyXjdoFss9sZqwH","baseKeyType":1,"closed":-1,"used":1738902844548,"created":1738869260024,"remoteIdentityKey":"BQmHlrIN+E+VQXbdmjFsJVmxIDDXpC3CM3XvtoH8xFxD"},"_chains":{"BUXw0sdM9/RxvdfQ2r++6DRn3b9r9Zl1E6Te35HlvFd4":{"chainKey":{"counter":0,"key":"Rs/MNFqEdjxPA78kFgd833h1dGjrCeJV2SCB4XVkP0A="},"chainType":2,"messageKeys":{}},"BYEF0Z3e6LuW7DTMn5i3iaWlXe84n6tPIBRDOTVL4BM7":{"chainKey":{"counter":-1,"key":"MhHVGduXx2a03B1qK1nztKYvGoPq9xwlB3a8pPAWXTs="},"chainType":1,"messageKeys":{}}}}},"version":"v1"}