{"_sessions":{"BfxTyx7r4WfIU3NqVTE3yXQMbVqFEMiIgzQ7pQ2UmuEX":{"registrationId":13221,"currentRatchet":{"ephemeralKeyPair":{"pubKey":"BfaykIfryhVK9q4FIWeqIH+J9oO8GcYsTxAjeM9Ihq89","privKey":"OAevWGForgXbFMoJPyTLERwg7JrygQXOjxiadUXrSmk="},"lastRemoteEphemeralKey":"BXFYzKwrgih8dJviT27C9oD24IaIJ6yY9PrMF78++XY0","previousCounter":0,"rootKey":"iog5ZWD9o8pw3GGKKYe0vPH5GtUDhDj1fhegGh3EG7Y="},"indexInfo":{"baseKey":"BfxTyx7r4WfIU3NqVTE3yXQMbVqFEMiIgzQ7pQ2UmuEX","baseKeyType":1,"closed":-1,"used":1738593093561,"created":1738593093561,"remoteIdentityKey":"BYlRPa1iGoU477AG4+zbKkP6IYpxhO8Px/vOGq2QraFJ"},"_chains":{"BfaykIfryhVK9q4FIWeqIH+J9oO8GcYsTxAjeM9Ihq89":{"chainKey":{"counter":0,"key":"z9VsGYBUCGVUn8gSfTcrSGkZ+HOBBcd+F3mM66Z1KY4="},"chainType":1,"messageKeys":{}}},"pendingPreKey":{"signedKeyId":1,"baseKey":"BfxTyx7r4WfIU3NqVTE3yXQMbVqFEMiIgzQ7pQ2UmuEX","preKeyId":29}}},"version":"v1"}