{"_sessions":{"Be5P8nzZOcPTLB6nTwdoEht5DdxeBZkA3izDA1xj1gok":{"registrationId":950358147,"currentRatchet":{"ephemeralKeyPair":{"pubKey":"BRQ+QrTjw+5+2Iu9eDfif9+m0yoQ1CGypwwVnlCbkyZL","privKey":"gJp3KKQWA+IdstKq76Og445uRgbXkA508CYAp1TGWGE="},"lastRemoteEphemeralKey":"BR0ftlO7pHOZVEuZUtLpZROtk4MAvbPEW/nFrNKL+9Uo","previousCounter":0,"rootKey":"oHoz9hElAA5Kl1Jzq/IT4z7lIt3ozKr5Xas2nYyQ0no="},"indexInfo":{"baseKey":"Be5P8nzZOcPTLB6nTwdoEht5DdxeBZkA3izDA1xj1gok","baseKeyType":1,"closed":-1,"used":1735085027849,"created":1735085027849,"remoteIdentityKey":"BVpiPsxqec1XsdalCRVBaHL7e57+Ro+avg+EPMVDKGw6"},"_chains":{"BRQ+QrTjw+5+2Iu9eDfif9+m0yoQ1CGypwwVnlCbkyZL":{"chainKey":{"counter":0,"key":"H6WBGSCRsZbJXja1TE5R6n3DXjBZJOKXSQPGq0TlgOg="},"chainType":1,"messageKeys":{}}},"pendingPreKey":{"signedKeyId":12,"baseKey":"Be5P8nzZOcPTLB6nTwdoEht5DdxeBZkA3izDA1xj1gok","preKeyId":1097460}}},"version":"v1"}