{"_sessions":{"BbZ7Uggu1sF+nF0DYZVhpTl1VnYe0Do0uJ22DnSm6kB3":{"registrationId":232633237,"currentRatchet":{"ephemeralKeyPair":{"pubKey":"BZMxkEK29HOC0S09s1tyzaFhqZQYokVfJXmtknpOnfo8","privKey":"+D33x7PDdaySI6V2CmGRWSHpbi+3dD+tkAD27kCweVM="},"lastRemoteEphemeralKey":"BV1KocsfXS4PJjNQthO4sBkKgql77hSk4JmU8vSetQt2","previousCounter":0,"rootKey":"hhNPeljlBPSMp12Zv7wajobn9T1PtfVubhxE+CyFMXE="},"indexInfo":{"baseKey":"BbZ7Uggu1sF+nF0DYZVhpTl1VnYe0Do0uJ22DnSm6kB3","baseKeyType":1,"closed":-1,"used":1737597378555,"created":1735085004137,"remoteIdentityKey":"BWHbD8Rgtl64V40Ng7BtF0/oiHnEo36K19Zn4Owe7cos"},"_chains":{"BVXpmz5ti5wV2QcJxDb67gUjtHUW81cK7xSVf+hMRnx8":{"chainKey":{"counter":2},"chainType":2,"messageKeys":{}},"BV1KocsfXS4PJjNQthO4sBkKgql77hSk4JmU8vSetQt2":{"chainKey":{"counter":1,"key":"JXTpdRe1GqkNotT99ESzHau4ywAaPaUpwxpGcLYDiIM="},"chainType":2,"messageKeys":{}},"BZMxkEK29HOC0S09s1tyzaFhqZQYokVfJXmtknpOnfo8":{"chainKey":{"counter":-1,"key":"w0MWbHHt/1hZzrXyb5ZVn6vR0OOT6tl94t4GtOTH0lg="},"chainType":1,"messageKeys":{}}}}},"version":"v1"}