{"_sessions":{"BYa4nix1mVnJVh5YF413YVSgNVfk4VBMv2HcB6Zj65g9":{"registrationId":2743,"currentRatchet":{"ephemeralKeyPair":{"pubKey":"BeS/6EucP4cF1TOdRc9bON05DJ03uFl1audzMUiw+5tt","privKey":"gKP2LDco5yviUkFrKQVfARS0xQbwA/SGPMCobNUS/mk="},"lastRemoteEphemeralKey":"BbbbCSdTB/HDySI33HXk/XvynWBzFzWKPMwOox+8aTYV","previousCounter":0,"rootKey":"/JwMXQlP9Bd5Ii7DfFzb2zy0z1pQL/GjbNQDbCnFJJ4="},"indexInfo":{"baseKey":"BYa4nix1mVnJVh5YF413YVSgNVfk4VBMv2HcB6Zj65g9","baseKeyType":1,"closed":-1,"used":1735084998215,"created":1735084998215,"remoteIdentityKey":"BeZTsohA885Spw8LBiNosPRYQWfZKD0ci7dvsqcT2zhb"},"_chains":{"BeS/6EucP4cF1TOdRc9bON05DJ03uFl1audzMUiw+5tt":{"chainKey":{"counter":0,"key":"wxcbD5aoGHNn/feMfekye+6oQGTLeLEPN6VobzPAm/o="},"chainType":1,"messageKeys":{}}},"pendingPreKey":{"signedKeyId":2,"baseKey":"BYa4nix1mVnJVh5YF413YVSgNVfk4VBMv2HcB6Zj65g9","preKeyId":2286}}},"version":"v1"}