{"_sessions":{"BWtAcL3sjdH7LncU9Ej8fvp/mImSvJAPZjd4ZvMVJvo+":{"registrationId":402060720,"currentRatchet":{"ephemeralKeyPair":{"pubKey":"Ba+1uyPQ1pDeIE47urBiiPndh5TVdpyjgOCZvgKH6XsT","privKey":"QNI7CyQo0GAPQVp0n71sMKSJRN4vrtkgWOKlBYNYo1c="},"lastRemoteEphemeralKey":"BSkqVq6q5K/jUfXsS95TzRBdwobfFgoKOEveCoq+GEZg","previousCounter":0,"rootKey":"iyewGb8WJbBKMDpjeBu9zNr0sHBErU2tV9blr6tz+HE="},"indexInfo":{"baseKey":"BWtAcL3sjdH7LncU9Ej8fvp/mImSvJAPZjd4ZvMVJvo+","baseKeyType":1,"closed":-1,"used":1735085003812,"created":1735085003812,"remoteIdentityKey":"BQEYgVqtvKCzNhJjpnlq2044aY3Yaj+cReMOsgmX7X5z"},"_chains":{"Ba+1uyPQ1pDeIE47urBiiPndh5TVdpyjgOCZvgKH6XsT":{"chainKey":{"counter":0,"key":"gOQE5sWyf0GnEfpa/5BxAwlrD39agW2wIrnlvwGBLTY="},"chainType":1,"messageKeys":{}}},"pendingPreKey":{"signedKeyId":9,"baseKey":"BWtAcL3sjdH7LncU9Ej8fvp/mImSvJAPZjd4ZvMVJvo+","preKeyId":3926971}}},"version":"v1"}