{"_sessions":{"BbfiYRvLwT3j12mUbFWen+cN3MZByamAHcotleGY/wY2":{"registrationId":271766413,"currentRatchet":{"ephemeralKeyPair":{"pubKey":"BQZTGGu/tlK1JXwChzVRJoinLq81/pQSHAXYfp7bWBEj","privKey":"gJ9YUPz8chEB72paYJQW/5DqhDOIcZzC3A+sYGCRnlU="},"lastRemoteEphemeralKey":"BcVpLf+xXzRn7+uzKpjXX0e/QpVOs73SlvSifBiun6Yi","previousCounter":0,"rootKey":"kSYeX3c+VHxNKM3pxDq2MRZMCyOyGofnP5L0Xl0npJI="},"indexInfo":{"baseKey":"BbfiYRvLwT3j12mUbFWen+cN3MZByamAHcotleGY/wY2","baseKeyType":1,"closed":-1,"used":1735084988186,"created":1735084988186,"remoteIdentityKey":"BSiIHnFdNTsgwy0/ML6oRXnKHHA3nWBWtFMs/bXjYZ1q"},"_chains":{"BQZTGGu/tlK1JXwChzVRJoinLq81/pQSHAXYfp7bWBEj":{"chainKey":{"counter":0,"key":"ah/aZuTAsD9mqVyo0yM/OTJE+nxQQMcMSDWNwC8dxwA="},"chainType":1,"messageKeys":{}}},"pendingPreKey":{"signedKeyId":1,"baseKey":"BbfiYRvLwT3j12mUbFWen+cN3MZByamAHcotleGY/wY2"}}},"version":"v1"}