{"_sessions":{"BXSb7oxjO0wvuzw8SfpECTV6PatHdsy8UqQZ5GR6t7xs":{"registrationId":2041047769,"currentRatchet":{"ephemeralKeyPair":{"pubKey":"BY8Q1AYsb45Gqp4kYjWwRj80H5fzmfhptxdMgj3Z9oN1","privKey":"SOnHNzA+K2GHOw0xBx0pSVAgX4V2HJirh+0MUYfpPHc="},"lastRemoteEphemeralKey":"Bdw7+b8n/sbeM/gjOYRE99HjQEpzSVM3hq5uSKXj0f4L","previousCounter":0,"rootKey":"4x4c1NqZRE4Kbo9+dFh72LujJU9tsnFOsny1nBMGAmw="},"indexInfo":{"baseKey":"BXSb7oxjO0wvuzw8SfpECTV6PatHdsy8UqQZ5GR6t7xs","baseKeyType":1,"closed":-1,"used":1735085027943,"created":1735085027943,"remoteIdentityKey":"Bc8Dipka7W/ZxtajavtLTnbLOcEv7MFCPMxowTU502cN"},"_chains":{"BY8Q1AYsb45Gqp4kYjWwRj80H5fzmfhptxdMgj3Z9oN1":{"chainKey":{"counter":0,"key":"vmMtBabS6f+tiJ11XubuvbYvUMTS4yaLGmIeQBV4v7s="},"chainType":1,"messageKeys":{}}},"pendingPreKey":{"signedKeyId":1,"baseKey":"BXSb7oxjO0wvuzw8SfpECTV6PatHdsy8UqQZ5GR6t7xs","preKeyId":15342011}}},"version":"v1"}