{"_sessions":{"BQPhDXT92M2M/KXNvb939JXttf5iH05o27WMRNzprz5Y":{"registrationId":1255271199,"currentRatchet":{"ephemeralKeyPair":{"pubKey":"BUDRIsRylc9o1eeWWYWXP5phAQJDvVummzNX7kN+SrtX","privKey":"4ATyG8IyZjYyCiyVjrdzgK6P1WgsDmn+8LVYmIf8JlY="},"lastRemoteEphemeralKey":"BaIspW2d57x2M3nwDw8XIpfGmD8vTVY4lnZ8ghJDQf8Q","previousCounter":0,"rootKey":"JQE0uaj7jsBZORuyk2Bz7liKPgliwuU7c4psdX1mkSc="},"indexInfo":{"baseKey":"BQPhDXT92M2M/KXNvb939JXttf5iH05o27WMRNzprz5Y","baseKeyType":1,"closed":-1,"used":1735085000539,"created":1735085000539,"remoteIdentityKey":"BSsEeoNPPvle3v2OUX823M5Nb5mLU67NjJOYrfUi+/UM"},"_chains":{"BUDRIsRylc9o1eeWWYWXP5phAQJDvVummzNX7kN+SrtX":{"chainKey":{"counter":0,"key":"IcvLnjIAc6cClgOm0XgIZ77ENTAtqW6H3AgxFV4ARnw="},"chainType":1,"messageKeys":{}}},"pendingPreKey":{"signedKeyId":9,"baseKey":"BQPhDXT92M2M/KXNvb939JXttf5iH05o27WMRNzprz5Y","preKeyId":7554383}}},"version":"v1"}