{"_sessions":{"Bfq2c5+IeM5trW3uR6utM57mjfTEerVrjKvUBP9OXdt9":{"registrationId":35622377,"currentRatchet":{"ephemeralKeyPair":{"pubKey":"BUmZ7x926fP9QKGkm1HgwEAld/HQboptCgW1UQ33pk4N","privKey":"QN0z5n4J+jgEgJMGl/wPSq7Y3Xoi7AbCpid7ojZzCXU="},"lastRemoteEphemeralKey":"BeVFFDUHfU8FM3Xv7nkbhG1LoslSPjMP+NAlesGedc1g","previousCounter":0,"rootKey":"ZT33vu9vExdzs7h5/wVZbVQkWWUBorP5FHdcf3+pli8="},"indexInfo":{"baseKey":"Bfq2c5+IeM5trW3uR6utM57mjfTEerVrjKvUBP9OXdt9","baseKeyType":1,"closed":-1,"used":1735085006593,"created":1735085006593,"remoteIdentityKey":"BYq/RG8ou8HBcmSYABmtRKtmCp+aVs0iGE9jq3QDFCEZ"},"_chains":{"BUmZ7x926fP9QKGkm1HgwEAld/HQboptCgW1UQ33pk4N":{"chainKey":{"counter":0,"key":"5SQ5bI8AORe+y/01sa3xvqTimdOSYMz/D9u4bEMatzg="},"chainType":1,"messageKeys":{}}},"pendingPreKey":{"signedKeyId":0,"baseKey":"Bfq2c5+IeM5trW3uR6utM57mjfTEerVrjKvUBP9OXdt9","preKeyId":6082656}}},"version":"v1"}