{"_sessions":{"BVstoCK5VpbUVjLleK1vAivuxPx3YFJ3rA05RNBvsHgK":{"registrationId":638009981,"currentRatchet":{"ephemeralKeyPair":{"pubKey":"BcwxTYLOVxu35UUVGSEIdvgfgVNWfPc6MrO0sqp1WhEQ","privKey":"6P8Lx2fLNmvFobLCWSBUUdFxyhxMw4VgPMmt0tHkqWU="},"lastRemoteEphemeralKey":"BZt0FJ8VmLh0CnWEJp5pT7rt+dMvVv9RTcjzZ8XFWWo6","previousCounter":0,"rootKey":"9B7wZ8zgvGFQu20jsuv3JCD+P6d6JUp9P5hztc7YBYQ="},"indexInfo":{"baseKey":"BVstoCK5VpbUVjLleK1vAivuxPx3YFJ3rA05RNBvsHgK","baseKeyType":1,"closed":-1,"used":1735085028392,"created":1735085028392,"remoteIdentityKey":"BW1SuAMADDbTxiV+p2KI6Tm0NqmmQ11RTCv4Y8sXNjpd"},"_chains":{"BcwxTYLOVxu35UUVGSEIdvgfgVNWfPc6MrO0sqp1WhEQ":{"chainKey":{"counter":0,"key":"VJaIQ15Xqm9NX60SdsmyXKSDI3sGrMx5vCe9FqtU3QQ="},"chainType":1,"messageKeys":{}}},"pendingPreKey":{"signedKeyId":13,"baseKey":"BVstoCK5VpbUVjLleK1vAivuxPx3YFJ3rA05RNBvsHgK","preKeyId":8384499}}},"version":"v1"}