{"_sessions":{"BV6wXlQF0lGa4//yC057GoR9SxyrgtZ8D8C+wJ7QS4Vb":{"registrationId":363078705,"currentRatchet":{"ephemeralKeyPair":{"pubKey":"BWK89M06PSkRyQg18kZHVcE68t03USLFkP5xNeginPRL","privKey":"MMTinYwXlOCORhLqUJ1e7Rmjpt/zT/Vazbscx7S4HG4="},"lastRemoteEphemeralKey":"Ba0yVW2AxKOeAz7tjIxTT3cTFcBxpwVi02GfHzrvMOpz","previousCounter":0,"rootKey":"jud8i9gReIEejR3g9TOOTr/iGkrwuLpjTOmHzCZftC0="},"indexInfo":{"baseKey":"BV6wXlQF0lGa4//yC057GoR9SxyrgtZ8D8C+wJ7QS4Vb","baseKeyType":1,"closed":-1,"used":1735085012804,"created":1735085012804,"remoteIdentityKey":"BQYtoNPQ7dWCJq509f4V9LdyTqdihOk6uFzxWy1PREZJ"},"_chains":{"BWK89M06PSkRyQg18kZHVcE68t03USLFkP5xNeginPRL":{"chainKey":{"counter":0,"key":"0FjBRIQziXEfEfP1GIl9UDd/AsMAeWU1XEl8RYp7k/Q="},"chainType":1,"messageKeys":{}}},"pendingPreKey":{"signedKeyId":1,"baseKey":"BV6wXlQF0lGa4//yC057GoR9SxyrgtZ8D8C+wJ7QS4Vb","preKeyId":5526676}}},"version":"v1"}