{"_sessions":{"BYtUG+N6TaUJP0qhneD+l+k6VpciBsnJ8OEXEi6ssmAW":{"registrationId":1632922250,"currentRatchet":{"ephemeralKeyPair":{"pubKey":"BSOUi6srJwtP0GLEfFzm7yOPL0qcKfx0lo8UxU08oEEf","privKey":"GCC4hsTdhQDiniTmW5JFoqZ9Kpxb/U0pIIW7kXN4AG0="},"lastRemoteEphemeralKey":"BXsCK6Jzkk/zjFZXsNDTyOvkQZCYIeYT1eAyzG6o0ywb","previousCounter":0,"rootKey":"fy/aBw4DrPu8PKzc26fDBctwFt1ZN3s/UjGYmoXO0+M="},"indexInfo":{"baseKey":"BYtUG+N6TaUJP0qhneD+l+k6VpciBsnJ8OEXEi6ssmAW","baseKeyType":1,"closed":-1,"used":1735085028261,"created":1735085028261,"remoteIdentityKey":"BchQLUBhGTitwNqKXejdN5FVHZeXhzUPD1vcP1BthStq"},"_chains":{"BSOUi6srJwtP0GLEfFzm7yOPL0qcKfx0lo8UxU08oEEf":{"chainKey":{"counter":0,"key":"uVmxZ3wcYAqcc8+GMph5d+untQ4EwPr86Iwmpw5ABn0="},"chainType":1,"messageKeys":{}}},"pendingPreKey":{"signedKeyId":13,"baseKey":"BYtUG+N6TaUJP0qhneD+l+k6VpciBsnJ8OEXEi6ssmAW","preKeyId":10895236}}},"version":"v1"}