{"_sessions":{"BZ8MoBIfSQG+9WJWtYKyapMfQaHIZQYroEGacQ9kub1p":{"registrationId":998016281,"currentRatchet":{"ephemeralKeyPair":{"pubKey":"BfJ7RatiRnTMZDxcoscQgM9s0cUKA+EQt57jf7V1uG0A","privKey":"YGEInK/UCo10Ziqat5KWBhAddGQG4VawzTXKQA75t04="},"lastRemoteEphemeralKey":"BcFQ4K2FOP3JxR3Tv2x77G+LUJGJ/gBr6PTKi9acFeUi","previousCounter":0,"rootKey":"J8GaL3QegsSWtJqrPfUuzs7Zahym0tsiPZqwTgdyMRs="},"indexInfo":{"baseKey":"BZ8MoBIfSQG+9WJWtYKyapMfQaHIZQYroEGacQ9kub1p","baseKeyType":1,"closed":-1,"used":1735085013193,"created":1735085013193,"remoteIdentityKey":"BX3kZ5BEY30YDAxcTy14WkOUyqUU+wf2f+VDmRkylzxA"},"_chains":{"BfJ7RatiRnTMZDxcoscQgM9s0cUKA+EQt57jf7V1uG0A":{"chainKey":{"counter":0,"key":"q0a5/6uwFThB1SV2dr3i7N+m42/T44lH5btJL5X3aV4="},"chainType":1,"messageKeys":{}}},"pendingPreKey":{"signedKeyId":0,"baseKey":"BZ8MoBIfSQG+9WJWtYKyapMfQaHIZQYroEGacQ9kub1p","preKeyId":5543132}}},"version":"v1"}