{"_sessions":{"BV+PlXPDtBwlo+G9YA1JBi+FGaoU11IEfsiGliTCgf4x":{"registrationId":13450,"currentRatchet":{"ephemeralKeyPair":{"pubKey":"BZG9WyzoiHf3omZmPGDxX4sfK0Uj0N1INZJPuFoa2ull","privKey":"GJ6yPr3TFb0ztl5HWGvoCBqPqIquuvI9xUlPfD6Jymc="},"lastRemoteEphemeralKey":"BSxtqTjUEoRqZxbyRbcuOQFytnjW7WG6oYWXdOQPkHxn","previousCounter":0,"rootKey":"fIzbpeUaPKtJd2RNmd7wobol2+I2Sk0jta6kXErHMIY="},"indexInfo":{"baseKey":"BV+PlXPDtBwlo+G9YA1JBi+FGaoU11IEfsiGliTCgf4x","baseKeyType":1,"closed":-1,"used":1738520778551,"created":1738520778551,"remoteIdentityKey":"Beaz44EWw/Sv5TXD4M4qmlOhU+vc7ft+YgC8Mg5l8f57"},"_chains":{"BZG9WyzoiHf3omZmPGDxX4sfK0Uj0N1INZJPuFoa2ull":{"chainKey":{"counter":0,"key":"6XD7fPEsl1m5Qvj5f/FqIWrqsm9kqiyhP31JTfIcPA0="},"chainType":1,"messageKeys":{}}},"pendingPreKey":{"signedKeyId":1,"baseKey":"BV+PlXPDtBwlo+G9YA1JBi+FGaoU11IEfsiGliTCgf4x","preKeyId":20}}},"version":"v1"}