{"_sessions":{"BXhJxK9gyXRZeHOSWrQesuGGxcpweTsRfPXlj62u7EEU":{"registrationId":3618,"currentRatchet":{"ephemeralKeyPair":{"pubKey":"BSxdKyrL8m32gwYIknDXByv7KRqUzSfIxjPh6kJsat0F","privKey":"sGytqM70LQsnzdpmd0eKi2uP2qA7jy2jXFb3wAP2jUc="},"lastRemoteEphemeralKey":"BVJ/ZhBJLSAO+qH1ag75A0o1XnW++r8kxiXnYGiB/rMo","previousCounter":0,"rootKey":"ug0rTVcWrXz5lP/U1fW4QHIfK3r5+WCQ2xuZgox02Ik="},"indexInfo":{"baseKey":"BXhJxK9gyXRZeHOSWrQesuGGxcpweTsRfPXlj62u7EEU","baseKeyType":1,"closed":-1,"used":1738695067314,"created":1738695067314,"remoteIdentityKey":"BV2aMSy5r70aByb7ikCKOQNbJ01dIt8zTy0M3EbLNsJ/"},"_chains":{"BSxdKyrL8m32gwYIknDXByv7KRqUzSfIxjPh6kJsat0F":{"chainKey":{"counter":0,"key":"8xELIJ6BSndVFEa22ecYIuvgdMBuRVefxBfxS/SxNRE="},"chainType":1,"messageKeys":{}}},"pendingPreKey":{"signedKeyId":1,"baseKey":"BXhJxK9gyXRZeHOSWrQesuGGxcpweTsRfPXlj62u7EEU","preKeyId":70}}},"version":"v1"}