{"_sessions":{"BXgItEGCfviaz27Gf9Jzr3EMSgUYJ865x8zKZA3Mph5Q":{"registrationId":1157801842,"currentRatchet":{"ephemeralKeyPair":{"pubKey":"BSHIixKeFEPbr5ZXiokGCsXAqCoEU6LLnKwHDfswC8Q4","privKey":"EJTCTyMUsmRpjnRRfPWfD52rIpJGx1qU8fnC43WSY04="},"lastRemoteEphemeralKey":"BRnHBqgrRSMFFwrDGEzwLO5yWG8iD0I6kmU8beJ8ZW9z","previousCounter":0,"rootKey":"fnXxSTA039Tr5gtnVG7CMYI/XczyvMlkW/Dy2yyHuKI="},"indexInfo":{"baseKey":"BXgItEGCfviaz27Gf9Jzr3EMSgUYJ865x8zKZA3Mph5Q","baseKeyType":1,"closed":-1,"used":1735085010019,"created":1735085010019,"remoteIdentityKey":"BV2/OqLXxVuTZRzsthmO3ef5BsnbXp4LwUzpjy/NrEF3"},"_chains":{"BSHIixKeFEPbr5ZXiokGCsXAqCoEU6LLnKwHDfswC8Q4":{"chainKey":{"counter":0,"key":"Y5EamOL7xm21PvWMJi7QPWvYbSHHpnq86kCFzx8srzc="},"chainType":1,"messageKeys":{}}},"pendingPreKey":{"signedKeyId":0,"baseKey":"BXgItEGCfviaz27Gf9Jzr3EMSgUYJ865x8zKZA3Mph5Q","preKeyId":5919758}}},"version":"v1"}