{"_sessions":{"BZWkdNUdvIHDJ/4yAOR/hYgB6XW1um6cbDHOanUsYuIQ":{"registrationId":551748007,"currentRatchet":{"ephemeralKeyPair":{"pubKey":"BeRlqx94z3DARoU2ooBRv/Trlvl/czDYlJXuYTJmW2NY","privKey":"sEfJycAqYSaT9/22hdbxviOIQstMdsi86kvHq1LDU00="},"lastRemoteEphemeralKey":"BfHp0AHkPulPxeLPksq033qswnkbOZUuq1STLG5sxlVy","previousCounter":0,"rootKey":"HPWmBy33S4PjCuMA1VNPuJbPWXvo0GBMkv/u0wEcN1s="},"indexInfo":{"baseKey":"BZWkdNUdvIHDJ/4yAOR/hYgB6XW1um6cbDHOanUsYuIQ","baseKeyType":2,"closed":-1,"used":1735099434918,"created":1735099434918,"remoteIdentityKey":"BUSrp5X0HtJTLogShv+7xBRwm3HAfrzIGufU2blFgiY2"},"_chains":{"BfHp0AHkPulPxeLPksq033qswnkbOZUuq1STLG5sxlVy":{"chainKey":{"counter":19,"key":"cZ0C6vSnxJHoZme0Hl2uRjM0GNHU4bgYozsq2T9/QLs="},"chainType":2,"messageKeys":{}},"BeRlqx94z3DARoU2ooBRv/Trlvl/czDYlJXuYTJmW2NY":{"chainKey":{"counter":-1,"key":"R/0m5ILM4aHkqq4k4Fz8FsUQACoRb7SNtHZb6CBsxNc="},"chainType":1,"messageKeys":{}}}}},"version":"v1"}