{"_sessions":{"BSQ3rCVWlfcfjHoUSLFNgx6R3wTiFvcJeg8XVx0Qk5Nq":{"registrationId":131605271,"currentRatchet":{"ephemeralKeyPair":{"pubKey":"BeCt5wZUh68+0zVqaEZoAGKDgkhqfCF5dfKQ4VlYvGRH","privKey":"kDCWlwCLx9GZ0tPSfzI9KM4uPC8ovBqmV5Crxp9UE20="},"lastRemoteEphemeralKey":"BWPJqyNT/ycMc+tzP/RMbrk7StHFgKukSEOfK9xxx/cZ","previousCounter":0,"rootKey":"0YXMfooBPSQqlgl668h8Qi+yJlGQPxnVgD6624K7L+0="},"indexInfo":{"baseKey":"BSQ3rCVWlfcfjHoUSLFNgx6R3wTiFvcJeg8XVx0Qk5Nq","baseKeyType":1,"closed":-1,"used":1735233843679,"created":1735233843679,"remoteIdentityKey":"BU1FtyOooBhko2fTSF/zlD46JysYJc13PKbcF2wrxZMp"},"_chains":{"BeCt5wZUh68+0zVqaEZoAGKDgkhqfCF5dfKQ4VlYvGRH":{"chainKey":{"counter":0,"key":"yt1ZjX00MtuRRxqWARBOq+YuxW68ZOUgtebreWxlOKE="},"chainType":1,"messageKeys":{}}},"pendingPreKey":{"signedKeyId":1,"baseKey":"BSQ3rCVWlfcfjHoUSLFNgx6R3wTiFvcJeg8XVx0Qk5Nq"}}},"version":"v1"}