{"_sessions":{"Be3XaNVyqVLFYVgnEMLTC5sUTj0R6sAHjZ5mg8LoGWcR":{"registrationId":317460452,"currentRatchet":{"ephemeralKeyPair":{"pubKey":"BdtartAJghJ7TuF1XDdKiV4x4QguAshdrmLzQapgCzxI","privKey":"WGBb8rPVHQB1hf3fHRJdKm8O1fpT4QZyEa21H2hneVc="},"lastRemoteEphemeralKey":"BdVlwU3NbAikwQO5LM7xWroGiGIW8SH9b4sCtBcc5XNv","previousCounter":0,"rootKey":"nkCJDYAMLuHcY5f8EHmhIyYX4fDDns//jDtu1hfvPZU="},"indexInfo":{"baseKey":"Be3XaNVyqVLFYVgnEMLTC5sUTj0R6sAHjZ5mg8LoGWcR","baseKeyType":1,"closed":-1,"used":1735085004204,"created":1735085004204,"remoteIdentityKey":"BTdR1IK8RINKx301n2CrCpyBMDaQUp/Qit6e0r5m02A1"},"_chains":{"BdtartAJghJ7TuF1XDdKiV4x4QguAshdrmLzQapgCzxI":{"chainKey":{"counter":0,"key":"66wqIXur7gML2aD3JrfyUJbH9/cWtHotvfO+DxKOBM0="},"chainType":1,"messageKeys":{}}},"pendingPreKey":{"signedKeyId":0,"baseKey":"Be3XaNVyqVLFYVgnEMLTC5sUTj0R6sAHjZ5mg8LoGWcR","preKeyId":11623587}}},"version":"v1"}