{"_sessions":{"Bc68vPPB4x80gYHmLw2KP+ybJqDUTEsOa1pgLhu3hi8c":{"registrationId":28986745,"currentRatchet":{"ephemeralKeyPair":{"pubKey":"BRhnpxkHwms1+z9nBGpQPsdUarMgKURbWTtD/PrcMgYe","privKey":"CAUnXs45qr5R0F/Rb0l2JX7lHNKe2QYAqzmKzmEY30M="},"lastRemoteEphemeralKey":"BekjEVxfTHsfR6Ja1ThsKPJJdfSxJSybYPSjbewu4Qsm","previousCounter":0,"rootKey":"eWxKOCto4dzXN7BApZcBYep8uUk0NtMZD7Pa/FxmCCQ="},"indexInfo":{"baseKey":"Bc68vPPB4x80gYHmLw2KP+ybJqDUTEsOa1pgLhu3hi8c","baseKeyType":1,"closed":-1,"used":1736265446090,"created":1735085015769,"remoteIdentityKey":"BcKOQ/jYRuO0YH19yT+8VJn0dgqsRaCxCXhy0r9DTXUO"},"_chains":{"BekjEVxfTHsfR6Ja1ThsKPJJdfSxJSybYPSjbewu4Qsm":{"chainKey":{"counter":2,"key":"Z8DhLZFS3YceEkv3z34DFB07lONk//Zw6+2r4m+wUd4="},"chainType":2,"messageKeys":{}},"BRhnpxkHwms1+z9nBGpQPsdUarMgKURbWTtD/PrcMgYe":{"chainKey":{"counter":-1,"key":"RfcW29WRJIc7ZRjpY3XDF6tCSp072lo8rMW6+B9bJrY="},"chainType":1,"messageKeys":{}}}}},"version":"v1"}