{"_sessions":{"BYKP8Wm40PefTMnrQBzDFMTjjvEio1cxAHmnYAZ+HDgz":{"registrationId":211704354,"currentRatchet":{"ephemeralKeyPair":{"pubKey":"BWFcaFduD57E1t6bZcTl5sGKS8ac/IAGCJVGeXCOSDty","privKey":"MOO/wCTB/4tOHBx2Z8+ixkTWm3V+Sk+ec7phkKMWpHg="},"lastRemoteEphemeralKey":"Bamohp8/xs2ZSasUGPIlQidkHp7fnDq02CIzx07iaqcc","previousCounter":0,"rootKey":"CLcim3rvAjL4Ef3Uk2EizPMtVhF3cuyVnI8Mpwkbfmw="},"indexInfo":{"baseKey":"BYKP8Wm40PefTMnrQBzDFMTjjvEio1cxAHmnYAZ+HDgz","baseKeyType":1,"closed":-1,"used":1735084994671,"created":1735084994671,"remoteIdentityKey":"BdnGOC4UiVdWG6+YSXq2QsMsX/P9cVJX3mQYkilOLoo9"},"_chains":{"BWFcaFduD57E1t6bZcTl5sGKS8ac/IAGCJVGeXCOSDty":{"chainKey":{"counter":0,"key":"GuMC1qd1avtNrykDxleGbtfGR1cqmb+2uw14RWQIVOY="},"chainType":1,"messageKeys":{}}},"pendingPreKey":{"signedKeyId":4,"baseKey":"BYKP8Wm40PefTMnrQBzDFMTjjvEio1cxAHmnYAZ+HDgz","preKeyId":3737}}},"version":"v1"}