{"_sessions":{"BZTDzUkpeMvP9pF8SZ6kB2py++VXt1AYPmwnsTqyd91s":{"registrationId":1515194798,"currentRatchet":{"ephemeralKeyPair":{"pubKey":"BVeXVKlN89Kw5X6fXC+h1208l2U3P3MunhARe3cp8LAB","privKey":"qDiClGkAcQ7YCFmR65EbuZ96c3uLx+KPoOmfFb+DEGk="},"lastRemoteEphemeralKey":"BQKl4QB07UZ6TSKYzXxX8UyuqBab5/C2Oudj5rN0LRg3","previousCounter":0,"rootKey":"VK7HeZcF8vVbvBw9xOR4dnSsI21kcxPN1IcPPBNHuHw="},"indexInfo":{"baseKey":"BZTDzUkpeMvP9pF8SZ6kB2py++VXt1AYPmwnsTqyd91s","baseKeyType":1,"closed":-1,"used":1738419896752,"created":1735085003690,"remoteIdentityKey":"BVoapJSHVbSxf+krViOPMmeXUpc2QLO4k4RV92C3bCAY"},"_chains":{"BQKl4QB07UZ6TSKYzXxX8UyuqBab5/C2Oudj5rN0LRg3":{"chainKey":{"counter":7,"key":"NezO9XAzq0HWEvtvEH3ZaybB+SAT90vDtkzqm5MgSe4="},"chainType":2,"messageKeys":{}},"BVeXVKlN89Kw5X6fXC+h1208l2U3P3MunhARe3cp8LAB":{"chainKey":{"counter":-1,"key":"CyWBPQ1KQ701shij+MM0N1zDV+9nvxsgnDTG6dRgaf0="},"chainType":1,"messageKeys":{}}}}},"version":"v1"}