{"_sessions":{"BTavxtHZKOQm+qWCcSFXb0H07XBjshcsPrfTcwByO74E":{"registrationId":1697,"currentRatchet":{"ephemeralKeyPair":{"pubKey":"BecHm07dku9F6lD+H6fEdFRMXIv6Lz+qy7YmR0pM8UA4","privKey":"2JQsuWZRuw/MGjOukGQq6slL65k/HfVTx2/ARwM4R1M="},"lastRemoteEphemeralKey":"BTMKJ1A+lMVTehVZ0EJEp22uJi1HWihnDi8RI0KLkSgM","previousCounter":0,"rootKey":"xr17mYqan8Q3Q9Lb0o3t3box5azA8bX7XKlPAcJNLKw="},"indexInfo":{"baseKey":"BTavxtHZKOQm+qWCcSFXb0H07XBjshcsPrfTcwByO74E","baseKeyType":1,"closed":-1,"used":1738864720426,"created":1738864720426,"remoteIdentityKey":"BYmV2FGUOhGAfumrj7mrYQeL95vHwfVT4nXsA6393ioh"},"_chains":{"BecHm07dku9F6lD+H6fEdFRMXIv6Lz+qy7YmR0pM8UA4":{"chainKey":{"counter":0,"key":"mQRULFIDh/+E8YMDbyj8HUSfDVgQ2cp3U7gNzYncfkE="},"chainType":1,"messageKeys":{}}},"pendingPreKey":{"signedKeyId":1,"baseKey":"BTavxtHZKOQm+qWCcSFXb0H07XBjshcsPrfTcwByO74E","preKeyId":185}}},"version":"v1"}