{"_sessions":{"BYHSRISWzABCgPrpJopWWUyQAcM2kHv1hhYs0AQkLhch":{"registrationId":1286644717,"currentRatchet":{"ephemeralKeyPair":{"pubKey":"BSy754aetwc3NZVxPlibGDpFqpTIiZIOkI0A6RF7K/pQ","privKey":"mD+I3AkhewRIS5DvUhmCx9b2exRk0eskssJdb42xpG8="},"lastRemoteEphemeralKey":"BTbxAyk6LWapDS/uHdDE9BaTgB1Y4o+l9uwa+Vwkes0y","previousCounter":0,"rootKey":"KP2qhNf9NaV/nVbAD/BDwxuHG2sM3gFhtdgvyKaiyZc="},"indexInfo":{"baseKey":"BYHSRISWzABCgPrpJopWWUyQAcM2kHv1hhYs0AQkLhch","baseKeyType":1,"closed":-1,"used":1735084997797,"created":1735084997797,"remoteIdentityKey":"BSb69sq8qYwEYUzR1N4O3qoQZYoAEr1t52qQlZt2lYMs"},"_chains":{"BSy754aetwc3NZVxPlibGDpFqpTIiZIOkI0A6RF7K/pQ":{"chainKey":{"counter":0,"key":"JP8WSsONAf4YEqmTfekSUv2zHotP9zKUZRKx436cASs="},"chainType":1,"messageKeys":{}}},"pendingPreKey":{"signedKeyId":2,"baseKey":"BYHSRISWzABCgPrpJopWWUyQAcM2kHv1hhYs0AQkLhch","preKeyId":3486}}},"version":"v1"}