{"_sessions":{"BSDy3mwohU7ixG9tDKh6YrYd3FmOIUNRLH0VRBf/vM1e":{"registrationId":1668886300,"currentRatchet":{"ephemeralKeyPair":{"pubKey":"BVcZwNNiHsv+gChtT7+7BoQBUVC0hd8PW4PLlPHOvlEP","privKey":"iMU5gUf15CeOnDnGe1KrVN02rD3LO5BcgEocmJef1nQ="},"lastRemoteEphemeralKey":"BadU4VflIoTtNvUPifOip3DSlbZJ5z4Iq1YhJdksMsRC","previousCounter":0,"rootKey":"1+5ETeP8Z4+2VzhfngW4FfFACsoHDPcE5e0wSbZmplQ="},"indexInfo":{"baseKey":"BSDy3mwohU7ixG9tDKh6YrYd3FmOIUNRLH0VRBf/vM1e","baseKeyType":1,"closed":-1,"used":1735085028116,"created":1735085028116,"remoteIdentityKey":"BcNpxFaVnmyN828uxNsuyGmyplSL7J4dJ/5oeTbovX4V"},"_chains":{"BVcZwNNiHsv+gChtT7+7BoQBUVC0hd8PW4PLlPHOvlEP":{"chainKey":{"counter":0,"key":"nPVomIxyeRar64L9ni5hn8WJ2q28ZlkOu7r8PO98MME="},"chainType":1,"messageKeys":{}}},"pendingPreKey":{"signedKeyId":34,"baseKey":"BSDy3mwohU7ixG9tDKh6YrYd3FmOIUNRLH0VRBf/vM1e","preKeyId":8244085}}},"version":"v1"}