{"_sessions":{"BQrSgl2kIW+rTkVbry72JH1LKUbj7bFczNSPNe/149g5":{"registrationId":452965587,"currentRatchet":{"ephemeralKeyPair":{"pubKey":"BQmTKdnyLSwPoieyKYdrlqshLg/+OwHsMEuXHZlV4nJY","privKey":"2B1wgKZoCteqrFaFJC83duRxWlP2ol2iHsWG9NousXg="},"lastRemoteEphemeralKey":"BcdEWJG0I67N9j8Ds3+Pdthhaa3JC6rEX1rw/hyQI5dI","previousCounter":0,"rootKey":"1n5s/Vhb8sf7RbCNF6UPhgqZm46k2G/VUlc4J4uyZ+A="},"indexInfo":{"baseKey":"BQrSgl2kIW+rTkVbry72JH1LKUbj7bFczNSPNe/149g5","baseKeyType":1,"closed":-1,"used":1737985294912,"created":1735085000693,"remoteIdentityKey":"BbEgDm9OpWgXwvyPHLOErZjQ8wSrmLCJ3gtSSrszt9dH"},"_chains":{"BcdEWJG0I67N9j8Ds3+Pdthhaa3JC6rEX1rw/hyQI5dI":{"chainKey":{"counter":9,"key":"07yNhlOGVQPKzPlS3hfQnIh1wAz83oG8f8W81T66CYc="},"chainType":2,"messageKeys":{}},"BQmTKdnyLSwPoieyKYdrlqshLg/+OwHsMEuXHZlV4nJY":{"chainKey":{"counter":-1,"key":"gDsuluOc3M7DaMeXF5TgF9EpPnWNSwJ655lk71q+6dA="},"chainType":1,"messageKeys":{}}}}},"version":"v1"}