{"_sessions":{"BYaNue6Ab2oiXtcvkQ/gEFK05hP4JsG6zYP9QoKQnDJm":{"registrationId":1229992893,"currentRatchet":{"ephemeralKeyPair":{"pubKey":"BRowiMksmsJ/fEeS5BJrwcuqXKAOLb5mg0dsNEKCi6k7","privKey":"yNLmK/OZBbixSQ85ya1sTj0W9OOMN0SDyB2viaknRFk="},"lastRemoteEphemeralKey":"BWa5MxhkKVCaXw7BurzBgfXj7t8itt2L+Bhem0YPH21g","previousCounter":0,"rootKey":"A4nbUxMvGePD/DT3OPbgy7IJ/GLnxzclsGeD+Vkhcb8="},"indexInfo":{"baseKey":"BYaNue6Ab2oiXtcvkQ/gEFK05hP4JsG6zYP9QoKQnDJm","baseKeyType":1,"closed":-1,"used":1738360465087,"created":1738360465087,"remoteIdentityKey":"BTw6TZPeoOq6gbUyzcUhc+Q0ayotF4bbbxaoRkzcFcBO"},"_chains":{"BRowiMksmsJ/fEeS5BJrwcuqXKAOLb5mg0dsNEKCi6k7":{"chainKey":{"counter":0,"key":"FazQsfzjlKNFyMD+ry/PuJl0YB+sTBmXF6g+TG579BI="},"chainType":1,"messageKeys":{}}},"pendingPreKey":{"signedKeyId":1,"baseKey":"BYaNue6Ab2oiXtcvkQ/gEFK05hP4JsG6zYP9QoKQnDJm"}}},"version":"v1"}