{"_sessions":{"BXZ2drPH3OlHR/M7U2V2I1leA8koUXQpDeJOjMX2cPEV":{"registrationId":935479544,"currentRatchet":{"ephemeralKeyPair":{"pubKey":"BZkx++X+VIKvv/18EM8Q1nZlzhFmZSksGDiH2yYw1ppA","privKey":"GOzpDdplBL+NyZAybHLM3g8o6xkfSMuUssy2+1RI/mk="},"lastRemoteEphemeralKey":"BSAjauE5Fs9stiPp/62S7kGY3Ijd9fXGMM2FZTzQtUUK","previousCounter":0,"rootKey":"jukM8LXZH8lopVLCR32M/C4qGqyTdrdcZVWpcxACrLs="},"indexInfo":{"baseKey":"BXZ2drPH3OlHR/M7U2V2I1leA8koUXQpDeJOjMX2cPEV","baseKeyType":1,"closed":-1,"used":1739015970958,"created":1739015970958,"remoteIdentityKey":"BaudMkWTrFAXUjLQ5qp4JIEIEhQkWsVW5uW3HsB7hPwD"},"_chains":{"BZkx++X+VIKvv/18EM8Q1nZlzhFmZSksGDiH2yYw1ppA":{"chainKey":{"counter":0,"key":"DkfI26QI1KZCy3n4QLGMb2ArHXAmDEaeY7AdCSUTHbE="},"chainType":1,"messageKeys":{}}},"pendingPreKey":{"signedKeyId":0,"baseKey":"BXZ2drPH3OlHR/M7U2V2I1leA8koUXQpDeJOjMX2cPEV","preKeyId":7594096}}},"version":"v1"}