{"_sessions":{"BZRumsdn9XaSY0pwQ5vOjfWbuZIAFPRe+p/hYDd4U0pr":{"registrationId":1787408487,"currentRatchet":{"ephemeralKeyPair":{"pubKey":"BfkO+C3/tZzVodLJW+IusXsIr03SsTCyySniHdCRVbJw","privKey":"4NeH0SNQ565v+XGCeFFgWyweGofNF+OyM/FfCfr9z18="},"lastRemoteEphemeralKey":"BaLfDErOAeyzARg4zbk0cARTqA7kTRTjLBl7icS8G2Mo","previousCounter":0,"rootKey":"t0xbXIeCp/5yMkBVYvzQFKOQcQGZRpUOzIgZa0H8igc="},"indexInfo":{"baseKey":"BZRumsdn9XaSY0pwQ5vOjfWbuZIAFPRe+p/hYDd4U0pr","baseKeyType":1,"closed":-1,"used":1737376571017,"created":1735084991749,"remoteIdentityKey":"BfdzdUZuUEG8Qvm8HqEFXTKMWrBYgbS9v+F24SmcPZgx"},"_chains":{"BaLfDErOAeyzARg4zbk0cARTqA7kTRTjLBl7icS8G2Mo":{"chainKey":{"counter":1,"key":"EhgnZY5QdG4bhEu0mxefVWUGw7sJ8nysEZTJkMmI6lQ="},"chainType":2,"messageKeys":{}},"BfkO+C3/tZzVodLJW+IusXsIr03SsTCyySniHdCRVbJw":{"chainKey":{"counter":-1,"key":"GldORyTVCf6w5YYmGt5AxYuXMVZuXodc5nkpP0Xo5hg="},"chainType":1,"messageKeys":{}}}}},"version":"v1"}