{"_sessions":{"BUm8sl7TAqolnhxNKSgrobK0iC6nAtESaD2W78jroVI8":{"registrationId":1711755653,"currentRatchet":{"ephemeralKeyPair":{"pubKey":"BaeOsy0Hi9jMl0fR1gfh8eRz6QpL+AQGrqdC+KS/EGkR","privKey":"GGLy+Gp7T56wIg+lrRUVag68RgTMSz7jXI++DapfV1E="},"lastRemoteEphemeralKey":"BbtKHZnwk/tQ/uSxgER5x0CEHaGOt5uyQDPoSAycejIR","previousCounter":0,"rootKey":"haQDGnsZEWGNn06qZHlAgHOnik/9s9vYRpRf9uMzUjE="},"indexInfo":{"baseKey":"BUm8sl7TAqolnhxNKSgrobK0iC6nAtESaD2W78jroVI8","baseKeyType":1,"closed":-1,"used":1735084994684,"created":1735084994684,"remoteIdentityKey":"BTk27SCp41zWatN48+79qOjwjz3GZWM659p1+c2JZR4t"},"_chains":{"BaeOsy0Hi9jMl0fR1gfh8eRz6QpL+AQGrqdC+KS/EGkR":{"chainKey":{"counter":0,"key":"QnFdRtMoaGx196QV9aQXt/M11AUsuQyOq95so2oWyhM="},"chainType":1,"messageKeys":{}}},"pendingPreKey":{"signedKeyId":1,"baseKey":"BUm8sl7TAqolnhxNKSgrobK0iC6nAtESaD2W78jroVI8"}}},"version":"v1"}