{"_sessions":{"BW6IJI7sy9GWW7QYIOepZfi3sjUQlpP9jwdMum/r/CYl":{"registrationId":4910,"currentRatchet":{"ephemeralKeyPair":{"pubKey":"BWCPqFp0haw7+N+PtvJetVNuPnT49tXVhmrUT2OCtyAq","privKey":"mOAKB7AgL10+0rfOPkQ1nIR7fQZoVfpSonFX5hVUVX0="},"lastRemoteEphemeralKey":"BZU8+n9SMXfR8x7AJrz/RmR4ovRc+WWxMpwYEWjE5Ns6","previousCounter":0,"rootKey":"X7Y2wreqVgF/q+KefA7LEb9ynBcf8b7CMw9Qwu9l3O8="},"indexInfo":{"baseKey":"BW6IJI7sy9GWW7QYIOepZfi3sjUQlpP9jwdMum/r/CYl","baseKeyType":1,"closed":-1,"used":1735430213917,"created":1735430213917,"remoteIdentityKey":"BfLNCxYV6KDdKgSkULA600BZ2bB9i2evBpWjdvjo41w9"},"_chains":{"BWCPqFp0haw7+N+PtvJetVNuPnT49tXVhmrUT2OCtyAq":{"chainKey":{"counter":0,"key":"JRGTTPfH+UT+h0ZNRXhs951bZealhPiqWv6jX3mwwtY="},"chainType":1,"messageKeys":{}}},"pendingPreKey":{"signedKeyId":1,"baseKey":"BW6IJI7sy9GWW7QYIOepZfi3sjUQlpP9jwdMum/r/CYl","preKeyId":144}}},"version":"v1"}