{"_sessions":{"BQaUOZKN6G8k2QDn3KYo3+FzF3m0GZBm5zC3IUOdIGE8":{"registrationId":155453696,"currentRatchet":{"ephemeralKeyPair":{"pubKey":"BfeGpGXHz8VfqAGjarm1R07JTdMa0UIvI92W8wQKYFtm","privKey":"8CMV5MQiycz7PrymmC8Q4tO+82/gob6wxPs7TcJ4eV0="},"lastRemoteEphemeralKey":"BQRyp7dNvHk1s7Tmd4ELNlBr5Y2QapNPcRdzt8fe+tkM","previousCounter":0,"rootKey":"d8IdM+Gg4gv6BDyc1YGdwb2HmZBaYq0BGd46HlAiqhI="},"indexInfo":{"baseKey":"BQaUOZKN6G8k2QDn3KYo3+FzF3m0GZBm5zC3IUOdIGE8","baseKeyType":1,"closed":-1,"used":1735085009965,"created":1735085009965,"remoteIdentityKey":"BV4EW8M80b6jQUSIDIctii28h9PxjdPGiRZr1QSwL4YA"},"_chains":{"BfeGpGXHz8VfqAGjarm1R07JTdMa0UIvI92W8wQKYFtm":{"chainKey":{"counter":0,"key":"22Be4x/XaAVn7emVjT54E0ahcRDbbwxKVhfGktAHt4E="},"chainType":1,"messageKeys":{}}},"pendingPreKey":{"signedKeyId":1,"baseKey":"BQaUOZKN6G8k2QDn3KYo3+FzF3m0GZBm5zC3IUOdIGE8","preKeyId":16028695}}},"version":"v1"}