{"_sessions":{"BREutnmHCPKky2gK02XLp5zd5zekKjqEuHLdQjcZ/+oX":{"registrationId":1629057709,"currentRatchet":{"ephemeralKeyPair":{"pubKey":"BfnxiNVmA+ph6vVMEmHJOaUslKqRYWqUbQy2glikJOly","privKey":"QGfDXWgtJRNlhE1UXo6cGIt1AJ2H1nINeNRqrW4iWnc="},"lastRemoteEphemeralKey":"BRKQMYo3e8o7EwcyjD22QXMD3wodEMGR0DoMdCYe2Eky","previousCounter":0,"rootKey":"bamV9rZuJ1+3cnmDHCiNdZBZUi3RDQc4VtEFxEgnenU="},"indexInfo":{"baseKey":"BREutnmHCPKky2gK02XLp5zd5zekKjqEuHLdQjcZ/+oX","baseKeyType":1,"closed":-1,"used":1735085024720,"created":1735085024720,"remoteIdentityKey":"Be+vC4RcLAgm3Zu1qLlQGC1VVClxij4Nj69ReGb78fMv"},"_chains":{"BfnxiNVmA+ph6vVMEmHJOaUslKqRYWqUbQy2glikJOly":{"chainKey":{"counter":0,"key":"XnoDmE7LuizjDL7HNxNehcbB0ho+EO1vSySBiQ7yWyA="},"chainType":1,"messageKeys":{}}},"pendingPreKey":{"signedKeyId":1,"baseKey":"BREutnmHCPKky2gK02XLp5zd5zekKjqEuHLdQjcZ/+oX","preKeyId":8178868}}},"version":"v1"}