{"_sessions":{"BUDH+Ak3qt0Xo7upmJq8G/m1mUII9NIiIYr4wlGixz4X":{"registrationId":15949,"currentRatchet":{"ephemeralKeyPair":{"pubKey":"BVlGEkg/uCfjgmhbBYHVfHtxhneeNAU5+aMFP8CbLHhN","privKey":"kFy7f4oPRNoQRrlYeT7oVM46qeeHOIEszDI2w/hVhGU="},"lastRemoteEphemeralKey":"Ba4VkN7WDx/4jfzxWJiDtvmaDgBw4NjXbESdI0Q7STcy","previousCounter":0,"rootKey":"OnYrFEdP8HBPkyb66SPOpAD78mq23Ie3AdSmgjbn2tQ="},"indexInfo":{"baseKey":"BUDH+Ak3qt0Xo7upmJq8G/m1mUII9NIiIYr4wlGixz4X","baseKeyType":1,"closed":-1,"used":1735084994856,"created":1735084994856,"remoteIdentityKey":"BSr6rnP2s6S9HyO1+gcLXkyT+dT5LdNcctKqvYdC21lB"},"_chains":{"BVlGEkg/uCfjgmhbBYHVfHtxhneeNAU5+aMFP8CbLHhN":{"chainKey":{"counter":0,"key":"yn7aNSZJ7qe7HrGN724m0958ECIkXOMVAtvkE0tekJ4="},"chainType":1,"messageKeys":{}}},"pendingPreKey":{"signedKeyId":34,"baseKey":"BUDH+Ak3qt0Xo7upmJq8G/m1mUII9NIiIYr4wlGixz4X"}}},"version":"v1"}