{"_sessions":{"BVpgDgWGK6DDK+lZPAp9W3up9AYIAejbAJHVW6HRYTMv":{"registrationId":10023,"currentRatchet":{"ephemeralKeyPair":{"pubKey":"BX8Fnuoke/tWCguw+3B3oH2NW1tik7aCgfMOHhQgL3Qi","privKey":"eA7MIsj3at6MQEMsulGlt5T8evmC+blDn26un090C2A="},"lastRemoteEphemeralKey":"BfLHjI8IjtsUEBw5fuQtv44ul7Ybv3PfpF8a0OE1wVwQ","previousCounter":0,"rootKey":"I1TIZas1J9AfmEvjrymVLCogZmHF/gTRx3e8hSU6Dc0="},"indexInfo":{"baseKey":"BVpgDgWGK6DDK+lZPAp9W3up9AYIAejbAJHVW6HRYTMv","baseKeyType":1,"closed":-1,"used":1738445600600,"created":1738445600600,"remoteIdentityKey":"BQOsHPCKYDIhnawCfRPp46keJNk84Hvu/Jxa99GAo4ow"},"_chains":{"BX8Fnuoke/tWCguw+3B3oH2NW1tik7aCgfMOHhQgL3Qi":{"chainKey":{"counter":0,"key":"I3cO/GCGFpHjt5QGqMPKZJHXsjuaCs2jYM7fvUCriLU="},"chainType":1,"messageKeys":{}}},"pendingPreKey":{"signedKeyId":1,"baseKey":"BVpgDgWGK6DDK+lZPAp9W3up9AYIAejbAJHVW6HRYTMv","preKeyId":141}}},"version":"v1"}