{"_sessions":{"Bc7PtgXIZMVSBnNiu/4iVOQYTqHbQQ2xUaqOS+Q+gvYN":{"registrationId":4102,"currentRatchet":{"ephemeralKeyPair":{"pubKey":"BVf43kDs23yg4Z4zsCOMhCbfgXhjUQMgtoayqwQVUCcd","privKey":"WBHL35yFEOKRajYYki8/F06SNnV8SnD/c333zHar3XU="},"lastRemoteEphemeralKey":"BRuAew/1w13CmpGb1nE2pShT9bIOiTcCotddPNxoXLlK","previousCounter":0,"rootKey":"XrMsqa0LiWHS4eI5+plJnaT2TUgC5Hm4JWmYvGJZ0TU="},"indexInfo":{"baseKey":"Bc7PtgXIZMVSBnNiu/4iVOQYTqHbQQ2xUaqOS+Q+gvYN","baseKeyType":1,"closed":-1,"used":1735084997836,"created":1735084997836,"remoteIdentityKey":"BQZh8wTOE8odlAjsqW4nMrZ5eMTvPqVc3xWdOD89q6IU"},"_chains":{"BVf43kDs23yg4Z4zsCOMhCbfgXhjUQMgtoayqwQVUCcd":{"chainKey":{"counter":0,"key":"b0yMbwxgvhGc/9avFdrhW3HJwWNZPinpi2EFkd8cSOY="},"chainType":1,"messageKeys":{}}},"pendingPreKey":{"signedKeyId":1,"baseKey":"Bc7PtgXIZMVSBnNiu/4iVOQYTqHbQQ2xUaqOS+Q+gvYN"}}},"version":"v1"}