{"_sessions":{"BTQVCmmZ34iHe0sIPqwzzWJuCU+w2Lq+CfFRvUlv008V":{"registrationId":565734585,"currentRatchet":{"ephemeralKeyPair":{"pubKey":"BWkIXt4HUXQRhEI2aborkPwRJBWpgurBAPWnVrz/Fg4j","privKey":"UM3uG35B8s6dGIXsMWitRzwUNR8OsNAPH2EK+pVJHWI="},"lastRemoteEphemeralKey":"BVQ1ISqR/HSPtxIA5TtZtQKc9cBbMUcHMwLtp7SIwWtg","previousCounter":0,"rootKey":"IOxKjE+84Jj1olqHWFGsbQ/n5FaemxubKofDiDXK7Ug="},"indexInfo":{"baseKey":"BTQVCmmZ34iHe0sIPqwzzWJuCU+w2Lq+CfFRvUlv008V","baseKeyType":1,"closed":-1,"used":1735085004064,"created":1735085004064,"remoteIdentityKey":"BeQjk+TnjRZeUnT/IJhufeJr+S/i9TpZslDcTGU5pZ1I"},"_chains":{"BWkIXt4HUXQRhEI2aborkPwRJBWpgurBAPWnVrz/Fg4j":{"chainKey":{"counter":0,"key":"jPw/k7A1dDV6bSapmPPHK9GrElDJe5MSRTK3ZcIiz24="},"chainType":1,"messageKeys":{}}},"pendingPreKey":{"signedKeyId":10,"baseKey":"BTQVCmmZ34iHe0sIPqwzzWJuCU+w2Lq+CfFRvUlv008V","preKeyId":726341}}},"version":"v1"}