{"_sessions":{"BTMTouPIDoqMs+qQllChYKcQXAgm7BEehLpku1dN6CNV":{"registrationId":12721,"currentRatchet":{"ephemeralKeyPair":{"pubKey":"BQwX2wXpSKBl1Hr31lcuAgAo8GqfSRppRfOkfa6SZFQc","privKey":"IPb1vFTS5l9EXF7PicaxFsg+CUucx/D2Ablo7Hq6AFk="},"lastRemoteEphemeralKey":"BdbXsiALBppn7AVoc38xDO1i9mdMR8OIY6Iq7n+BaClY","previousCounter":0,"rootKey":"w7qvhA8JoEu8o5y2YCt4lhIvq2WGUdtfztjzcuMZ+MM="},"indexInfo":{"baseKey":"BTMTouPIDoqMs+qQllChYKcQXAgm7BEehLpku1dN6CNV","baseKeyType":1,"closed":-1,"used":1735084991317,"created":1735084991317,"remoteIdentityKey":"Bf94s55xAfvJaa1pC/QkIZaeEtfS6RXptOR+Dp7VqGtK"},"_chains":{"BQwX2wXpSKBl1Hr31lcuAgAo8GqfSRppRfOkfa6SZFQc":{"chainKey":{"counter":0,"key":"LnE/8WUCR/YgG6YxJqNIPv7z68liKE5Je3jlkjgC4eM="},"chainType":1,"messageKeys":{}}},"pendingPreKey":{"signedKeyId":2,"baseKey":"BTMTouPIDoqMs+qQllChYKcQXAgm7BEehLpku1dN6CNV","preKeyId":2760}}},"version":"v1"}