{"_sessions":{"Ba6LKIv+tFURfKzbhohSycKoS+ZRxTsnHjVCUo4ZhVkZ":{"registrationId":515572153,"currentRatchet":{"ephemeralKeyPair":{"pubKey":"Bae5POwIMBuUkmoqoMnoC34FBifhYHfp8qDnanzMhWkW","privKey":"4B4Zl6NEEt+TLnJ2mtQyfmP1B/TGKE/BgSulbBHwWEA="},"lastRemoteEphemeralKey":"Bf5jvnQQOH5NFMBFcbzkAkITsaobKBxjLkwUPhO72Xw3","previousCounter":0,"rootKey":"rjtddxqTybH0va5OW8FwTKt7FJWbbWpgbXGInmkpm3U="},"indexInfo":{"baseKey":"Ba6LKIv+tFURfKzbhohSycKoS+ZRxTsnHjVCUo4ZhVkZ","baseKeyType":1,"closed":-1,"used":1735085015957,"created":1735085015957,"remoteIdentityKey":"BXdrHDWk7ucjuUMi/73QRhAxCOOADPzR+7VwqzY+BEU0"},"_chains":{"Bae5POwIMBuUkmoqoMnoC34FBifhYHfp8qDnanzMhWkW":{"chainKey":{"counter":0,"key":"nhLMUQNcM73HLp4LERG02CUtMoN2Y9PhIeRuqUgY6qc="},"chainType":1,"messageKeys":{}}},"pendingPreKey":{"signedKeyId":4,"baseKey":"Ba6LKIv+tFURfKzbhohSycKoS+ZRxTsnHjVCUo4ZhVkZ","preKeyId":1526397}}},"version":"v1"}