{"_sessions":{"Bd1O5xs23DVxRkVjhA8JbY9BPhw5oTFBP7M252UDXCIX":{"registrationId":271239076,"currentRatchet":{"ephemeralKeyPair":{"pubKey":"BfD6O6hYC1ODTbrS4KLvYc9XheK62H8bpVqN+D4i4gVP","privKey":"QGD7EI/CKxo3lBCc6Hb1uPCp+mAxsGDKk7n2piV+2Ec="},"lastRemoteEphemeralKey":"BUiJwh57I9ZorLB1yYRtMjruvjlsAI087/PzrVkETTp/","previousCounter":0,"rootKey":"AT4hrDfz5uZ0B9rmxLy3fYsWRJpPuigdQk2sCBLHRA4="},"indexInfo":{"baseKey":"Bd1O5xs23DVxRkVjhA8JbY9BPhw5oTFBP7M252UDXCIX","baseKeyType":1,"closed":-1,"used":1735084988302,"created":1735084988302,"remoteIdentityKey":"BcOXDhLKU5VRbgKVEQ3teLq+jDg+dKP1el+8RcXeMEIg"},"_chains":{"BfD6O6hYC1ODTbrS4KLvYc9XheK62H8bpVqN+D4i4gVP":{"chainKey":{"counter":0,"key":"c2+bir9UtCJOLGw8OYzikVVOKh0nC5ycdwtoH4HLbao="},"chainType":1,"messageKeys":{}}},"pendingPreKey":{"signedKeyId":0,"baseKey":"Bd1O5xs23DVxRkVjhA8JbY9BPhw5oTFBP7M252UDXCIX","preKeyId":75880}}},"version":"v1"}