{"_sessions":{"Bepxm8FF8H5jR2wznWeWzs1yr6p5fwWKsIYtK4ay1+lb":{"registrationId":1244383893,"currentRatchet":{"ephemeralKeyPair":{"pubKey":"Beyp3v3lNx29w/dJ1Q/TU/rYEmQXHrna1UMVc2i8chhV","privKey":"yMirYIeLAweS9cDpC8iJNWl3djq69ng2r5GfqrglgnE="},"lastRemoteEphemeralKey":"BeO2jBjRMWdbLPoiTAV4YwikLpvVFivIvNOAkNx4jc9d","previousCounter":0,"rootKey":"gJ/YMFOs3NjEVVDOwOHSiHEdHcWZpuhVa6NVq9OGhlk="},"indexInfo":{"baseKey":"Bepxm8FF8H5jR2wznWeWzs1yr6p5fwWKsIYtK4ay1+lb","baseKeyType":1,"closed":-1,"used":1735085006935,"created":1735085006935,"remoteIdentityKey":"BVbkvnheVe+qNdyWy1xyfKZG64jrJYrtySNuc3wUBTMa"},"_chains":{"Beyp3v3lNx29w/dJ1Q/TU/rYEmQXHrna1UMVc2i8chhV":{"chainKey":{"counter":0,"key":"Bcqtz4ShJe9+nE0aM643qMdSNw8WwMHSPb+2ijQKGCE="},"chainType":1,"messageKeys":{}}},"pendingPreKey":{"signedKeyId":8,"baseKey":"Bepxm8FF8H5jR2wznWeWzs1yr6p5fwWKsIYtK4ay1+lb"}}},"version":"v1"}