{"_sessions":{"BRBr8IjrXXRgOPE1oLiXpcIHNxo/YI8u04F2Xkm4AiNl":{"registrationId":333729455,"currentRatchet":{"ephemeralKeyPair":{"pubKey":"BR7z3WQOS/RB0kbStMwd9tTT5Sms+gxFAGLYSJK+jGdY","privKey":"iDUVb/5SQETPldc3r/bFrd/FFOE3iwCj0KSDAf6/PnY="},"lastRemoteEphemeralKey":"BXEgaxhzW9yZ9uxzXexg6VvehITCNsD4Wfq2XI9gpppv","previousCounter":0,"rootKey":"VvIs8I6FRmyolZY0xU0UhDY0H71YZgtPhBg6Byx/d9M="},"indexInfo":{"baseKey":"BRBr8IjrXXRgOPE1oLiXpcIHNxo/YI8u04F2Xkm4AiNl","baseKeyType":1,"closed":-1,"used":1735085025218,"created":1735085025218,"remoteIdentityKey":"BdnWQL3pbes24hOE/gX4ynUZSxGT9mj7KCpaWMcINisz"},"_chains":{"BR7z3WQOS/RB0kbStMwd9tTT5Sms+gxFAGLYSJK+jGdY":{"chainKey":{"counter":0,"key":"fwl6G5n7dWuIiilFeEQpeKyDVnFkeQBhWLxxdd8jpV0="},"chainType":1,"messageKeys":{}}},"pendingPreKey":{"signedKeyId":2,"baseKey":"BRBr8IjrXXRgOPE1oLiXpcIHNxo/YI8u04F2Xkm4AiNl","preKeyId":725857}}},"version":"v1"}