{"_sessions":{"BSxueCV7veEquFGP5QRVtJCZnayNtc7Y/a0w1Tcf2Whd":{"registrationId":1099074804,"currentRatchet":{"ephemeralKeyPair":{"pubKey":"BZm29vY6CDfd/EOtHzRu4pPBtOJEKdaze4oR/WqW4nwq","privKey":"4P+zwtBL0LXD2sIxlxemc91In1gp2cT4e0doU8F51lE="},"lastRemoteEphemeralKey":"BcyLBqKiUqengPfPDTH7QYYxErt4tiEhWDKMKbv4uTcK","previousCounter":0,"rootKey":"DTwmgQ4RYb8I4ngdfgfTnVSSm9qS2Grf8mKSb+A2ezU="},"indexInfo":{"baseKey":"BSxueCV7veEquFGP5QRVtJCZnayNtc7Y/a0w1Tcf2Whd","baseKeyType":1,"closed":-1,"used":1735568466804,"created":1735085009653,"remoteIdentityKey":"Bb+7HxoN4qv0j9x5Y4alU2ApH9SSA3lW3wj82fv3wN0R"},"_chains":{"BcyLBqKiUqengPfPDTH7QYYxErt4tiEhWDKMKbv4uTcK":{"chainKey":{"counter":3,"key":"O1lDX/15O/TGE66H5y2bl9KVT8BRB9J26F8komjauz0="},"chainType":2,"messageKeys":{}},"BZm29vY6CDfd/EOtHzRu4pPBtOJEKdaze4oR/WqW4nwq":{"chainKey":{"counter":-1,"key":"8walZbZJEqyesHaZSinvHAcSuLqjVjmq+ffu5c0PxKU="},"chainType":1,"messageKeys":{}}}}},"version":"v1"}