{"_sessions":{"Ba08YADK6NpXZuruBx67d3ezUJ40IlQyg2Xq11lPzVNZ":{"registrationId":1726312130,"currentRatchet":{"ephemeralKeyPair":{"pubKey":"BRPMq/IqW3vpNeK6e/CNzCe38Liz4myOgvm0dBDuO+hR","privKey":"UJmtJvkmxuTt4m2kGetmEuxDlSgoMTFBaNAtxLGby1w="},"lastRemoteEphemeralKey":"Be+flKiw+aLQSow4Yn45nmZxN5dOOFHHqD03Du0cO2oy","previousCounter":0,"rootKey":"AbKBhn504wgSJqTsruzgGdQrbFZwA1m0a8FaNiK4az0="},"indexInfo":{"baseKey":"Ba08YADK6NpXZuruBx67d3ezUJ40IlQyg2Xq11lPzVNZ","baseKeyType":1,"closed":-1,"used":1735085009639,"created":1735085009639,"remoteIdentityKey":"BWr0JycJ5Hx6eM6Xiy57vTT8Fx2/Vt8Sl0vWJRQ6qgwL"},"_chains":{"BRPMq/IqW3vpNeK6e/CNzCe38Liz4myOgvm0dBDuO+hR":{"chainKey":{"counter":0,"key":"vWNZ5ASompPciBHv/7piieROyNjtDc9OammsBvBT2n8="},"chainType":1,"messageKeys":{}}},"pendingPreKey":{"signedKeyId":3,"baseKey":"Ba08YADK6NpXZuruBx67d3ezUJ40IlQyg2Xq11lPzVNZ","preKeyId":2267966}}},"version":"v1"}