{"_sessions":{"BZACKHwDNIae8MpEUqaPAKBP+EisDUYtKvWnVN5BRmF3":{"registrationId":2020076263,"currentRatchet":{"ephemeralKeyPair":{"pubKey":"BampaA067npqSTqb+LfhdI/buidI/RTrJFkphy+3di9K","privKey":"MB19LoxCvxMIHJjNsxj0Xq6Ohfyq6r1saDqKw0Am9no="},"lastRemoteEphemeralKey":"BWTN7mhwKBZUJE1+t5k+8wa6TCRgJJV41S7YrXlhiY5t","previousCounter":0,"rootKey":"8A8w+H+OhnXrt9s5JihPdZXmkz9D5ShcGp1WYj1wIyI="},"indexInfo":{"baseKey":"BZACKHwDNIae8MpEUqaPAKBP+EisDUYtKvWnVN5BRmF3","baseKeyType":1,"closed":-1,"used":1735085012725,"created":1735085012725,"remoteIdentityKey":"BYrf6m724XeZPSGCkKZJH0r0vB9r+kxdO84jPoPuIzMj"},"_chains":{"BampaA067npqSTqb+LfhdI/buidI/RTrJFkphy+3di9K":{"chainKey":{"counter":0,"key":"ZqAdXPVHCONKAEP7an9zpyqO4BEr9m+zQt1w9gWtl7o="},"chainType":1,"messageKeys":{}}},"pendingPreKey":{"signedKeyId":9,"baseKey":"BZACKHwDNIae8MpEUqaPAKBP+EisDUYtKvWnVN5BRmF3","preKeyId":8219701}}},"version":"v1"}