{"_sessions":{"BVNCNzzuVMdum6yjAGoklTUU5B+V+YRUcjCAPYhj5qt5":{"registrationId":1241638070,"currentRatchet":{"ephemeralKeyPair":{"pubKey":"BXPwT3rpTrh6MUnPVleBeaVS5iOqjpl4hZ2Bg0wtw9l1","privKey":"WIUXHCT3IdYIMJQixEgG/8DQ+AYPnrKWfiKj/0m+fH0="},"lastRemoteEphemeralKey":"BRXVnfMqXb1WOEDDcBv7dZSQsPtYvkvjv9DAkFBPCxJu","previousCounter":0,"rootKey":"AVdbd2qnRO7InBGzR+B2374N83GxYoG/Pt8RgBq6z+Y="},"indexInfo":{"baseKey":"BVNCNzzuVMdum6yjAGoklTUU5B+V+YRUcjCAPYhj5qt5","baseKeyType":1,"closed":-1,"used":1736729741677,"created":1735085027936,"remoteIdentityKey":"BfigMq0dgYoRZ+hdYDrokVphEdYr5BvHTDxQj6LekIA4"},"_chains":{"BRXVnfMqXb1WOEDDcBv7dZSQsPtYvkvjv9DAkFBPCxJu":{"chainKey":{"counter":3,"key":"eEZRwY826lrpmiH4pE3hNLAxP+rboTnJyMs3iT1wU8k="},"chainType":2,"messageKeys":{"0":"Lz7fkwmp3z8x3bHaAhua8x4LE9ArX8nP58hbE6MHCCc=","1":"7c4/7rm2fd79n+0ZmqaB3b8Bu+OhU7Rq4ku6k2gn8is="}},"BXPwT3rpTrh6MUnPVleBeaVS5iOqjpl4hZ2Bg0wtw9l1":{"chainKey":{"counter":-1,"key":"matIJEB/6mS7Ocm0Qs/CmKXsEg3oiYqh0SKoeJB6mpo="},"chainType":1,"messageKeys":{}}}}},"version":"v1"}