{"_sessions":{"BatjG+zZ3AeLBRsJlf2fWM6O6JWLEBOiVyB8hFceS1wf":{"registrationId":1436977378,"currentRatchet":{"ephemeralKeyPair":{"pubKey":"BeKFsHENEB5UrkcSu2+KWPRa6j49uuYGeDT6N62V2KsM","privKey":"+H8y54n8QLiaTkwvlcKOkRABXoEsXxinpu4GIwyj8l8="},"lastRemoteEphemeralKey":"BVt5S4qvCJasfetGfaqUZ8FtCPPakH5RPdfh4hEOx30E","previousCounter":0,"rootKey":"zX5L4M4N0QMbyV8DDdcB2GbSlxEcWfMm4hEelLPzjSQ="},"indexInfo":{"baseKey":"BatjG+zZ3AeLBRsJlf2fWM6O6JWLEBOiVyB8hFceS1wf","baseKeyType":1,"closed":-1,"used":1736468270654,"created":1735085028032,"remoteIdentityKey":"BYp25PcJ/OoY7gnHFNT1I/riJyR2F2/l+TpYP3VV2np4"},"_chains":{"BVt5S4qvCJasfetGfaqUZ8FtCPPakH5RPdfh4hEOx30E":{"chainKey":{"counter":1,"key":"gCSWWBlvKOXefqEaduwHdB2GttHBMQzeqK4F7/D8W40="},"chainType":2,"messageKeys":{}},"BeKFsHENEB5UrkcSu2+KWPRa6j49uuYGeDT6N62V2KsM":{"chainKey":{"counter":-1,"key":"fmrVsgYBwzu/luTscU7Hqyn/CTATHtzU0vibTjirQbM="},"chainType":1,"messageKeys":{}}}}},"version":"v1"}