{"_sessions":{"BTGV5ZPbBCNtJGMOsNaFVA6rSmfoNiTmNz6CqGcng4l3":{"registrationId":1539410872,"currentRatchet":{"ephemeralKeyPair":{"pubKey":"BUCPLNWzbhDZENFgux5jggcZzvcrk8Qn/kQaa5kAJgpu","privKey":"IEzCA+4ex1Yz11cRwKasgfjXCJ3PZnyiLHMRI1i8VlE="},"lastRemoteEphemeralKey":"BflfXzVfgxhTgBSjiie5YBAQVdrNxdHHcbyn/6Z36oJf","previousCounter":0,"rootKey":"f7RR8w9P9zSsBv+LzE9Y2PVS1iElK66oTtyIkTyKdcE="},"indexInfo":{"baseKey":"BTGV5ZPbBCNtJGMOsNaFVA6rSmfoNiTmNz6CqGcng4l3","baseKeyType":1,"closed":1736435298018,"used":1735085016050,"created":1735085016050,"remoteIdentityKey":"BdPFBtkzfLMMgjhphqy82YGM/7Lr5S5aHLUS/PPu8nhB"},"_chains":{"BUCPLNWzbhDZENFgux5jggcZzvcrk8Qn/kQaa5kAJgpu":{"chainKey":{"counter":0,"key":"HpNTPPkczWdhUnpe/gKhSQxaYcbFI9J+a/R3toVEjLA="},"chainType":1,"messageKeys":{}}},"pendingPreKey":{"signedKeyId":1,"baseKey":"BTGV5ZPbBCNtJGMOsNaFVA6rSmfoNiTmNz6CqGcng4l3","preKeyId":4131028}},"BaB/buPoRrzjd0EoCtCl6qAULv1ivepyqSg8kL6fgKZ8":{"registrationId":1572109609,"currentRatchet":{"ephemeralKeyPair":{"pubKey":"BYQlXT8wa1/Ax7luN7i3x95AlP91EveN6rWZrasrq6ZJ","privKey":"uFx4pQl0wPq8dfDWR+sbGzTUWApRWJzOcBiUBm+fZGw="},"lastRemoteEphemeralKey":"BXhtWWiAiwWx0wJoEJhmgJR1jpmPSAnKqSPQPbIqYgRm","previousCounter":0,"rootKey":"F49IxDhA97FnASBs1SzFfCbgCb9bMgGHkJsOjjc8uI8="},"indexInfo":{"baseKey":"BaB/buPoRrzjd0EoCtCl6qAULv1ivepyqSg8kL6fgKZ8","baseKeyType":2,"closed":-1,"used":1736435298026,"created":1736435298026,"remoteIdentityKey":"BRCF3gxUa1NRZZbBs6zWkJCmigZiyhFXueCWd7S0k9kL"},"_chains":{"BXhtWWiAiwWx0wJoEJhmgJR1jpmPSAnKqSPQPbIqYgRm":{"chainKey":{"counter":3,"key":"UNRx+5qFcPZXSLBoco9wA6Cc+PDCyZMcUAZHjBekz1k="},"chainType":2,"messageKeys":{}},"BYQlXT8wa1/Ax7luN7i3x95AlP91EveN6rWZrasrq6ZJ":{"chainKey":{"counter":-1,"key":"11YKqfTOeZmXN9v8aT+LtNSJT3efWtw146mBPR0kcp8="},"chainType":1,"messageKeys":{}}}}},"version":"v1"}