{"_sessions":{"Bb+DB0ZOgcotRAsDZlwR3t1XrAvVJAUtOz5XnREwkgcc":{"registrationId":1004776443,"currentRatchet":{"ephemeralKeyPair":{"pubKey":"BXPAjfCEilpC8YyRDJtSGyo9QEI8RSVxgJ2SeRWQVQ5K","privKey":"EBqSOW3fA8aVopqGyiWPi3/NlvPDSxTxy7qSqSDHUGM="},"lastRemoteEphemeralKey":"BXo9wepdhmh0LZvWMrXAIQvl6MqBZ+cjDf9MWfNV1b4n","previousCounter":0,"rootKey":"2YQBYUwE3OCCw8crMTtYrfbkScloDGEvP05Pgpff7SQ="},"indexInfo":{"baseKey":"Bb+DB0ZOgcotRAsDZlwR3t1XrAvVJAUtOz5XnREwkgcc","baseKeyType":1,"closed":-1,"used":1738758423468,"created":1735085022295,"remoteIdentityKey":"BXkI/5/svytlhKbwhhRqAkaIfvSUYt7l6JgsZNOr2Dlf"},"_chains":{"BXo9wepdhmh0LZvWMrXAIQvl6MqBZ+cjDf9MWfNV1b4n":{"chainKey":{"counter":0,"key":"xcDENGKm7+njUXEuoCrsyQQL9JlOP/JbXakZe7yA9xQ="},"chainType":2,"messageKeys":{}},"BXPAjfCEilpC8YyRDJtSGyo9QEI8RSVxgJ2SeRWQVQ5K":{"chainKey":{"counter":-1,"key":"xlsOL0uggd545TyYBqZMtyzBKNNVN/80/Ua6oxmavlQ="},"chainType":1,"messageKeys":{}}}}},"version":"v1"}