{"_sessions":{"BboTaOUDB52gj6mcjMs192HcnEFubzoM0tKgMzP3yxca":{"registrationId":10086,"currentRatchet":{"ephemeralKeyPair":{"pubKey":"BW1VtgeYa8UTrWc6vJM2+0vjmH1n5DEg/w7/lwnsdT0w","privKey":"uFD2UT3ZaO0DRrtDNrEwySA4pLSLj4H5V07fs28VeWA="},"lastRemoteEphemeralKey":"Bb3puXvTqutRmz4cutp8UtdHf0dFSr/lAm2ie7LhOkZO","previousCounter":0,"rootKey":"EPvQ5sHej9ZvwEd/SuZiobDWMbDQ9eCt9neYd9UF3qE="},"indexInfo":{"baseKey":"BboTaOUDB52gj6mcjMs192HcnEFubzoM0tKgMzP3yxca","baseKeyType":1,"closed":-1,"used":1735084994894,"created":1735084994894,"remoteIdentityKey":"BYkfoJ0hzip9j4qYi+XUHWOMUG1zuL7i9pOFQfjT2YI7"},"_chains":{"BW1VtgeYa8UTrWc6vJM2+0vjmH1n5DEg/w7/lwnsdT0w":{"chainKey":{"counter":0,"key":"49l3IIPMP/2ZZ8u7LbtygnOAQA/0LeLDa8o4UkI2Ojg="},"chainType":1,"messageKeys":{}}},"pendingPreKey":{"signedKeyId":1,"baseKey":"BboTaOUDB52gj6mcjMs192HcnEFubzoM0tKgMzP3yxca","preKeyId":872}}},"version":"v1"}