{"_sessions":{"BayoX3VsASwwLEJKCBR2rh1fTBwLT0zsH5EwI9R0L/4m":{"registrationId":1637127702,"currentRatchet":{"ephemeralKeyPair":{"pubKey":"BZs3BsFVj7DZWwJTmGq88KKYNWgkWD8JB08k52EkCMtk","privKey":"OMc3VVX7ahsXlkcSuCCWKPRlTFVILj7rr8mX6/CiQXQ="},"lastRemoteEphemeralKey":"BZ2yHJxrNwrZCe5jqhlHlw3LUCvflst/0uGAc9DVbxl9","previousCounter":0,"rootKey":"qok9nzufLLY0Seoe0uWW0B/DyFleXU4CQ2UiFSeb090="},"indexInfo":{"baseKey":"BayoX3VsASwwLEJKCBR2rh1fTBwLT0zsH5EwI9R0L/4m","baseKeyType":1,"closed":-1,"used":1735085001062,"created":1735085001062,"remoteIdentityKey":"BVnRxC11scicqRMHG039Bl0guc2GOpC66jTBIVaVYz9/"},"_chains":{"BZs3BsFVj7DZWwJTmGq88KKYNWgkWD8JB08k52EkCMtk":{"chainKey":{"counter":0,"key":"UZ6Nli8JKStQF2QFe1rrzPi/MxlveuOtb9lD1x9M47E="},"chainType":1,"messageKeys":{}}},"pendingPreKey":{"signedKeyId":1,"baseKey":"BayoX3VsASwwLEJKCBR2rh1fTBwLT0zsH5EwI9R0L/4m","preKeyId":1754438}}},"version":"v1"}