{"_sessions":{"BbkIdG6/fbJSvNKMvqzHUwk6+bkpxlxrULsV/w9+hes1":{"registrationId":2003862192,"currentRatchet":{"ephemeralKeyPair":{"pubKey":"Bf7rI3nRWYLcvWb4xNbCbAioGefzAgTAFBNUo2DLTygP","privKey":"iEHI28Qlawm5vHUYQTOXRaoJ/mUoBzMqwjW+fGECt0k="},"lastRemoteEphemeralKey":"Bbn3/NUJzHmMY4FqTyNnoJodCMfXmot6TpZjjOOnKXUw","previousCounter":0,"rootKey":"YYN5ZOByHYWCmW3EBq0IJ7QOiVekQltV1b7xdLyvZVo="},"indexInfo":{"baseKey":"BbkIdG6/fbJSvNKMvqzHUwk6+bkpxlxrULsV/w9+hes1","baseKeyType":1,"closed":-1,"used":1735085025061,"created":1735085025061,"remoteIdentityKey":"BXnlOi8saY5hzKqBZ36I+a7nz2fCw+T8uR0+oHUI63oh"},"_chains":{"Bf7rI3nRWYLcvWb4xNbCbAioGefzAgTAFBNUo2DLTygP":{"chainKey":{"counter":0,"key":"AUnMed8XMVsSMnZv/l8/6GrZxVSbfFOnRVuKxbnTI0o="},"chainType":1,"messageKeys":{}}},"pendingPreKey":{"signedKeyId":8,"baseKey":"BbkIdG6/fbJSvNKMvqzHUwk6+bkpxlxrULsV/w9+hes1","preKeyId":16624141}}},"version":"v1"}