{"_sessions":{"BYs0hCHqrWdHoxdv+K8PQ4inItY0QpQj2r2XLXAO5dRh":{"registrationId":899410204,"currentRatchet":{"ephemeralKeyPair":{"pubKey":"BSAIT2EARPegTZxjYCMM/gwkHRqHghtlavzGVO14K71c","privKey":"8BlYBEHX7FmrH63jYfgHQ337hsc47tAKH1IL57ZMUFo="},"lastRemoteEphemeralKey":"BQpqPvQUJKU6C0rRiuf+YKgjQ9I4YSOKBDGWPzbOXVwc","previousCounter":0,"rootKey":"YZ7TKb68FFj9q2Wi19mKDFtQQBSgaoTfLExTFwrLwqM="},"indexInfo":{"baseKey":"BYs0hCHqrWdHoxdv+K8PQ4inItY0QpQj2r2XLXAO5dRh","baseKeyType":1,"closed":-1,"used":1735171842597,"created":1735085000744,"remoteIdentityKey":"BXSAZc13y2i6zY/PvF596XRwleveljyaS6BL6JvfDeJT"},"_chains":{"BQpqPvQUJKU6C0rRiuf+YKgjQ9I4YSOKBDGWPzbOXVwc":{"chainKey":{"counter":1,"key":"sXkqLKMx6TRJ5NpRExkmSds8GP5IkcE4sh2zOUZ7DH4="},"chainType":2,"messageKeys":{"0":"gSeRgFnYYpRMs870TeIuJpVHx3XjoiI5GSnsVGfEi9k="}},"BSAIT2EARPegTZxjYCMM/gwkHRqHghtlavzGVO14K71c":{"chainKey":{"counter":-1,"key":"fkLQhkBDR3zSvn19I6YSL8oytKcvbgGczKDWj6qzvuo="},"chainType":1,"messageKeys":{}}}}},"version":"v1"}