{"_sessions":{"BT5XWyWDKSbNgOYGveFs15juYx8wq54l6Fgas1Y+Sic7":{"registrationId":829513912,"currentRatchet":{"ephemeralKeyPair":{"pubKey":"BQG83LHLdSUC8Afvqjw6X3I3BpPnZaxDWwPOGY1jssRO","privKey":"oIQ8lLT+HetYnpvVZVeRDfzeoN4ad/b+hfIQHRqACkw="},"lastRemoteEphemeralKey":"BfNvszQ2Rfepp9TyNdbT0sHg3q/4KmerDTcae3hwTbBh","previousCounter":0,"rootKey":"GcfqbZB7NWKANtL7T4S2O6DdUXF4UZhSCAS4aRfWJmc="},"indexInfo":{"baseKey":"BT5XWyWDKSbNgOYGveFs15juYx8wq54l6Fgas1Y+Sic7","baseKeyType":1,"closed":-1,"used":1735085015795,"created":1735085015795,"remoteIdentityKey":"BXqUrakcvh7Nw2xcJujTpYCdx3YUzFAu9qE7vv8iJmUb"},"_chains":{"BQG83LHLdSUC8Afvqjw6X3I3BpPnZaxDWwPOGY1jssRO":{"chainKey":{"counter":0,"key":"V7TkW8dwXtmpu4f0AI5wgH9jbP5LAD/OUNVlTn0614Q="},"chainType":1,"messageKeys":{}}},"pendingPreKey":{"signedKeyId":4,"baseKey":"BT5XWyWDKSbNgOYGveFs15juYx8wq54l6Fgas1Y+Sic7","preKeyId":3781474}}},"version":"v1"}