{"_sessions":{"BVIOa+Uyn0LyJ93/QtPUGRX49AB37Q4QLhhIjZocxpRm":{"registrationId":775298652,"currentRatchet":{"ephemeralKeyPair":{"pubKey":"BV1TIWUi0h0qtipSnEja7TZoq+7QDPxFggA3Cn1hfmla","privKey":"aGN50oK/3n9ZfNDL1B4A9+xXKYFpXRD/SBCYTwNX30o="},"lastRemoteEphemeralKey":"BTEl8gzdgjpDa8zulHgwT6eBXcqRs5qaSOJUmKIQjM0p","previousCounter":0,"rootKey":"+Qwx8WdsZ55IJxxpc8U5XfI+5Bf/VQuzcoyJo1w0noM="},"indexInfo":{"baseKey":"BVIOa+Uyn0LyJ93/QtPUGRX49AB37Q4QLhhIjZocxpRm","baseKeyType":1,"closed":-1,"used":1735084998291,"created":1735084998291,"remoteIdentityKey":"BX0mgXk49K3MEWoqQAp+tLaDF+Iw7VnVK0qUmtglgMF5"},"_chains":{"BV1TIWUi0h0qtipSnEja7TZoq+7QDPxFggA3Cn1hfmla":{"chainKey":{"counter":0,"key":"L7+tESnvXVjZPMHV7Rx+CiSKdg7swcz3FzbI1+/pzzo="},"chainType":1,"messageKeys":{}}},"pendingPreKey":{"signedKeyId":2,"baseKey":"BVIOa+Uyn0LyJ93/QtPUGRX49AB37Q4QLhhIjZocxpRm","preKeyId":10682063}}},"version":"v1"}