{"_sessions":{"Beiv3CiUuL9h/Co3CBL2aT8+f6abfDApmNOUIEvNnWsP":{"registrationId":1975273802,"currentRatchet":{"ephemeralKeyPair":{"pubKey":"BUoMXMS5F92As2bskuOVbuRSfaIX/ruXXtQih5AqQNIQ","privKey":"QKh89lSA8oj813YDwdez0lQpagk0D8saBaRf5hulKnI="},"lastRemoteEphemeralKey":"BeWm9KUaOQvUWAy0+uawT66ZZlEXC00jscfuDA1kVJkF","previousCounter":0,"rootKey":"94EyVuajFa1nraYyf6TdZKYQfA3EiNQh/hEsirmkfAo="},"indexInfo":{"baseKey":"Beiv3CiUuL9h/Co3CBL2aT8+f6abfDApmNOUIEvNnWsP","baseKeyType":1,"closed":-1,"used":1735085015975,"created":1735085015975,"remoteIdentityKey":"BcuCNMGTCQWfjJCdEwQ/d7pxWKGeIF2WDwsCeq8XgUU+"},"_chains":{"BUoMXMS5F92As2bskuOVbuRSfaIX/ruXXtQih5AqQNIQ":{"chainKey":{"counter":0,"key":"J/VfUMwZ+lopl2pFuy0eNUCWGo002OpLkanutIKvgN0="},"chainType":1,"messageKeys":{}}},"pendingPreKey":{"signedKeyId":3,"baseKey":"Beiv3CiUuL9h/Co3CBL2aT8+f6abfDApmNOUIEvNnWsP","preKeyId":11619775}}},"version":"v1"}