{"_sessions":{"BSQfboHcs4TZ8mM+79kEi6VkUpuEkNdXMvAiF3dCFSJe":{"registrationId":973787893,"currentRatchet":{"ephemeralKeyPair":{"pubKey":"BUK3jgb1Pe905pBIMD9itoAu02qT3bReEUXZoBaTydgE","privKey":"sJh2ot01ubAgyaMh+Bzw/gWamnqAQxf9GfWtv6AkOUQ="},"lastRemoteEphemeralKey":"BRtE5pSgBHN5gMcwmi7TLymNc9enUC7YysoduKD5u00u","previousCounter":0,"rootKey":"WiHs3+kN8cEXI3jB9DdEJox3NGD304tHI4CXpgCtebU="},"indexInfo":{"baseKey":"BSQfboHcs4TZ8mM+79kEi6VkUpuEkNdXMvAiF3dCFSJe","baseKeyType":1,"closed":-1,"used":1735085006613,"created":1735085006613,"remoteIdentityKey":"BTy0AVNAGa2Ki+jF2lCDHACyiGTS03wNbYEE4UkjYyUf"},"_chains":{"BUK3jgb1Pe905pBIMD9itoAu02qT3bReEUXZoBaTydgE":{"chainKey":{"counter":0,"key":"ExHuIJj8aBBLAAzdi3H3z8iCG7dAYI13JycutG8dYjA="},"chainType":1,"messageKeys":{}}},"pendingPreKey":{"signedKeyId":29,"baseKey":"BSQfboHcs4TZ8mM+79kEi6VkUpuEkNdXMvAiF3dCFSJe","preKeyId":3968189}}},"version":"v1"}