{"_sessions":{"BTc1KG3Wz0JCvfUXmeHNagDhtFAuG6cg+LL7oPG6jbYv":{"registrationId":395788334,"currentRatchet":{"ephemeralKeyPair":{"pubKey":"BcA9I0qejKywuFfWOa6siYMBdpeBRy0/0nxRUE9Rfmsj","privKey":"mM4Gg2NFbUDSNWui+dSOElVBmBaP0OjWS8HxAg0H52g="},"lastRemoteEphemeralKey":"BRGZdUyCTvaLO7/bUePOfbPNxj3Gu6YKmJqAeWU/hGJJ","previousCounter":0,"rootKey":"5ofxWCcMbvnJRCY1jG40ifDAWFLcN05aXm/Keg21aQ0="},"indexInfo":{"baseKey":"BTc1KG3Wz0JCvfUXmeHNagDhtFAuG6cg+LL7oPG6jbYv","baseKeyType":1,"closed":-1,"used":1735085001144,"created":1735085001144,"remoteIdentityKey":"BdYo/uhysO/dK/4Tfv3dj7NCS3umZZGVrJvkaFMp9TgP"},"_chains":{"BcA9I0qejKywuFfWOa6siYMBdpeBRy0/0nxRUE9Rfmsj":{"chainKey":{"counter":0,"key":"2eWJzASyYeT2j4CRRBFYSCgjLzBUpKG+f4pSo+Zksss="},"chainType":1,"messageKeys":{}}},"pendingPreKey":{"signedKeyId":13,"baseKey":"BTc1KG3Wz0JCvfUXmeHNagDhtFAuG6cg+LL7oPG6jbYv","preKeyId":6727234}}},"version":"v1"}