{"_sessions":{"BbtAmCeW0Ouw3HnMJC4A/kEEcK6IhLIn++GwzCrj1+1d":{"registrationId":238563274,"currentRatchet":{"ephemeralKeyPair":{"pubKey":"BRsAahc434WhEy69ZoB7lul1VrnIRX5YTs8JMdRUhZUE","privKey":"aPPfWDk5XDnAmSSbWwZcpsJ6wsaD3vK1/7xidOs3g04="},"lastRemoteEphemeralKey":"Bb73zgseMbpmO3xDCKUgzok2ykkAjJmjDIYHavko2UJL","previousCounter":0,"rootKey":"PZvNxcqFV9IXFUNxqmv6WHgKwXSThj2qjSlygDH6GT8="},"indexInfo":{"baseKey":"BbtAmCeW0Ouw3HnMJC4A/kEEcK6IhLIn++GwzCrj1+1d","baseKeyType":1,"closed":-1,"used":1735085022131,"created":1735085022131,"remoteIdentityKey":"BcMDt8amNtk5ClZhiklPL8IMXHm3ajrMCXYOetFwYlpf"},"_chains":{"BRsAahc434WhEy69ZoB7lul1VrnIRX5YTs8JMdRUhZUE":{"chainKey":{"counter":0,"key":"W4tO0K1JJdKbgXh5/sJaZ6oxLKyA1ZaRJv+sTVJmwe8="},"chainType":1,"messageKeys":{}}},"pendingPreKey":{"signedKeyId":7,"baseKey":"BbtAmCeW0Ouw3HnMJC4A/kEEcK6IhLIn++GwzCrj1+1d","preKeyId":3830277}}},"version":"v1"}