{"_sessions":{"BV8+I59FSeTW926pyFuQKOkmKmzgGYvGBp5TUnWT07xa":{"registrationId":945668689,"currentRatchet":{"ephemeralKeyPair":{"pubKey":"BSLM/0dzsb84KQoXdiHaTF240nGQCfJkJgpSRtzO888H","privKey":"YCDwNazn8IuOvl8n0Pdzq05SOT0mv5PixdlKrb2HcVo="},"lastRemoteEphemeralKey":"BfYiwtkqI9DotXxKAdYb2PvCTi6x78RqrDi5utBlBvUH","previousCounter":0,"rootKey":"IP9S9Tk3NxIZwP8hWX4H0oXXGDVr7Y3bca5u3RJpuGA="},"indexInfo":{"baseKey":"BV8+I59FSeTW926pyFuQKOkmKmzgGYvGBp5TUnWT07xa","baseKeyType":1,"closed":-1,"used":1735085010232,"created":1735085010232,"remoteIdentityKey":"BRYqAzyvcr7XATOMdY3vWp+f5vGpsKq7KTsxOLXDwtUU"},"_chains":{"BSLM/0dzsb84KQoXdiHaTF240nGQCfJkJgpSRtzO888H":{"chainKey":{"counter":0,"key":"zwR102G4zQpc59I1KjTXNI7gEHrcnyGbPVoygYP9VY4="},"chainType":1,"messageKeys":{}}},"pendingPreKey":{"signedKeyId":2,"baseKey":"BV8+I59FSeTW926pyFuQKOkmKmzgGYvGBp5TUnWT07xa","preKeyId":9929964}}},"version":"v1"}