{"_sessions":{"BVPOYlnRRtiUFVW2D3Ax0SaMhEeeeuDYhEBFtghW01At":{"registrationId":2013748404,"currentRatchet":{"ephemeralKeyPair":{"pubKey":"BWNvRmtue9vhZUsmDoBiMemeilIBsM0B9pc5PDYyWe0U","privKey":"MP4RdUzkXTIzTRb8iQGhmcvjDfn6O6IoUSh/V9Cn3l0="},"lastRemoteEphemeralKey":"BSRoVftdZ3Hms/jxwvv27c3pgCLrSeIElCdqE50/6iJO","previousCounter":0,"rootKey":"hXSVXa+T71gzu32y9h38OFFP27ffDGOTx3ZtzJmEiAU="},"indexInfo":{"baseKey":"BVPOYlnRRtiUFVW2D3Ax0SaMhEeeeuDYhEBFtghW01At","baseKeyType":1,"closed":-1,"used":1736043338928,"created":1735085024983,"remoteIdentityKey":"BfoKA1RNypsm9XNR6NPRVbyd1/OFkoEbmp9n7hX5T9hP"},"_chains":{"BSRoVftdZ3Hms/jxwvv27c3pgCLrSeIElCdqE50/6iJO":{"chainKey":{"counter":6,"key":"ijxtjPggtT/rw/5XblXNJjvvVAL3FZAogdgBffTNIaU="},"chainType":2,"messageKeys":{"4":"RP/vYhzxCktFNG5sOLL8lSm9YSyVsJBy2N7womVlSv0="}},"BWNvRmtue9vhZUsmDoBiMemeilIBsM0B9pc5PDYyWe0U":{"chainKey":{"counter":-1,"key":"F3XvlJKawEHe90fR6/hjHhOyuMM8//vsjJtp4pmStTk="},"chainType":1,"messageKeys":{}}}}},"version":"v1"}