{"_sessions":{"BeCdhUpU1iJLA5F5O11fWqfganNHnpOVrkXEHMjnML05":{"registrationId":64554546,"currentRatchet":{"ephemeralKeyPair":{"pubKey":"BfZjwUiB0N22JjejxpJ65jtklQ44vJcuTQfv4f09PYo8","privKey":"+Khqurld94WEtQVWUJONN5LL9t0mH365qf8bdhcH0WA="},"lastRemoteEphemeralKey":"BVzxrBRTO1kDG3chU9QF+vzf9B15F15rnMcgDpVE9ZFU","previousCounter":0,"rootKey":"LWdKbdGRhDRVrpBZWwGLmZ6JP5ee5Ie+E4CJPaBwhqQ="},"indexInfo":{"baseKey":"BeCdhUpU1iJLA5F5O11fWqfganNHnpOVrkXEHMjnML05","baseKeyType":1,"closed":-1,"used":1738696596202,"created":1735085028343,"remoteIdentityKey":"BUd2aL3z1D+IYHGjfFonZlJSM23WzmVD1u85asWGJLFn"},"_chains":{"BVzxrBRTO1kDG3chU9QF+vzf9B15F15rnMcgDpVE9ZFU":{"chainKey":{"counter":6,"key":"2naAdG0J/DdTZO7oC9RVyF/3mVGtNVitWMRgM0jq5ow="},"chainType":2,"messageKeys":{}},"BfZjwUiB0N22JjejxpJ65jtklQ44vJcuTQfv4f09PYo8":{"chainKey":{"counter":-1,"key":"seaXgHe5Dais7phOqxws5+IFVsu4ITQVBz+i8QJG1B8="},"chainType":1,"messageKeys":{}}}}},"version":"v1"}