{"_sessions":{"BWc4Hkc03w/d+LetcSCago+/y0jMJQriQzKONiL8ZBNM":{"registrationId":5751,"currentRatchet":{"ephemeralKeyPair":{"pubKey":"BTJN6QwS4PrD22WRwJxTLy47aMp4PBDwoUSppP5opNky","privKey":"KHRAcKQIo3KbqkhtdbwVPsLBqoYxxk8AaXx/zTyocHE="},"lastRemoteEphemeralKey":"BVz2bAQT9yNPq5oL1qamUiUe7YE9XVEoWpnzmoz/muh4","previousCounter":0,"rootKey":"pemoNm5bKmMwJtI2J7aRDd17vRLaVmNP5ldOYuQalf8="},"indexInfo":{"baseKey":"BWc4Hkc03w/d+LetcSCago+/y0jMJQriQzKONiL8ZBNM","baseKeyType":1,"closed":-1,"used":1735523540559,"created":1735523540559,"remoteIdentityKey":"BR5xc8d+qy2Vz/SZDqGHcLVcEY5qeD53sYwRfg2LY+ZX"},"_chains":{"BTJN6QwS4PrD22WRwJxTLy47aMp4PBDwoUSppP5opNky":{"chainKey":{"counter":0,"key":"qHgsISJABNj8lhsNFbI0LphYCSPiEUdoEexCQBZYMc8="},"chainType":1,"messageKeys":{}}},"pendingPreKey":{"signedKeyId":1,"baseKey":"BWc4Hkc03w/d+LetcSCago+/y0jMJQriQzKONiL8ZBNM","preKeyId":1128}}},"version":"v1"}