{"_sessions":{"BYQwXb3cYT5cSBRBXGW+0g0m1UgzYhd+bWdvxcGNvrpx":{"registrationId":1534133172,"currentRatchet":{"ephemeralKeyPair":{"pubKey":"Bdbjc7YtuqEN5WMQYyO+E1UoGe7hFVdDKveTBFMxFCkJ","privKey":"MMiSSJ3G7koQ6e6m+fiHtelkyqh2Rs1FqwNH5OxFW1c="},"lastRemoteEphemeralKey":"BfEtF+HwPFN2HF4WzaUf0CzG7K6NF9UOF1VamnPube4z","previousCounter":0,"rootKey":"f+n23ksGf50TGCsy2LUU1A8134DxJd7d0ZQS86bdWMI="},"indexInfo":{"baseKey":"BYQwXb3cYT5cSBRBXGW+0g0m1UgzYhd+bWdvxcGNvrpx","baseKeyType":1,"closed":-1,"used":1735085012824,"created":1735085012824,"remoteIdentityKey":"BQ/oYAw01ipSTxDsDlMzl1f+1kXCfnl9o+/4HOgG58c5"},"_chains":{"Bdbjc7YtuqEN5WMQYyO+E1UoGe7hFVdDKveTBFMxFCkJ":{"chainKey":{"counter":0,"key":"ZsJ3iE2mi75/vYcHBjqnDlNmjl3QeLirioaFofpqMLg="},"chainType":1,"messageKeys":{}}},"pendingPreKey":{"signedKeyId":50,"baseKey":"BYQwXb3cYT5cSBRBXGW+0g0m1UgzYhd+bWdvxcGNvrpx","preKeyId":9799403}}},"version":"v1"}