{"_sessions":{"BZHwvr0VX4atH1s9GM1EotFGgLdZ5PoHvGCR6jvesNM/":{"registrationId":11021,"currentRatchet":{"ephemeralKeyPair":{"pubKey":"BfedZgawtog4hfT6O7xJqK6jKZBniF9fhsQbj5O+rD0L","privKey":"cPYTPmYRGVVMWNPELZnXTzef1HV5PTR3kZOvvRwG00w="},"lastRemoteEphemeralKey":"BVMzTDwAHxGFg4AvPMNPNJu2eVbRA/q3daUiUn/wsYM+","previousCounter":0,"rootKey":"gt12biYvNw3a/DxWM0wCNhUPEIzBsZYcnFPo5apO12g="},"indexInfo":{"baseKey":"BZHwvr0VX4atH1s9GM1EotFGgLdZ5PoHvGCR6jvesNM/","baseKeyType":1,"closed":-1,"used":1735578452285,"created":1735160234536,"remoteIdentityKey":"BcGEGD5o5zxw1nTNcrC5LeGh3tI5/MTBBc/DtYfD9Dxl"},"_chains":{"BVMzTDwAHxGFg4AvPMNPNJu2eVbRA/q3daUiUn/wsYM+":{"chainKey":{"counter":1,"key":"SEp1D0USDDKBNc4YcaGm50DWam9pD9mVIg7b6kTkgVg="},"chainType":2,"messageKeys":{}},"BfedZgawtog4hfT6O7xJqK6jKZBniF9fhsQbj5O+rD0L":{"chainKey":{"counter":-1,"key":"iSRCNbkoQ5vjviTx+lCHaq6V9LoK+AGK5nzjQj3qAKk="},"chainType":1,"messageKeys":{}}}}},"version":"v1"}