{"_sessions":{"BRuwfu+W7C+OilOk0XfT45aO31ikK5Dp4DlLbdcq/ZRh":{"registrationId":895288581,"currentRatchet":{"ephemeralKeyPair":{"pubKey":"BafGQzfdyrsD7XyESC69IR85sj/17ZrFFISS/DVQmgtP","privKey":"wJekBbSHIkTXK4UGZxVAn26M184odf3//PwY5SquyUA="},"lastRemoteEphemeralKey":"BcWwHwhIteB4NS+97tsrRBtkBrZJse5mXZc/Ymo/VeoL","previousCounter":0,"rootKey":"3xZdvEz0CkdODesLEkSYGumtpJxS5jvvMU6FpTcLRFc="},"indexInfo":{"baseKey":"BRuwfu+W7C+OilOk0XfT45aO31ikK5Dp4DlLbdcq/ZRh","baseKeyType":1,"closed":-1,"used":1735085018685,"created":1735085018685,"remoteIdentityKey":"BaxbF0hN6FyT+zDABMqJ2gUGnfB0zlrt2/j51t7DdUwX"},"_chains":{"BafGQzfdyrsD7XyESC69IR85sj/17ZrFFISS/DVQmgtP":{"chainKey":{"counter":0,"key":"4svYWAoQaz7tfrFMT5Kjx4CMiDQkGqaRvIprN31WBk0="},"chainType":1,"messageKeys":{}}},"pendingPreKey":{"signedKeyId":10,"baseKey":"BRuwfu+W7C+OilOk0XfT45aO31ikK5Dp4DlLbdcq/ZRh","preKeyId":7466839}}},"version":"v1"}