{"_sessions":{"BU1zH+tv2vABuoPDBaNRA8owyPqgmbxjW+p5bq8imUIF":{"registrationId":71890529,"currentRatchet":{"ephemeralKeyPair":{"pubKey":"Bd8PBg2eKTk2UHGH5OBX7e3fw70UuVnkRUm87APKNQ46","privKey":"WJq+NnEE47OCCYquhm9wtaHvG1y2TstFrEEiS5o2S1c="},"lastRemoteEphemeralKey":"BW7RhNjiZAQGlYzykmpCcvYRl7kgAdw63L79NXn5ALxj","previousCounter":0,"rootKey":"yepQjpxPO0Ot1TmrluJh/QJ0B939/VH/wv0c5H8LQ6Y="},"indexInfo":{"baseKey":"BU1zH+tv2vABuoPDBaNRA8owyPqgmbxjW+p5bq8imUIF","baseKeyType":1,"closed":-1,"used":1735085009892,"created":1735085009892,"remoteIdentityKey":"BcuhG5qSpiWnHHWDOr5G6oZWM+hlPdjeUrYnK8T1reF1"},"_chains":{"Bd8PBg2eKTk2UHGH5OBX7e3fw70UuVnkRUm87APKNQ46":{"chainKey":{"counter":0,"key":"lkmgss+r69aFdvY0OOmg+G1qHjEq3oBbXTxcVkwgccg="},"chainType":1,"messageKeys":{}}},"pendingPreKey":{"signedKeyId":43,"baseKey":"BU1zH+tv2vABuoPDBaNRA8owyPqgmbxjW+p5bq8imUIF","preKeyId":5712942}}},"version":"v1"}