{"_sessions":{"Bb3XwLOJJMAXe/glgZPzBf+3SbkJfNA6ydaw650ViQgV":{"registrationId":687,"currentRatchet":{"ephemeralKeyPair":{"pubKey":"BR65Gd35UAVe7u/uOFBp5CSWGYdRjJsM0We+Q/4gFT93","privKey":"YDmQdeU5pZcanwaF+ccjx3Dian+rMBa7OOFvGaafRnk="},"lastRemoteEphemeralKey":"BWfDAFPqvAysq3AOgIXb48/5rpSJySobwLkH360V+sw6","previousCounter":0,"rootKey":"EO2EQY0ICzCUG8w6gecGY+3N+TxTsrYrMIf5P17tDys="},"indexInfo":{"baseKey":"Bb3XwLOJJMAXe/glgZPzBf+3SbkJfNA6ydaw650ViQgV","baseKeyType":1,"closed":-1,"used":1738880384060,"created":1738880384060,"remoteIdentityKey":"BT42gredtvfqQ4ZHuBq5ElieAR7lwTGBXkZgGhc71XBd"},"_chains":{"BR65Gd35UAVe7u/uOFBp5CSWGYdRjJsM0We+Q/4gFT93":{"chainKey":{"counter":0,"key":"uUmk297sk8shCb7F1NW6Uxe7tm2LVO8SBA5BVDV0Fjo="},"chainType":1,"messageKeys":{}}},"pendingPreKey":{"signedKeyId":1,"baseKey":"Bb3XwLOJJMAXe/glgZPzBf+3SbkJfNA6ydaw650ViQgV","preKeyId":127}}},"version":"v1"}