{"_sessions":{"BaiDQTfcZKAS+MR9M623BWHC0HZH6TKHLrp+pDhdafwp":{"registrationId":14267,"currentRatchet":{"ephemeralKeyPair":{"pubKey":"BdSlgf91HmEzI2CTM6el/AxF7LcX4W78Y+v9hZQm2wYk","privKey":"qC5uK4U8XdHT0b4iFK0khq4cSOPKQZOlFnMhi6g4Dnw="},"lastRemoteEphemeralKey":"BbwSvJLGEs3eDXOt6oJcoXyJ0XC8ZUdjizY5+8bO6aFB","previousCounter":0,"rootKey":"/magqhJFxO1nARm9BZueRFGDdUUtEZlc7PrAmM2Wu+0="},"indexInfo":{"baseKey":"BaiDQTfcZKAS+MR9M623BWHC0HZH6TKHLrp+pDhdafwp","baseKeyType":1,"closed":-1,"used":1735084995094,"created":1735084995094,"remoteIdentityKey":"BaGJvSw2oSCS3ZEqwIty5rrCY3Tuoo0Rt2ZwEPFFMkx4"},"_chains":{"BdSlgf91HmEzI2CTM6el/AxF7LcX4W78Y+v9hZQm2wYk":{"chainKey":{"counter":0,"key":"jlaJ6Moqlpr+yNLhatpYzaeCeRwyKpgmYN0ipazvKsg="},"chainType":1,"messageKeys":{}}},"pendingPreKey":{"signedKeyId":1,"baseKey":"BaiDQTfcZKAS+MR9M623BWHC0HZH6TKHLrp+pDhdafwp","preKeyId":1931}}},"version":"v1"}