{"_sessions":{"BTKRbUo6n3In1SxsVeX75PGyV507VihhGypeAcNsQ2BO":{"registrationId":395396175,"currentRatchet":{"ephemeralKeyPair":{"pubKey":"BQ8hxjW8wpSu8yVbRr7Ha36xC1YtIFvaGZxdRMC4uKA+","privKey":"qMZdLZ+tMEta0n0RsYrP9EK6u9nidBnxyN1wMoqTIFg="},"lastRemoteEphemeralKey":"BbDFCMxVhIITfwkC2zAiePOxcDdHTr0aoSXtAVWeWx81","previousCounter":0,"rootKey":"W8r+aXhB5ZV9e1qMAsr4Y6so9SKA9Wpj0Qw8fYI3bRQ="},"indexInfo":{"baseKey":"BTKRbUo6n3In1SxsVeX75PGyV507VihhGypeAcNsQ2BO","baseKeyType":1,"closed":-1,"used":1735084991706,"created":1735084991706,"remoteIdentityKey":"BWfQeX7KNzR5wWjJLnQbzNyFtuH8pix4/IT5hgYiWPoy"},"_chains":{"BQ8hxjW8wpSu8yVbRr7Ha36xC1YtIFvaGZxdRMC4uKA+":{"chainKey":{"counter":0,"key":"vOqdwVCQElD4UhjPKoJUDpEtkbFbr5eNzCguxsJwsV4="},"chainType":1,"messageKeys":{}}},"pendingPreKey":{"signedKeyId":23,"baseKey":"BTKRbUo6n3In1SxsVeX75PGyV507VihhGypeAcNsQ2BO","preKeyId":9493}}},"version":"v1"}