{"_sessions":{"BcuxQ5EBKgu/30l4F3fPX/nI1qEeFG/TY+MJwaKkzk8m":{"registrationId":9851,"currentRatchet":{"ephemeralKeyPair":{"pubKey":"BWZMBFLGm0iWDLNknxiXn3r0VEdjAtzIDy4xYutT83Vk","privKey":"+AGkpyZViBpFDP6oBMcJCwoXujjyjiErtZzzJ7qf6mk="},"lastRemoteEphemeralKey":"BaT0FYMVySOoJlnEH9QVplNNsNs3h/n4PcpoNHuimLAY","previousCounter":0,"rootKey":"GYqRB00dzy0xBI/2nA4LeHc9R7GEhtwgqv0GYD55B9M="},"indexInfo":{"baseKey":"BcuxQ5EBKgu/30l4F3fPX/nI1qEeFG/TY+MJwaKkzk8m","baseKeyType":1,"closed":-1,"used":1735269824786,"created":1735269824786,"remoteIdentityKey":"BRKkCkGxLGBoLsROJaOuYIm5ZIfuNYfUgoovc1sTRKQO"},"_chains":{"BWZMBFLGm0iWDLNknxiXn3r0VEdjAtzIDy4xYutT83Vk":{"chainKey":{"counter":0,"key":"27YvI3GIV7F9PDATVULqYNe2iOgEKbk2MuAZRKzYLbU="},"chainType":1,"messageKeys":{}}},"pendingPreKey":{"signedKeyId":1,"baseKey":"BcuxQ5EBKgu/30l4F3fPX/nI1qEeFG/TY+MJwaKkzk8m","preKeyId":174}}},"version":"v1"}