{"_sessions":{"Be6mg95QB2IUcR4KVI8fo5yPcmmmJSloGmColLpr6ZZR":{"registrationId":6276,"currentRatchet":{"ephemeralKeyPair":{"pubKey":"BQT876r2qYpramKBWW8EK7Nx6wpZv94tEpEH3iM3pNJX","privKey":"AF/4kMwB1BdJU3wEWu+0fdEsWl8KQNmTOMgORGvy5Wo="},"lastRemoteEphemeralKey":"Ba3bbh9vg4at8rOHysUfknawQSi+TNWEwpzSpUWHEL9G","previousCounter":0,"rootKey":"v9iYmVqKm06LdqmL9VxBQ8OZkXMYX6wCI4Q1kbOD7Uw="},"indexInfo":{"baseKey":"Be6mg95QB2IUcR4KVI8fo5yPcmmmJSloGmColLpr6ZZR","baseKeyType":1,"closed":-1,"used":1735333408112,"created":1735333408112,"remoteIdentityKey":"BRjmqBxE1FGxyXdTR/SktBdfQsVsxMFVGiiBOij9Y04j"},"_chains":{"BQT876r2qYpramKBWW8EK7Nx6wpZv94tEpEH3iM3pNJX":{"chainKey":{"counter":0,"key":"acQ8HbQ9kBsRdgE8i+3ftqolC336aAmCkL1XUkBvFw8="},"chainType":1,"messageKeys":{}}},"pendingPreKey":{"signedKeyId":1,"baseKey":"Be6mg95QB2IUcR4KVI8fo5yPcmmmJSloGmColLpr6ZZR","preKeyId":60}}},"version":"v1"}