{"_sessions":{"BeikaEUNvd7hLOxwdvSNjcGIpHpFTqt8PsYYXezZtIkB":{"registrationId":403551075,"currentRatchet":{"ephemeralKeyPair":{"pubKey":"BRcuW3SPrqKMWToMI3nw4BVAnUakwqfUMyuO2VqnhxRE","privKey":"IB1DrOTTiVjaZvII2KRgxsuyh4BOY7rvFtdFaRsMVUc="},"lastRemoteEphemeralKey":"BZ5fmbBal7K9LRkAcw28U2USMf30I2AWilD06d8mio4g","previousCounter":0,"rootKey":"4mTlLQxvzhP43ZuypkGnq9LftEc+G/oonDPZQ0k/gsc="},"indexInfo":{"baseKey":"BeikaEUNvd7hLOxwdvSNjcGIpHpFTqt8PsYYXezZtIkB","baseKeyType":1,"closed":-1,"used":1735706632659,"created":1735085024876,"remoteIdentityKey":"BTtw0cDQ+/WmRel1T3wp6rlnvs36Oya8UCQ96X0JLZBQ"},"_chains":{"BZ5fmbBal7K9LRkAcw28U2USMf30I2AWilD06d8mio4g":{"chainKey":{"counter":1,"key":"bl3H846UHDUXREf99dI9p++09/PclctYjg8fAv3mhcM="},"chainType":2,"messageKeys":{}},"BRcuW3SPrqKMWToMI3nw4BVAnUakwqfUMyuO2VqnhxRE":{"chainKey":{"counter":-1,"key":"eYs1VjxcDzoZRgubYfj7WnEfL58JW+Owx3B4hoAHsPo="},"chainType":1,"messageKeys":{}}}}},"version":"v1"}