{"_sessions":{"BYATayWMLfd6kUbZQulQzGXw+kfwufNmIHKbfeEdob4o":{"registrationId":2011678482,"currentRatchet":{"ephemeralKeyPair":{"pubKey":"BeWwQI67vTp0gacUnTBL/QZwyKNCtKQRo6KoJ3eCGstl","privKey":"yGth/vcsLJXURInmscaUa50JLlVbq3IHYqdpLZ6ptnY="},"lastRemoteEphemeralKey":"BbzRSUpK5es4rMHQy9hwxu6vq2FJQ3fTTw5mERNamIll","previousCounter":0,"rootKey":"+IgRVC6s/GVd0pr9yNx95YJffJeUhvQTuLEO7Ph5FMI="},"indexInfo":{"baseKey":"BYATayWMLfd6kUbZQulQzGXw+kfwufNmIHKbfeEdob4o","baseKeyType":1,"closed":-1,"used":1735085022088,"created":1735085022088,"remoteIdentityKey":"BT0lZZdVPAfIFY0t3PaWUYYEP9wm6hOHlrazvZQCeMRu"},"_chains":{"BeWwQI67vTp0gacUnTBL/QZwyKNCtKQRo6KoJ3eCGstl":{"chainKey":{"counter":0,"key":"utgXJRSxavhKZZpqzc7Ugp4fYQupB/QzsiTg/J5RBxI="},"chainType":1,"messageKeys":{}}},"pendingPreKey":{"signedKeyId":9,"baseKey":"BYATayWMLfd6kUbZQulQzGXw+kfwufNmIHKbfeEdob4o","preKeyId":4955080}}},"version":"v1"}