{"_sessions":{"Be8tVP7saFUqlJJGnCodEmJcp88cqvcPv9eIESUg9LsX":{"registrationId":200838610,"currentRatchet":{"ephemeralKeyPair":{"pubKey":"BYBRIpo9AHb404GYK3sxWAuk4a+ZYiCn9lC74txXxwkf","privKey":"KBOtn7/tp8yuHELa/AC11Ayti+GesjIGtDi9F31QfUY="},"lastRemoteEphemeralKey":"BfJgECpKPrpRZeorimtl+vrzWEgTU3Crwkjll5irL1od","previousCounter":0,"rootKey":"pO3SJf4xj/aMCxerzOkEgSKXflSUAuwJKIhIgAPv1kE="},"indexInfo":{"baseKey":"Be8tVP7saFUqlJJGnCodEmJcp88cqvcPv9eIESUg9LsX","baseKeyType":1,"closed":1737813518928,"used":1735085006856,"created":1735085006856,"remoteIdentityKey":"BZpbfdeepkm+bvBv9idgQ+1/J4Jn4MA8Y95We2UqfqgU"},"_chains":{"BYBRIpo9AHb404GYK3sxWAuk4a+ZYiCn9lC74txXxwkf":{"chainKey":{"counter":0,"key":"r3lKlLnlZGHxeCgmZbEI3BIyNO5vyMbHNmFvZaZR2lA="},"chainType":1,"messageKeys":{}}},"pendingPreKey":{"signedKeyId":4,"baseKey":"Be8tVP7saFUqlJJGnCodEmJcp88cqvcPv9eIESUg9LsX"}},"BYxHwp6INK2jPpyzLezR/9fAwB/sc44N/kpivgiVuloF":{"registrationId":200838610,"currentRatchet":{"ephemeralKeyPair":{"pubKey":"BRvPd0sfOQ9N0Z/tkjKeoVQxqyFG9i8Ta7sUKJ0iikIw","privKey":"yAanhJlLLlqHnDH+J79CcFevJi2JLFZtuXycp/BN5VY="},"lastRemoteEphemeralKey":"BbzLvnDNbhhN/COSyEdIU4AdxBvqhRWgIjjR6o1B0pkf","previousCounter":0,"rootKey":"/ETOxfDK6W2lJNIaww28gZUGwCN5zIpMyOBgJakxRLg="},"indexInfo":{"baseKey":"BYxHwp6INK2jPpyzLezR/9fAwB/sc44N/kpivgiVuloF","baseKeyType":2,"closed":-1,"used":1737813518943,"created":1737813518943,"remoteIdentityKey":"BZpbfdeepkm+bvBv9idgQ+1/J4Jn4MA8Y95We2UqfqgU"},"_chains":{"BbzLvnDNbhhN/COSyEdIU4AdxBvqhRWgIjjR6o1B0pkf":{"chainKey":{"counter":2,"key":"pf/kY/9S3HAGNDLKzo7ag+1lrKz+S/lGIyBdfE8KmEA="},"chainType":2,"messageKeys":{}},"BRvPd0sfOQ9N0Z/tkjKeoVQxqyFG9i8Ta7sUKJ0iikIw":{"chainKey":{"counter":-1,"key":"tKuF/JO6pspK30eKHJANnYxVU8gdSconUTAofDJ1UpY="},"chainType":1,"messageKeys":{}}}}},"version":"v1"}