{"_sessions":{"BZiygMO8mRgI+USy9KROlV2xXe9xoYXhjxhUb18l+DZp":{"registrationId":1122736817,"currentRatchet":{"ephemeralKeyPair":{"pubKey":"BQGjnm6a/0/MBjdxYWip7aBzmujo9K8TMD9FjmvFJJYE","privKey":"oM+b3yOV0HgBL61rZKzuJyRp7Yv38g/JORN84Y01Dlw="},"lastRemoteEphemeralKey":"BZhAPLfTG0T+bjaWyeRlNv8nHRZMsZYQtdrUP9864px+","previousCounter":0,"rootKey":"14md3BVGzCk6QVrqHjGdO19uOAxzGRh+IzzLsjHZ5rg="},"indexInfo":{"baseKey":"BZiygMO8mRgI+USy9KROlV2xXe9xoYXhjxhUb18l+DZp","baseKeyType":1,"closed":-1,"used":1735085013207,"created":1735085013207,"remoteIdentityKey":"BX4HDChUmd62qOGKW5bXVK5WtDCWZz5LDL/iYAUF/4cL"},"_chains":{"BQGjnm6a/0/MBjdxYWip7aBzmujo9K8TMD9FjmvFJJYE":{"chainKey":{"counter":0,"key":"lMYFbZBZ24TBGWvGwYDrrbeJe8ICLKGVlg1QDEvtQr4="},"chainType":1,"messageKeys":{}}},"pendingPreKey":{"signedKeyId":12,"baseKey":"BZiygMO8mRgI+USy9KROlV2xXe9xoYXhjxhUb18l+DZp","preKeyId":13273323}}},"version":"v1"}