{"_sessions":{"BU808KxVpt9iBhIK41+wcroXW/KLgYYo3bbWilJWxA0d":{"registrationId":1341537524,"currentRatchet":{"ephemeralKeyPair":{"pubKey":"BWq5aAURnhx7UZJaxYW82cdOSNYjD2T4PaxS5WgJGGg2","privKey":"GP8y3FZEzBRRk8C0LgprJA42ZdIlNQ5zDzdXyi1fpVI="},"lastRemoteEphemeralKey":"BXuoX3GYeOD4+3o5f4X6wB9kK5Wazo9TS3Vd5Qccsrtj","previousCounter":0,"rootKey":"UJ9AFUh2q1XZ57fz/HYmgYVtduBtBa7XPPj6NeJiPZ0="},"indexInfo":{"baseKey":"BU808KxVpt9iBhIK41+wcroXW/KLgYYo3bbWilJWxA0d","baseKeyType":1,"closed":1735760765819,"used":1735085019091,"created":1735085019091,"remoteIdentityKey":"BdeCjuh0z4bpH1YsEBd/kgXVxE6x3WRyJ3x6wcBevjNg"},"_chains":{"BWq5aAURnhx7UZJaxYW82cdOSNYjD2T4PaxS5WgJGGg2":{"chainKey":{"counter":0,"key":"pg7tNDLPMkHI8HeF65u9EGz25/ZeXzPTdlXkp5mvgj8="},"chainType":1,"messageKeys":{}}},"pendingPreKey":{"signedKeyId":8,"baseKey":"BU808KxVpt9iBhIK41+wcroXW/KLgYYo3bbWilJWxA0d","preKeyId":3701616}},"BRQHFlWGCfFBPSPZ3xxGV92IZbCFOJa7Hu5anqx1ju55":{"registrationId":1633898397,"currentRatchet":{"ephemeralKeyPair":{"pubKey":"BU8qZHF+lQE5Wy/mhLCh+7Zxrs9kjs+DU+At3hAkhVtd","privKey":"oFPryEXLeOwnA2WQntX5EmHZHW61lAtKC164GDSEuFE="},"lastRemoteEphemeralKey":"BTBpnpsLdEvvc4fLoDZe4M0/3BISN8GPsEnE6ZKWLo4z","previousCounter":0,"rootKey":"RPJ/bP2AyAMEVcvj7rCH3qrzrYUIX2apUnBmzFi3Mrc="},"indexInfo":{"baseKey":"BRQHFlWGCfFBPSPZ3xxGV92IZbCFOJa7Hu5anqx1ju55","baseKeyType":2,"closed":-1,"used":1735760765827,"created":1735760765827,"remoteIdentityKey":"Bb4QX9xF6k8BO3PhmH8Jiod/ntRZqERKFCOCGOveQYZQ"},"_chains":{"BTBpnpsLdEvvc4fLoDZe4M0/3BISN8GPsEnE6ZKWLo4z":{"chainKey":{"counter":59,"key":"nDEGU9KoB/f/WLgBLMI636/lmvNBXsijFMnum8VTydQ="},"chainType":2,"messageKeys":{"12":"3pY+jSxyQ4umUQshxlqK6ENXg3ivQhWkUayIq0+178Q=","47":"8na1ITYPD5Nt/0QXt9ujiyHYJSqjMHJXcYEVPU2yzts="}},"BU8qZHF+lQE5Wy/mhLCh+7Zxrs9kjs+DU+At3hAkhVtd":{"chainKey":{"counter":-1,"key":"3+XyLg6c2AIK3SIwYPEH0I7bTSAt/2VYbGTO8cfa9Ik="},"chainType":1,"messageKeys":{}}}}},"version":"v1"}