{"_sessions":{"BcrXVduzRlQN88CMTGfw/4D3kmdl6phWd604ICD6Ruk4":{"registrationId":1674809514,"currentRatchet":{"ephemeralKeyPair":{"pubKey":"BQ76W8M7YEvTnrVofFdaXfepZ39J26KmYkFo7Z9LLXVL","privKey":"AByUKPUagizw4M9vAI1Wyu9lkbQC+eV63rkLfP8nMV0="},"lastRemoteEphemeralKey":"BSQJZXHcJoJcgBmH75Ys7bp4PWDZ6u2S+xie2f6Iu9xa","previousCounter":0,"rootKey":"wV9vqnYbn7yVpk5mEAFkARtlRPa5jjVMFvbECjSEsRc="},"indexInfo":{"baseKey":"BcrXVduzRlQN88CMTGfw/4D3kmdl6phWd604ICD6Ruk4","baseKeyType":1,"closed":-1,"used":1738540888176,"created":1735085012957,"remoteIdentityKey":"BfRJrHIU/wl2HV0Dl7n7iRseQR3UZXhkRPpMcojg+i8z"},"_chains":{"BSQJZXHcJoJcgBmH75Ys7bp4PWDZ6u2S+xie2f6Iu9xa":{"chainKey":{"counter":23,"key":"/sskC2P0tF36KeJM8tGToKxOkvJjI3zqCSlIFe7Ng/Q="},"chainType":2,"messageKeys":{}},"BQ76W8M7YEvTnrVofFdaXfepZ39J26KmYkFo7Z9LLXVL":{"chainKey":{"counter":-1,"key":"7st+Jq7WgqVQVN+eYGFRdPCSFNHJ5n9MZj/5xVHX1KE="},"chainType":1,"messageKeys":{}}}}},"version":"v1"}