{"_sessions":{"BRk5eJjHCr7hnlrYsuU3iMBJeThbUuhJ17+p3wyYQEVA":{"registrationId":821840527,"currentRatchet":{"ephemeralKeyPair":{"pubKey":"BYUsgnTEe4qclG/tV1KijVewjrHZwfNIiVnfhgoifw0P","privKey":"qBxxAhb4Lan1zbfLTmaQEIwYyTY14fkvqcs0O2ZyhXQ="},"lastRemoteEphemeralKey":"Bd+KAb9KuJO96sYnFrLrakEUQexr652zH1zG8MPGRxMk","previousCounter":0,"rootKey":"GkzdvsERawvXhws8KDwMxUO/YYjP0duhrhh9HKiDMJE="},"indexInfo":{"baseKey":"BRk5eJjHCr7hnlrYsuU3iMBJeThbUuhJ17+p3wyYQEVA","baseKeyType":1,"closed":-1,"used":1735085006869,"created":1735085006869,"remoteIdentityKey":"Bcc/9DFz5ox2whqp94EVtUIlumsgPWgLfkrKpa0d9S48"},"_chains":{"BYUsgnTEe4qclG/tV1KijVewjrHZwfNIiVnfhgoifw0P":{"chainKey":{"counter":0,"key":"iEt/tYx8Qn5LcG24+8xWP01mZ+GwZSNn9cU6wlhOqF8="},"chainType":1,"messageKeys":{}}},"pendingPreKey":{"signedKeyId":14,"baseKey":"BRk5eJjHCr7hnlrYsuU3iMBJeThbUuhJ17+p3wyYQEVA","preKeyId":238428}}},"version":"v1"}