{"_sessions":{"Bb69tst85sy8Y02sTdSWixGLiQxdhDU7aSt/GPJTV8tM":{"registrationId":1410073470,"currentRatchet":{"ephemeralKeyPair":{"pubKey":"BWVshAfaczlPuAok6Sn6ecWLn1w1gUuF0D5XMHYaUOAu","privKey":"SA6j9Bj68msFEU5iVq2gyZMA/e/X3j0z3S5YlEgST2g="},"lastRemoteEphemeralKey":"BROeD36+41jvtBMCl6fgXejGd0hj1lPyDos6qGBHNRcO","previousCounter":0,"rootKey":"/q299rzjXYno+mxZwF6s1Dyy/WPtPha9+UvJXSMvq+o="},"indexInfo":{"baseKey":"Bb69tst85sy8Y02sTdSWixGLiQxdhDU7aSt/GPJTV8tM","baseKeyType":1,"closed":-1,"used":1735085009537,"created":1735085009537,"remoteIdentityKey":"Bcg+6e9GWCspQwpV5eHo4wAWwC+yNJ8LDVWLNvsSRAUq"},"_chains":{"BWVshAfaczlPuAok6Sn6ecWLn1w1gUuF0D5XMHYaUOAu":{"chainKey":{"counter":0,"key":"wW/9qNqxPk8A0m0T+pBvq/p3p7SQzv2iwfK5HXB6e/w="},"chainType":1,"messageKeys":{}}},"pendingPreKey":{"signedKeyId":5,"baseKey":"Bb69tst85sy8Y02sTdSWixGLiQxdhDU7aSt/GPJTV8tM","preKeyId":7340534}}},"version":"v1"}