{"_sessions":{"Be58Dr9hHMpqZxs0tDJKx2EUOEtCwa4q/tFE1iBEPhwg":{"registrationId":328359722,"currentRatchet":{"ephemeralKeyPair":{"pubKey":"Bc06BRbcxAw35rlSnQku7sH1KDSAarwHimlcQbf6Y+RD","privKey":"aA3r+xD0QnAZnOstYurcvkHfC8F1nKOOrgMzZNWwNXE="},"lastRemoteEphemeralKey":"BRVHPC+jC6jPmTBayE1kNzMI5fK5r5R+s5n1Br/lFLYO","previousCounter":0,"rootKey":"YWtWgUWUEvcSL2GIKS8K/NRJAkOtm9wPrE3xwi/2Rm4="},"indexInfo":{"baseKey":"Be58Dr9hHMpqZxs0tDJKx2EUOEtCwa4q/tFE1iBEPhwg","baseKeyType":1,"closed":-1,"used":1735085027887,"created":1735085027887,"remoteIdentityKey":"BcCaMYKKaeEG7bI4wBzokQPIbzOly8ay0KMdXeixfH9N"},"_chains":{"Bc06BRbcxAw35rlSnQku7sH1KDSAarwHimlcQbf6Y+RD":{"chainKey":{"counter":0,"key":"8ztDqIt8W7oqJtJv5ggHXHQB3jZx3wlN7KUMLJcY6mI="},"chainType":1,"messageKeys":{}}},"pendingPreKey":{"signedKeyId":8,"baseKey":"Be58Dr9hHMpqZxs0tDJKx2EUOEtCwa4q/tFE1iBEPhwg"}}},"version":"v1"}