{"_sessions":{"BfXqCfTT9c6+2j6z6+sVJieqr32SVwlnHD55En11a9st":{"registrationId":919172936,"currentRatchet":{"ephemeralKeyPair":{"pubKey":"BdytMSduTVHAHlJPwYXGrHAPPmjUaOOfwpVHovxGKnAm","privKey":"cI41bVJxAhga+AuHWP4ox/UMyk1EgAqCMa3mZuBYOVI="},"lastRemoteEphemeralKey":"BR9rrdVfDkd7AUQxb+x2uA9Q8yuvuPSQGP1bu231cm4y","previousCounter":0,"rootKey":"n4jZ8gEkRTwxwzJBt40BI6u06vQ4a95umA52qqWqG4o="},"indexInfo":{"baseKey":"BfXqCfTT9c6+2j6z6+sVJieqr32SVwlnHD55En11a9st","baseKeyType":1,"closed":-1,"used":1735085013290,"created":1735085013290,"remoteIdentityKey":"BdesMPEA92y7otqQ79DrFu9CwfZ87sgNhEYjvN+fZ0IJ"},"_chains":{"BdytMSduTVHAHlJPwYXGrHAPPmjUaOOfwpVHovxGKnAm":{"chainKey":{"counter":0,"key":"dZRB5hV2Ufek82WWw/QAIj5dLem2FP9x+m8DwrdGi7A="},"chainType":1,"messageKeys":{}}},"pendingPreKey":{"signedKeyId":10,"baseKey":"BfXqCfTT9c6+2j6z6+sVJieqr32SVwlnHD55En11a9st","preKeyId":11991153}}},"version":"v1"}