{"_sessions":{"BfCpVVcqLZfY6FRVL8MEJbH9DtBUBahjm4nFZvfsrft9":{"registrationId":97975619,"currentRatchet":{"ephemeralKeyPair":{"pubKey":"BUMUvqaXtB8fFyO/idZcCH4G9u2WBICtXiXNZzDcs0Iy","privKey":"kCfyB0E5Z9LqZQOWKQ97wb+uQwDfXXAAikERRMUhw3s="},"lastRemoteEphemeralKey":"BaMc2jKzrVrP5HKtbw96aoU16nZTveRZQZTbZYoDjZ14","previousCounter":0,"rootKey":"iEuk/hUt5Po7iSaeTgOCNeLEMta3Ltok4fj3IUv/EYk="},"indexInfo":{"baseKey":"BfCpVVcqLZfY6FRVL8MEJbH9DtBUBahjm4nFZvfsrft9","baseKeyType":1,"closed":-1,"used":1735085016284,"created":1735085016284,"remoteIdentityKey":"BTcg8e360piSZ3IIHzEO2Y+j+LhjteaBiUJOtWIcit5c"},"_chains":{"BUMUvqaXtB8fFyO/idZcCH4G9u2WBICtXiXNZzDcs0Iy":{"chainKey":{"counter":0,"key":"ASG+gmx4Kp8W86Ga1lJ9ZsalwwGZDODor2K/CDXa5N4="},"chainType":1,"messageKeys":{}}},"pendingPreKey":{"signedKeyId":7,"baseKey":"BfCpVVcqLZfY6FRVL8MEJbH9DtBUBahjm4nFZvfsrft9","preKeyId":5630171}}},"version":"v1"}