{"_sessions":{"BSpsLR2D8lbFewhVTuzpuboits63JrDPxv1EbuI5e8hG":{"registrationId":1439763082,"currentRatchet":{"ephemeralKeyPair":{"pubKey":"BRaPJR1+uXhmJb0cfSfDkYwcO0U7GUh9FaGmduZIdnYB","privKey":"4MMiVYUkqA4y2Kn+tAX75VY5LicmyB5gH5NpURY3tmU="},"lastRemoteEphemeralKey":"BZIPfMpOnkJNzdOda17sfz+fhyLvlhAtoShJ5USsH19A","previousCounter":0,"rootKey":"bFzzbTxgalBFs22JzJWQoIzFaow+AZSxLKnVh6YuKnA="},"indexInfo":{"baseKey":"BSpsLR2D8lbFewhVTuzpuboits63JrDPxv1EbuI5e8hG","baseKeyType":1,"closed":-1,"used":1738962312873,"created":1735085010184,"remoteIdentityKey":"BZTLUEY0bPKLCfjvvZVXwR3gqUb9kYaF1kb84NCADKpA"},"_chains":{"BZIPfMpOnkJNzdOda17sfz+fhyLvlhAtoShJ5USsH19A":{"chainKey":{"counter":0,"key":"EP+ihAutuN13uiUdrA1fljkLNJu9wDxYt2hIBtIkWxU="},"chainType":2,"messageKeys":{}},"BRaPJR1+uXhmJb0cfSfDkYwcO0U7GUh9FaGmduZIdnYB":{"chainKey":{"counter":-1,"key":"jdA11GzPVilRsh98+ivWkBDu1IB6Asm7fknHZh/e7DE="},"chainType":1,"messageKeys":{}}}}},"version":"v1"}