{"_sessions":{"BZATRUmQDD8OQp9J76omc56uknxfQwkAe4A+to+ugTIc":{"registrationId":14974,"currentRatchet":{"ephemeralKeyPair":{"pubKey":"BdIeysMvi71g3T+YEpHLMrS1WvkCUOhGWE4vfd8sTz0Y","privKey":"wGdQq4pnLyGu26tYWK+JhjFhifUjdXdkuA0ZL6lfrmw="},"lastRemoteEphemeralKey":"Bew9xCk7AIfE3Vh1nNblSea+s648RDcNz4zaxCJe7II8","previousCounter":0,"rootKey":"FLuvIpaZr0NzZphMQlz92/tqHLiCt/fm27/bDWevNSI="},"indexInfo":{"baseKey":"BZATRUmQDD8OQp9J76omc56uknxfQwkAe4A+to+ugTIc","baseKeyType":1,"closed":-1,"used":1735084997803,"created":1735084997803,"remoteIdentityKey":"BXCfw7C8o31Qy/niPCki01hdKTn9OZqU1cf2r10q57VK"},"_chains":{"BdIeysMvi71g3T+YEpHLMrS1WvkCUOhGWE4vfd8sTz0Y":{"chainKey":{"counter":0,"key":"TBp1jbCq2wAAiIV0WtGTGrnJgmMQBGAuTKn3HfAhmsI="},"chainType":1,"messageKeys":{}}},"pendingPreKey":{"signedKeyId":1,"baseKey":"BZATRUmQDD8OQp9J76omc56uknxfQwkAe4A+to+ugTIc"}}},"version":"v1"}