{"_sessions":{"BZhWYkTjrtqTN6tEK2M7M4qHIyW37REcH3k1ZY4cktBU":{"registrationId":13076,"currentRatchet":{"ephemeralKeyPair":{"pubKey":"BaW5jKxGEvZEZzh0+1Uz12AgU1IPKukV8ufoWGWaWo4t","privKey":"CFpXS7DNOXdkFivS8UqID/1nAxuy1+ilLiKQ8ljHwUs="},"lastRemoteEphemeralKey":"BcUR5TZibJYl7XecmtM1MKvCs0W57UjICYnwWUuyyXVu","previousCounter":0,"rootKey":"iK8VMhGeCMvHFh6EHfXPRSYSZMqgZLKmLMmqepF5mUI="},"indexInfo":{"baseKey":"BZhWYkTjrtqTN6tEK2M7M4qHIyW37REcH3k1ZY4cktBU","baseKeyType":1,"closed":-1,"used":1735097272161,"created":1735097272161,"remoteIdentityKey":"BfW40RU1/Y+VnkSB6MiUOAmeiM2QHazLgjxyFPWeu78B"},"_chains":{"BaW5jKxGEvZEZzh0+1Uz12AgU1IPKukV8ufoWGWaWo4t":{"chainKey":{"counter":0,"key":"GixBcjV2Ek/qydkXkQyq/EUzMr/5wug8VHIHwL+rOYU="},"chainType":1,"messageKeys":{}}},"pendingPreKey":{"signedKeyId":1,"baseKey":"BZhWYkTjrtqTN6tEK2M7M4qHIyW37REcH3k1ZY4cktBU","preKeyId":183}}},"version":"v1"}