{"_sessions":{"BULRwE7lzaFEPG04Tb9xGB/KUzaKrbUblgpJ0nWo/gVp":{"registrationId":368573846,"currentRatchet":{"ephemeralKeyPair":{"pubKey":"BZVdDgT9RYA400306FqEvSQBt7ZEduwwhBTopC3KVh90","privKey":"CL7TkO+unldZu8ZBui5YPN6P7cvRVUYSf4RO+F5oQWA="},"lastRemoteEphemeralKey":"BQdBtabS4CtW1i5wS8zNsKL9TPIWsEJglSMBvCMZr8Uk","previousCounter":0,"rootKey":"qO4S1LxFeWQa6UpYKssHNpwejbqEVQb9MJwDc9Dgw40="},"indexInfo":{"baseKey":"BULRwE7lzaFEPG04Tb9xGB/KUzaKrbUblgpJ0nWo/gVp","baseKeyType":1,"closed":1735327429312,"used":1735281109636,"created":1735085012738,"remoteIdentityKey":"BZE0nmt5Vot/rH9jxmQtYCZhDzBcvKdhQYDFIa2Z8w0o"},"_chains":{"BQdBtabS4CtW1i5wS8zNsKL9TPIWsEJglSMBvCMZr8Uk":{"chainKey":{"counter":2,"key":"bbLnPFxc05WuWFcZVAcrzUkWViHOG4KATk8OtU4UfS8="},"chainType":2,"messageKeys":{}},"BZVdDgT9RYA400306FqEvSQBt7ZEduwwhBTopC3KVh90":{"chainKey":{"counter":-1,"key":"ig+HMTQlgOIGAHzG4ZCZFNHoDPP7p8VDCcAYuP4aRHA="},"chainType":1,"messageKeys":{}}}},"Bb83+ynffsWszWOqedl+328S5Ww7Ng79MExg5New9YNF":{"registrationId":2049446824,"currentRatchet":{"ephemeralKeyPair":{"pubKey":"BZI5uP45PVQkdSAsphNVLXKv+Xwb8oTxHWMLxhmxZPh+","privKey":"YF591wbjLO9bu60zNwbHCARTvIGve4NuXGlQHbNO6mc="},"lastRemoteEphemeralKey":"BT9OyAyABhnWLg5DFvPcOytbszpWz8ooSmYZ34ie52tf","previousCounter":0,"rootKey":"WlRsmaSCTePzAunMJ0te/g4dIvV8v6cNZJEnGTU8kGE="},"indexInfo":{"baseKey":"Bb83+ynffsWszWOqedl+328S5Ww7Ng79MExg5New9YNF","baseKeyType":2,"closed":1735327431920,"used":1735327429320,"created":1735327429320,"remoteIdentityKey":"BaddhuMHdeNQ9u9wIHGz/jeOwJW9sMvGVA9ddF2GCHhF"},"_chains":{"BT9OyAyABhnWLg5DFvPcOytbszpWz8ooSmYZ34ie52tf":{"chainKey":{"counter":0,"key":"CGVMipB/nusOdFSRxPVvdPFTcNuEP5MyJ88UuG5IbWY="},"chainType":2,"messageKeys":{}},"BZI5uP45PVQkdSAsphNVLXKv+Xwb8oTxHWMLxhmxZPh+":{"chainKey":{"counter":-1,"key":"z/lrTXVM1vk0/22TLcgVkkbOw+1Y3KJ884HeaDElesQ="},"chainType":1,"messageKeys":{}}}},"BZQlgGqEiQPn3w9o4X1TgQYW7Swf/bxzYZS0ErfuoxwW":{"registrationId":2049446824,"currentRatchet":{"ephemeralKeyPair":{"pubKey":"BT4j+lLVykRxhEEJCRanFCBObeJVHdRPsg13Vl/fRqoH","privKey":"yG6vYqkc864lRIz4K0paLn3n8jKTzjMMvm4/HFU2jlo="},"lastRemoteEphemeralKey":"BTzB8v4re50rlJg8a4z7YQWLP0w9TDQuRMDH0hz3TnFH","previousCounter":0,"rootKey":"VtuU2njR6upQQGB3Bg9ZhTS+3zQ9jkSSTfeoyB6sf0M="},"indexInfo":{"baseKey":"BZQlgGqEiQPn3w9o4X1TgQYW7Swf/bxzYZS0ErfuoxwW","baseKeyType":2,"closed":-1,"used":1735327431935,"created":1735327431935,"remoteIdentityKey":"BaddhuMHdeNQ9u9wIHGz/jeOwJW9sMvGVA9ddF2GCHhF"},"_chains":{"BTzB8v4re50rlJg8a4z7YQWLP0w9TDQuRMDH0hz3TnFH":{"chainKey":{"counter":0,"key":"wPjeHAUI1VD/ILqB+YmmMCzkAaUz4rACGuk1gUT0q5k="},"chainType":2,"messageKeys":{}},"BT4j+lLVykRxhEEJCRanFCBObeJVHdRPsg13Vl/fRqoH":{"chainKey":{"counter":-1,"key":"0hJyyrzVmGiHEedUyJ6SHrvXJ5/Jm4I8zJwRHUe3BDs="},"chainType":1,"messageKeys":{}}}}},"version":"v1"}