{"_sessions":{"BSUcOddasMJ361dKgf98Sv1TOZSZJlHeni1wudQsDmIT":{"registrationId":10345,"currentRatchet":{"ephemeralKeyPair":{"pubKey":"BYYgfFau4bBBYP7q48fPNf2vcQrI7ksirm94ygk54GUB","privKey":"2D4JA7iS1TWpVZsZwRTHit+fb6TvFhR/bk0U9PThaVE="},"lastRemoteEphemeralKey":"BT9NHi9B45nPI9xkugWghVBSCmBdcEOnIznQxbL0tywE","previousCounter":0,"rootKey":"WSA/mFUCmKRksqeTV9HnB7wUwRulbPXizMBMqICThiI="},"indexInfo":{"baseKey":"BSUcOddasMJ361dKgf98Sv1TOZSZJlHeni1wudQsDmIT","baseKeyType":1,"closed":-1,"used":1735084998155,"created":1735084998155,"remoteIdentityKey":"BeE8KFHkm4uGQJ74C96R8aNAvxRBH+KssbG6VemOxjoG"},"_chains":{"BYYgfFau4bBBYP7q48fPNf2vcQrI7ksirm94ygk54GUB":{"chainKey":{"counter":0,"key":"1KeGJhRKSaBK46PXkFZCbJXqR+Hk1wKd+Sa7njFQRiY="},"chainType":1,"messageKeys":{}}},"pendingPreKey":{"signedKeyId":6,"baseKey":"BSUcOddasMJ361dKgf98Sv1TOZSZJlHeni1wudQsDmIT"}}},"version":"v1"}