{"_sessions":{"BT5LkkX20Jyicy6xfV0k8CiV3yh5/Oclwp8wB4jisCIQ":{"registrationId":1878361498,"currentRatchet":{"ephemeralKeyPair":{"pubKey":"BSpziwaqJ3qaYMoQWvIzwwWjaq3E4p1E4GrvFdVPcd4m","privKey":"WMI2p/AGCOaiS0ChIYBq7qE313NbZIGku/sVujFkDFM="},"lastRemoteEphemeralKey":"BYT7qsn+OqkUlo075v+bkuBkSFVLLm0GfHAYqTX9qm8r","previousCounter":0,"rootKey":"17Uhtrah0LuqjUp6g/VBE2rfVgUvQ7IBeawCjDzvKJA="},"indexInfo":{"baseKey":"BT5LkkX20Jyicy6xfV0k8CiV3yh5/Oclwp8wB4jisCIQ","baseKeyType":1,"closed":-1,"used":1735085028141,"created":1735085028141,"remoteIdentityKey":"BWKIHafzX5dG/LYzqdioR9w+3jsL4aRo7Zuk6mpHQ0lM"},"_chains":{"BSpziwaqJ3qaYMoQWvIzwwWjaq3E4p1E4GrvFdVPcd4m":{"chainKey":{"counter":0,"key":"zc+D/1Lh25PYmUlFyvQgmZwEhCPxbtBxaOSp8pMlsx8="},"chainType":1,"messageKeys":{}}},"pendingPreKey":{"signedKeyId":12,"baseKey":"BT5LkkX20Jyicy6xfV0k8CiV3yh5/Oclwp8wB4jisCIQ","preKeyId":7821589}}},"version":"v1"}