{"_sessions":{"BZ6zCTxGCErKNrcb6X6PK9zMucYKjwZI7VLYB23yPa59":{"registrationId":407209515,"currentRatchet":{"ephemeralKeyPair":{"pubKey":"BW0UynDtbXu/OmskcL2uuGhcvFboEBri7P+VjYrzWDRx","privKey":"IBMvTjJqLBefNaoxlqqxYT0sxPArJ6dklQKMFRxRQ1k="},"lastRemoteEphemeralKey":"BcvhSK24HTl+xBhVNWpW45ZcgLUh63ZL7P5r0fhh1b4+","previousCounter":0,"rootKey":"ex+qRt6K+NPvDaGTigUMYzXlLZaxZyKNd9jjbIcMpDI="},"indexInfo":{"baseKey":"BZ6zCTxGCErKNrcb6X6PK9zMucYKjwZI7VLYB23yPa59","baseKeyType":1,"closed":-1,"used":1735085003761,"created":1735085003761,"remoteIdentityKey":"BVcUL8jfyhGswP4VUas/O1lSVwj/DwR8LnFYuldeI1ki"},"_chains":{"BW0UynDtbXu/OmskcL2uuGhcvFboEBri7P+VjYrzWDRx":{"chainKey":{"counter":0,"key":"M0gYqg7/YKjRiSFKdGsKmtnPXYl1h6eO5SMGKNl48N4="},"chainType":1,"messageKeys":{}}},"pendingPreKey":{"signedKeyId":7,"baseKey":"BZ6zCTxGCErKNrcb6X6PK9zMucYKjwZI7VLYB23yPa59","preKeyId":2824181}}},"version":"v1"}