{"_sessions":{"BVTLQKbn4C6xlun7PGkRY+TUinGPE2y4gCzLArFuPPxf":{"registrationId":7548,"currentRatchet":{"ephemeralKeyPair":{"pubKey":"BWY2sou6WQzBQqwqHiT8o7q07P1xWggcH3NMUzv5PxFi","privKey":"gEk9g8fVXzTnZdpNT4pMKGUyM0mtx2EZheWPAsSjB20="},"lastRemoteEphemeralKey":"BUP7o59kqy1yUCCOufT9LkSpLQ7GgLMU5chIXp24ct4I","previousCounter":0,"rootKey":"HJHwIiwjdNKDURK8afwweD50pZYnaAk/ahfsXZVNqAI="},"indexInfo":{"baseKey":"BVTLQKbn4C6xlun7PGkRY+TUinGPE2y4gCzLArFuPPxf","baseKeyType":1,"closed":-1,"used":1735498577758,"created":1735498577758,"remoteIdentityKey":"BTuIoTN4eMaD00md6dlDQIixVGTAwDSnylf9P9TCfz4J"},"_chains":{"BWY2sou6WQzBQqwqHiT8o7q07P1xWggcH3NMUzv5PxFi":{"chainKey":{"counter":0,"key":"seKFLmI+LyeVWp93h/zUkhzsv/F6FP4rzfl23gJN7sY="},"chainType":1,"messageKeys":{}}},"pendingPreKey":{"signedKeyId":1,"baseKey":"BVTLQKbn4C6xlun7PGkRY+TUinGPE2y4gCzLArFuPPxf","preKeyId":94}}},"version":"v1"}