{"_sessions":{"Bf74uOy9SCc3UfWARDT1c5NO4w4TPFKJpTaxsWh1pRkn":{"registrationId":1592100922,"currentRatchet":{"ephemeralKeyPair":{"pubKey":"BagAuFCR1ZwiOV6R6t/tP+vWAPayADdMNb56rPMfRVlk","privKey":"KCwg3LYDiL+oQvb55U9nCcRd9oSRukmojumMZqGit0E="},"lastRemoteEphemeralKey":"Bbu+xpH2KBdjdb+PDOn3XhZ1f2QL2S8KwQwkMuV0fDA6","previousCounter":0,"rootKey":"W37HK33dX87vaMNMAHEo7q+QzWwlC8TennpUy74TlJA="},"indexInfo":{"baseKey":"Bf74uOy9SCc3UfWARDT1c5NO4w4TPFKJpTaxsWh1pRkn","baseKeyType":1,"closed":-1,"used":1735085024738,"created":1735085024738,"remoteIdentityKey":"BV3/aI8bj8Qz0qpHzGGUsH0xjQ7eF22lbtaR4z9LbNZm"},"_chains":{"BagAuFCR1ZwiOV6R6t/tP+vWAPayADdMNb56rPMfRVlk":{"chainKey":{"counter":0,"key":"0wprpTq9QmGMyc//mQB6+nrQpAcUEU3Zk65PbHvKEko="},"chainType":1,"messageKeys":{}}},"pendingPreKey":{"signedKeyId":14,"baseKey":"Bf74uOy9SCc3UfWARDT1c5NO4w4TPFKJpTaxsWh1pRkn","preKeyId":7456017}}},"version":"v1"}