{"_sessions":{"BVHNrssFeo166QzWAWrBhf0K4N50GlJi82Kstck4eeMu":{"registrationId":912760221,"currentRatchet":{"ephemeralKeyPair":{"pubKey":"BRCJcCNNfAkNtxAZaCi16op4/b6tn/V3stghW0p7sx8C","privKey":"oH8byjDS+qwsq+OEQeD4hirgUNL+z0xpdxG2mGwv724="},"lastRemoteEphemeralKey":"BdNlKd5EQ+O+ghSNxzHcuvycrIq6Zgqj1BNpbnixqGFW","previousCounter":0,"rootKey":"sTDdE9IA7v9vuuvq69fFanMoEJ6VyEgLB9sekyhfo3s="},"indexInfo":{"baseKey":"BVHNrssFeo166QzWAWrBhf0K4N50GlJi82Kstck4eeMu","baseKeyType":1,"closed":-1,"used":1735085000814,"created":1735085000814,"remoteIdentityKey":"BWvrbxj6Uop9CxjqwGGmT8CoZxB5hHaiYdCcGdfim24Q"},"_chains":{"BRCJcCNNfAkNtxAZaCi16op4/b6tn/V3stghW0p7sx8C":{"chainKey":{"counter":0,"key":"s3WQnwJqtR5PDgV9WSoFnU8UH++yb5XAgFrpyDHX/Zw="},"chainType":1,"messageKeys":{}}},"pendingPreKey":{"signedKeyId":5,"baseKey":"BVHNrssFeo166QzWAWrBhf0K4N50GlJi82Kstck4eeMu","preKeyId":4728481}}},"version":"v1"}