{"_sessions":{"Bej+q8xcnQBUvFrtNsF21h9NbJNbW4zo3H5FxzITqDoC":{"registrationId":778131844,"currentRatchet":{"ephemeralKeyPair":{"pubKey":"BWYymOEtoZCHBpBxUmrrKeMpmmoUjILbbqYxRcS5vK9H","privKey":"mCpNjpVWBWkgG9sfIRtJhvRipsW1KMBlGi4dQcAHRmc="},"lastRemoteEphemeralKey":"BbvPQ0C/3FAqLU7iBeCk5XpLnm9fDBnQs2AARozkE5FE","previousCounter":0,"rootKey":"nzNca8pzqFF4SKJvrKmwaCJDAjjWN9r7bSwyBn14WhY="},"indexInfo":{"baseKey":"Bej+q8xcnQBUvFrtNsF21h9NbJNbW4zo3H5FxzITqDoC","baseKeyType":1,"closed":-1,"used":1735085009916,"created":1735085009916,"remoteIdentityKey":"BTpl3dJ7muFk+GFmIlOigh93Bp+R01Fri+ZcU2gRW9IL"},"_chains":{"BWYymOEtoZCHBpBxUmrrKeMpmmoUjILbbqYxRcS5vK9H":{"chainKey":{"counter":0,"key":"VLQtt0uoQ3ETFxQ5gsT+WXVE0/4btJUz9+1uWYaGPZ0="},"chainType":1,"messageKeys":{}}},"pendingPreKey":{"signedKeyId":13,"baseKey":"Bej+q8xcnQBUvFrtNsF21h9NbJNbW4zo3H5FxzITqDoC","preKeyId":13791922}}},"version":"v1"}