{"_sessions":{"Bb521I0kjo1LZTWi5l1FmDpmbts+lGtHkdGcM2uPV21c":{"registrationId":2114912329,"currentRatchet":{"ephemeralKeyPair":{"pubKey":"BS5B6ielh7uG/67y2bfTk8ui8sn6+0dpi7Oy1UxuLSFP","privKey":"+I5RjuUXjU+g+vDKay93atbNXlN8zMh7gStZce6kVm4="},"lastRemoteEphemeralKey":"BakUjOEERewFCFCM0DsHYrQbAIjUkQmW/192LHnQLAVJ","previousCounter":0,"rootKey":"Ti9ZqJqYbS6ipG0NJO8a763ltW+GzEOpYDsxtpwSg0M="},"indexInfo":{"baseKey":"Bb521I0kjo1LZTWi5l1FmDpmbts+lGtHkdGcM2uPV21c","baseKeyType":1,"closed":-1,"used":1735085000610,"created":1735085000610,"remoteIdentityKey":"BV9KOGEj8dVW2HMAzIL6B62QiEwVSTvBjoNv5wy5UYk1"},"_chains":{"BS5B6ielh7uG/67y2bfTk8ui8sn6+0dpi7Oy1UxuLSFP":{"chainKey":{"counter":0,"key":"0XPECozvwntm5ksRyBKYBNO9vPCms6b+GAWe9RcDDPQ="},"chainType":1,"messageKeys":{}}},"pendingPreKey":{"signedKeyId":10,"baseKey":"Bb521I0kjo1LZTWi5l1FmDpmbts+lGtHkdGcM2uPV21c","preKeyId":10853942}}},"version":"v1"}