{"_sessions":{"BdmU8gvrc2RN0jdva/NtgRYIGUbiaiLGL3QMAjVL+SdV":{"registrationId":1431633012,"currentRatchet":{"ephemeralKeyPair":{"pubKey":"BaCBPFiZ9NjLGnpdvP1SBM2TuTbRXsZQdZxazKiv++UF","privKey":"2LW/jNiAqyKh/KHynsvQsamnr5chmPrFTiSXWVPa3lA="},"lastRemoteEphemeralKey":"BU4t1N+PHTapCGovQT7OALKIme9JXkGkaJRe/iXfSY9L","previousCounter":0,"rootKey":"gQ175M6O1hayOMSEkEdpI9x69qHO2ZOEuvJQU0vG+5o="},"indexInfo":{"baseKey":"BdmU8gvrc2RN0jdva/NtgRYIGUbiaiLGL3QMAjVL+SdV","baseKeyType":1,"closed":-1,"used":1735084994812,"created":1735084994812,"remoteIdentityKey":"BVME+j4iYLHpRGLvSY4GlUy7wHptnQC8bJgjAZv9ta9f"},"_chains":{"BaCBPFiZ9NjLGnpdvP1SBM2TuTbRXsZQdZxazKiv++UF":{"chainKey":{"counter":0,"key":"uh6lag/jHjQ/a5B92g9MV7uq5bRrjbDEUZ3BUwQkh/s="},"chainType":1,"messageKeys":{}}},"pendingPreKey":{"signedKeyId":2,"baseKey":"BdmU8gvrc2RN0jdva/NtgRYIGUbiaiLGL3QMAjVL+SdV","preKeyId":7832559}}},"version":"v1"}