{"_sessions":{"BRnmxvR1N9LkiAFfewshSqTP7209sfZ2wtTWgGU2uT8y":{"registrationId":120942909,"currentRatchet":{"ephemeralKeyPair":{"pubKey":"BeSQtyG1Xl7WLWTPLUmxDpgukPVtXFBDxOtcqL8WzO80","privKey":"AC63QlxcCnRxdZ5QWERDjpvGah+7YF3ed15hCyjwN30="},"lastRemoteEphemeralKey":"BUW+JCF23Ruyl6nith52vRmtpBXk/tEPH7OtM0nRlrFY","previousCounter":0,"rootKey":"Ip1X1a+tPWVORBRK2JgGxkmtm0yg0kjRZMk2XN/SZWk="},"indexInfo":{"baseKey":"BRnmxvR1N9LkiAFfewshSqTP7209sfZ2wtTWgGU2uT8y","baseKeyType":1,"closed":-1,"used":1735085021793,"created":1735085021793,"remoteIdentityKey":"BRp1xHmg/4gFAKBISqbffVBNl1Q8dn/SDd42gAhIsCk8"},"_chains":{"BeSQtyG1Xl7WLWTPLUmxDpgukPVtXFBDxOtcqL8WzO80":{"chainKey":{"counter":0,"key":"cuOSO5X0Dv1zVD3BizAoA1zsNteZ6sYJwu6dSHugewU="},"chainType":1,"messageKeys":{}}},"pendingPreKey":{"signedKeyId":9,"baseKey":"BRnmxvR1N9LkiAFfewshSqTP7209sfZ2wtTWgGU2uT8y","preKeyId":14590458}}},"version":"v1"}