{"_sessions":{"BWOW6P8i8dWyX1tsRvMTaQeyJ5qaAWZ0g33kKlRuTupv":{"registrationId":1577236438,"currentRatchet":{"ephemeralKeyPair":{"pubKey":"BUDhTlNFwEZRuC8GyRN6OOUtvJ56NEmc1lO3QU1vO/RH","privKey":"SIS5Pap7eGLXyqbaqQLK1oB+oGHIQdMNs9kNPmYaPG8="},"lastRemoteEphemeralKey":"BRgYx5tZc4VaaA8N8LK37dyAOhPUgH8qIXWdBWHkrQYR","previousCounter":0,"rootKey":"KVZluJ6K2GQkDizpqCqQFmD8X62GCRA7edFnkLQoW44="},"indexInfo":{"baseKey":"BWOW6P8i8dWyX1tsRvMTaQeyJ5qaAWZ0g33kKlRuTupv","baseKeyType":1,"closed":-1,"used":1735085013258,"created":1735085013258,"remoteIdentityKey":"BXERYmMmFDFFKgyDLbm45nROLN+3EvE2ICEWG7GKN48S"},"_chains":{"BUDhTlNFwEZRuC8GyRN6OOUtvJ56NEmc1lO3QU1vO/RH":{"chainKey":{"counter":0,"key":"Z+oui8bMJ5i8gIuhVaO8g3gK2hlF3nWHDtqqCGjbx/Y="},"chainType":1,"messageKeys":{}}},"pendingPreKey":{"signedKeyId":2,"baseKey":"BWOW6P8i8dWyX1tsRvMTaQeyJ5qaAWZ0g33kKlRuTupv","preKeyId":7195247}}},"version":"v1"}