{"_sessions":{"Bese4RMBCGlhrE2aBeukme05L4PYTRBWjQw/UdCrWuFX":{"registrationId":1352549425,"currentRatchet":{"ephemeralKeyPair":{"pubKey":"BSuNmv1jOyeiNWbULoAK+PegwxXoexauoVCv1lsg9Vh9","privKey":"cDdZlHw+sTCgdsjkBX2onDlUScwywYImHsGjjWp2h1g="},"lastRemoteEphemeralKey":"BdMzwFYkXyy9z0KRpkCkIJIKe7VfuvobKxMXOrwgY/NS","previousCounter":0,"rootKey":"Ua5yQfvFoxwbELKe8tSGE/fPUcm83UVpuj4Fs9aq9QM="},"indexInfo":{"baseKey":"Bese4RMBCGlhrE2aBeukme05L4PYTRBWjQw/UdCrWuFX","baseKeyType":1,"closed":-1,"used":1735084991458,"created":1735084991458,"remoteIdentityKey":"Bb6L08Ib//vSp+wKcEZ+8QNZSoR15YPrREzA2wJeehox"},"_chains":{"BSuNmv1jOyeiNWbULoAK+PegwxXoexauoVCv1lsg9Vh9":{"chainKey":{"counter":0,"key":"oy0BrO1rV/ZfODKJm+nNm3njwAyjq8KahCqG/78Xiog="},"chainType":1,"messageKeys":{}}},"pendingPreKey":{"signedKeyId":4,"baseKey":"Bese4RMBCGlhrE2aBeukme05L4PYTRBWjQw/UdCrWuFX","preKeyId":7750480}}},"version":"v1"}