{"_sessions":{"BZJpUVZXh6nJKerZy4zdo/m8KPy+yG30mroHaIfZKFZn":{"registrationId":14166,"currentRatchet":{"ephemeralKeyPair":{"pubKey":"BcAz0RFHvVwsk62e45r+hzOaLDtmsBSsx9nSi/oRXGVo","privKey":"8I/CSPr6/wBnF/aeYelEmSB0dbYJBllQ/p5RknyKfEM="},"lastRemoteEphemeralKey":"BVVXB8Oo2zKuzaq+IpiOkkTjhxMGBEXXp9Z//P4HcSFn","previousCounter":0,"rootKey":"nLTCXrcyf6p6X/b/aW8ZCBUZDLXrR1w5WfPgFa2G1+M="},"indexInfo":{"baseKey":"BZJpUVZXh6nJKerZy4zdo/m8KPy+yG30mroHaIfZKFZn","baseKeyType":1,"closed":-1,"used":1735084988311,"created":1735084988311,"remoteIdentityKey":"Bd3wtakbUF/O0R52D0jXhvbSe45F/cm5Fy5ULkJ6/Awz"},"_chains":{"BcAz0RFHvVwsk62e45r+hzOaLDtmsBSsx9nSi/oRXGVo":{"chainKey":{"counter":0,"key":"HEOQov8Ypg+k8eeBmoyRbWgO01yqcRfBhFmQcIYQcJY="},"chainType":1,"messageKeys":{}}},"pendingPreKey":{"signedKeyId":1,"baseKey":"BZJpUVZXh6nJKerZy4zdo/m8KPy+yG30mroHaIfZKFZn"}}},"version":"v1"}