{"_sessions":{"BV0WDPGHsuELFK2Z+z0npI4mqnfACzAV0sBuICW7Zfp0":{"registrationId":697288079,"currentRatchet":{"ephemeralKeyPair":{"pubKey":"BbcSFtr8+58770iMJdsQ4w6zVSd2WgaCHlZSFfEulgNf","privKey":"IPegWPDgNfu/Pl8sL6iL0LB5kK2e7HRQ/2HQelu072M="},"lastRemoteEphemeralKey":"BUiALzypRF39sqvhQeVHODMPeztYa/ZLbr2ou+/lvPkD","previousCounter":0,"rootKey":"PwlHpAf8s2o5LIrRsgfB/9ffQ0I8A+7k4euNuC1gmCw="},"indexInfo":{"baseKey":"BV0WDPGHsuELFK2Z+z0npI4mqnfACzAV0sBuICW7Zfp0","baseKeyType":1,"closed":-1,"used":1738371135376,"created":1738371135376,"remoteIdentityKey":"BaJfSlUvQIY0uqRnWv6h9M1naoU6tq2XFzpS2ZgSzuBv"},"_chains":{"BbcSFtr8+58770iMJdsQ4w6zVSd2WgaCHlZSFfEulgNf":{"chainKey":{"counter":0,"key":"oQHpt8KIUrunFbd0hf8p1nhL/e2/wk4X6MtVMnBwrME="},"chainType":1,"messageKeys":{}}},"pendingPreKey":{"signedKeyId":16294232,"baseKey":"BV0WDPGHsuELFK2Z+z0npI4mqnfACzAV0sBuICW7Zfp0","preKeyId":131}}},"version":"v1"}