{"_sessions":{"Bb3YjJyiL62AlBu0YuGg5Dd0F4Dm2VzRL8ENX59wMrFF":{"registrationId":382154603,"currentRatchet":{"ephemeralKeyPair":{"pubKey":"BWwvm17ZlPA+KulpuyxjHL6hF84jyx3XhZ8eSwQnb1Iy","privKey":"+IzgXtjliHjil6in4vuTbYFicaWmtfhI44hOSxu45HE="},"lastRemoteEphemeralKey":"BcCodfDNb4xJrY1tegj/wxT8wyTjXNb47wo/Q62TGKYI","previousCounter":0,"rootKey":"7U+OCJjgZ++43pAbBEo4HcFLX018YrQlc9LDsFajOmw="},"indexInfo":{"baseKey":"Bb3YjJyiL62AlBu0YuGg5Dd0F4Dm2VzRL8ENX59wMrFF","baseKeyType":1,"closed":-1,"used":1735085003768,"created":1735085003768,"remoteIdentityKey":"BRFuAJ67r8vFfHfldVt5bI4d0/csNSwe1UlfQxBSnIg3"},"_chains":{"BWwvm17ZlPA+KulpuyxjHL6hF84jyx3XhZ8eSwQnb1Iy":{"chainKey":{"counter":0,"key":"NKCxyQ0BDHgIaz59leuAr88+QiyKSnxhtox9Nh8lTuI="},"chainType":1,"messageKeys":{}}},"pendingPreKey":{"signedKeyId":16,"baseKey":"Bb3YjJyiL62AlBu0YuGg5Dd0F4Dm2VzRL8ENX59wMrFF","preKeyId":4365896}}},"version":"v1"}