{"_sessions":{"BWR+CrfVGtXShzFq2z6lFt+vL7aHWEzmk+KcO4P5YUVI":{"registrationId":1888075901,"currentRatchet":{"ephemeralKeyPair":{"pubKey":"BRHhNMBXnbFhgV6A7MWkNooutDIsZyOyWT3+B3+chJks","privKey":"mFZWXhKmR+H/jtCveRSa27t6p4UYRam7jW1FaDPIh0M="},"lastRemoteEphemeralKey":"BcfGf1muToIsCZyaIie03nNFJuaNQl+5dQnXfnbOFQ53","previousCounter":0,"rootKey":"egmbXhQXQp/PWSYGqlvQrMMIkpC1LnWDAiK5wu6VOdI="},"indexInfo":{"baseKey":"BWR+CrfVGtXShzFq2z6lFt+vL7aHWEzmk+KcO4P5YUVI","baseKeyType":1,"closed":-1,"used":1735523540719,"created":1735523540719,"remoteIdentityKey":"BaeVwN1M1yIv8DMDty7DPioDQL8E009supCIE+/byNg5"},"_chains":{"BRHhNMBXnbFhgV6A7MWkNooutDIsZyOyWT3+B3+chJks":{"chainKey":{"counter":0,"key":"n6hNeu39zoggitndbsWDsaJc38fS8AlmmQmxZxZ/7wo="},"chainType":1,"messageKeys":{}}},"pendingPreKey":{"signedKeyId":0,"baseKey":"BWR+CrfVGtXShzFq2z6lFt+vL7aHWEzmk+KcO4P5YUVI","preKeyId":15153929}}},"version":"v1"}