{"_sessions":{"BSFz7EEzd7x7wPmN/B9sDxi9F18jWZFya14eDumapoJQ":{"registrationId":1838079322,"currentRatchet":{"ephemeralKeyPair":{"pubKey":"BbOu4ssPw0k+SN1sTk5uC1EU75RLxWtoRbNjknwfMR0e","privKey":"QGnTl1mjNCDs8s95hIvV4pezA/2Cu2WwbSMaW+4/EmY="},"lastRemoteEphemeralKey":"BcOfh6PISaFz9dtkkDPcK96WTK7j1D51su86zMNKlX93","previousCounter":0,"rootKey":"ylcylILpxhr+DdOeDoJJCrQtVhtCCjrFTJ3U9ufr8Gg="},"indexInfo":{"baseKey":"BSFz7EEzd7x7wPmN/B9sDxi9F18jWZFya14eDumapoJQ","baseKeyType":1,"closed":-1,"used":1735084998201,"created":1735084998201,"remoteIdentityKey":"BYtYnEYrB5BFWWpT+dflgEMTn7vamjk4XfFCL2L47UBe"},"_chains":{"BbOu4ssPw0k+SN1sTk5uC1EU75RLxWtoRbNjknwfMR0e":{"chainKey":{"counter":0,"key":"TVhswLCoLGTHsFGaj/MrW4luuXY9CVpY8M4kbCe5ADk="},"chainType":1,"messageKeys":{}}},"pendingPreKey":{"signedKeyId":4,"baseKey":"BSFz7EEzd7x7wPmN/B9sDxi9F18jWZFya14eDumapoJQ"}}},"version":"v1"}