{"_sessions":{"BSxdfAIy2MunxsxeVk3RT9kUBbdlOVf3NDtgxslg+R4x":{"registrationId":91963125,"currentRatchet":{"ephemeralKeyPair":{"pubKey":"BW20ZXnpN4vc8JjTuM6Reir3Gk0Q7qg9DdbN5JBc+OFy","privKey":"0JMdoa0As7nGNbm3EhBBFeGXCfKBRcur5YWB4Ctim0Q="},"lastRemoteEphemeralKey":"BY49aANtgz8Y58bZXB/+u1VW3Rm9vPHQmmPQp8G2G34w","previousCounter":0,"rootKey":"h1mbvVCt9lP13s1cwaHJ99M/z+V3tAOD8HLSOeQSOrk="},"indexInfo":{"baseKey":"BSxdfAIy2MunxsxeVk3RT9kUBbdlOVf3NDtgxslg+R4x","baseKeyType":1,"closed":-1,"used":1735085016092,"created":1735085016092,"remoteIdentityKey":"BaxmlwQI39lgPSY9I8mZl1f/UEM/bAYY8eke0Ecf4Fxq"},"_chains":{"BW20ZXnpN4vc8JjTuM6Reir3Gk0Q7qg9DdbN5JBc+OFy":{"chainKey":{"counter":0,"key":"qgvETb5+JkxSPYD21/M1xdXHSWQPh4ENXc+SnKCm6Fc="},"chainType":1,"messageKeys":{}}},"pendingPreKey":{"signedKeyId":0,"baseKey":"BSxdfAIy2MunxsxeVk3RT9kUBbdlOVf3NDtgxslg+R4x","preKeyId":12554255}}},"version":"v1"}