{"_sessions":{"BRn000jqPO1AQeUKimuruqEeukeUrXCzuLNjpbQ9two1":{"registrationId":9565,"currentRatchet":{"ephemeralKeyPair":{"pubKey":"Bez9jRj38kPISOnUTAQr+m5d7gjNN1P3m2FWEZLG7AAR","privKey":"+GIAUj3j8+adOowwLT/jZwK9hiww/xvzXF1VW1F1rUE="},"lastRemoteEphemeralKey":"BW3pVYXrTC3jhqZ6Vzm7MsiLTEVx4AqbWf8dWrTeeP9m","previousCounter":0,"rootKey":"eaqcmjaTgOkT8QaXC3BrRIHbEePXFpFoWpJ++wDlh/8="},"indexInfo":{"baseKey":"BRn000jqPO1AQeUKimuruqEeukeUrXCzuLNjpbQ9two1","baseKeyType":1,"closed":-1,"used":1738695067276,"created":1738695067276,"remoteIdentityKey":"BelSsvJ6V6fGNxRSLS5VswEK7kwcnfLue4WytN9shdcW"},"_chains":{"Bez9jRj38kPISOnUTAQr+m5d7gjNN1P3m2FWEZLG7AAR":{"chainKey":{"counter":0,"key":"jiaBbruu05GyWmlD6I1E/j9AfSFs9o6p76bjwvaIDos="},"chainType":1,"messageKeys":{}}},"pendingPreKey":{"signedKeyId":1,"baseKey":"BRn000jqPO1AQeUKimuruqEeukeUrXCzuLNjpbQ9two1","preKeyId":39}}},"version":"v1"}