{"_sessions":{"BfEzt+cLo+g7GO+cUxjnCaV1ZHLChpt9vJ8sDBJoMJs8":{"registrationId":14252,"currentRatchet":{"ephemeralKeyPair":{"pubKey":"BTQ46DCgNySfdtJMDD6WHJ2mCQ2slIgCz9Fm7qLzSmFn","privKey":"mCCb53pGZ4oyP9Nw4haoEp8aPXv/EXfgEUin+hTMk28="},"lastRemoteEphemeralKey":"BRSv44HXimedExYEWwhyNcNZ6wpz98T+DHRnaUHNntJP","previousCounter":0,"rootKey":"AK0rglC1gOPWE4C1eXE9/eUjRqV5ipxMnc5Yh6xB3r8="},"indexInfo":{"baseKey":"BfEzt+cLo+g7GO+cUxjnCaV1ZHLChpt9vJ8sDBJoMJs8","baseKeyType":1,"closed":-1,"used":1738602351422,"created":1738602351422,"remoteIdentityKey":"BWwmmK+F/uiF/Hhk/D4ksFYqGid75HHL87KA5EWziMcX"},"_chains":{"BTQ46DCgNySfdtJMDD6WHJ2mCQ2slIgCz9Fm7qLzSmFn":{"chainKey":{"counter":0,"key":"6Mtd9p70JAtuf056q8r11qwZLoPOkTSoShDVfAFtJlA="},"chainType":1,"messageKeys":{}}},"pendingPreKey":{"signedKeyId":1,"baseKey":"BfEzt+cLo+g7GO+cUxjnCaV1ZHLChpt9vJ8sDBJoMJs8","preKeyId":31}}},"version":"v1"}