{"_sessions":{"BeKQEh7Tpc6BoEWzL/3wyFeVdzXWcsRcYO/+1MpZJagO":{"registrationId":1210,"currentRatchet":{"ephemeralKeyPair":{"pubKey":"BQPN9N3bZ5W+NGAC0F3tdSxfEvHjJD3jUDKX1Fjr6+Jr","privKey":"MDEC/vnGhejuIEj94EwRgTqHa8JXj84KNhUDLSTrXU8="},"lastRemoteEphemeralKey":"BVI0D2MVWUbxbvRzVd8BF1aW0PY3c4cbvSdb2O6YLe5F","previousCounter":0,"rootKey":"hFBrzaYInkQK5gKK3q2N6pPjkK2Z0LGkve5PseLZMuw="},"indexInfo":{"baseKey":"BeKQEh7Tpc6BoEWzL/3wyFeVdzXWcsRcYO/+1MpZJagO","baseKeyType":1,"closed":-1,"used":1738864720483,"created":1738864720483,"remoteIdentityKey":"BSXhQ+ypimitab1nRUdUnvYm0owOBp1bSNzcFKoEojkR"},"_chains":{"BQPN9N3bZ5W+NGAC0F3tdSxfEvHjJD3jUDKX1Fjr6+Jr":{"chainKey":{"counter":0,"key":"m58tMEIM8B3f8GRfOwhWPTms2UVJsPN46Fd0wIP2jFM="},"chainType":1,"messageKeys":{}}},"pendingPreKey":{"signedKeyId":1,"baseKey":"BeKQEh7Tpc6BoEWzL/3wyFeVdzXWcsRcYO/+1MpZJagO","preKeyId":656}}},"version":"v1"}