{"_sessions":{"Bc6JGT0SZDDxu9H7I31MjauzTJX4SpTCyjBco5x1JE97":{"registrationId":3245,"currentRatchet":{"ephemeralKeyPair":{"pubKey":"BUDuC28W4YPR74qT9ztoVKbb4NVdmXkRzJfZYQAUqehZ","privKey":"kGY0YUrLSphbYUId92+TBx4/yohIbnaZeKFo35iJckM="},"lastRemoteEphemeralKey":"BV5fxqdGEtAjAvRLbvVy+BntclI73qJgffG0YMpMF5dj","previousCounter":0,"rootKey":"+SZvWOUSOA7RoRAOxKNtZwceI6/UhUZF/qKir9X+qaU="},"indexInfo":{"baseKey":"Bc6JGT0SZDDxu9H7I31MjauzTJX4SpTCyjBco5x1JE97","baseKeyType":1,"closed":-1,"used":1739015971134,"created":1739015971134,"remoteIdentityKey":"BYuYMVCnhFGeyqJ3Aqt5PcUs7gqiOr05MMWG3mdtm3x2"},"_chains":{"BUDuC28W4YPR74qT9ztoVKbb4NVdmXkRzJfZYQAUqehZ":{"chainKey":{"counter":0,"key":"/gpAi/DMuhEfXzdjaEnf3r3Aub+wYJ3AH7MS0DsSEDM="},"chainType":1,"messageKeys":{}}},"pendingPreKey":{"signedKeyId":1,"baseKey":"Bc6JGT0SZDDxu9H7I31MjauzTJX4SpTCyjBco5x1JE97"}}},"version":"v1"}