{"_sessions":{"BQBPvqTJNjwGhVNjl0czQuYqNhrgolrYSORrKaZxUuNL":{"registrationId":3862,"currentRatchet":{"ephemeralKeyPair":{"pubKey":"BbItwdZSykfaYdF6OqceWLoYmdvQ2XSZNk8CuUA6fc4G","privKey":"MPn6QmQ4gqagfv7jY0vw4gjjaapHWU5jwJUdDHLhinE="},"lastRemoteEphemeralKey":"BQ/G388uXvhP2W8DRouwk9w0R9JCfdJ2yE2F9ogGwzl7","previousCounter":0,"rootKey":"T9P2KtFYEY3n3tH0Ji8trGAMNRb7tlQqp3ppatW7gdA="},"indexInfo":{"baseKey":"BQBPvqTJNjwGhVNjl0czQuYqNhrgolrYSORrKaZxUuNL","baseKeyType":1,"closed":-1,"used":1738616825552,"created":1738616825552,"remoteIdentityKey":"BXJzsMcxnxR9BgE/DmZyMinUWfUdutKs9yv8Pi8jq+Q3"},"_chains":{"BbItwdZSykfaYdF6OqceWLoYmdvQ2XSZNk8CuUA6fc4G":{"chainKey":{"counter":0,"key":"uRb3FgEbYU90m/bR6M1PEWUccFFMHxMTBsYDloOEa0M="},"chainType":1,"messageKeys":{}}},"pendingPreKey":{"signedKeyId":1,"baseKey":"BQBPvqTJNjwGhVNjl0czQuYqNhrgolrYSORrKaZxUuNL","preKeyId":23}}},"version":"v1"}