{"_sessions":{"Bc4+k4q+UWIr+IycwRYtUmO1yDCLigBpvDr5IOGzStIf":{"registrationId":7248,"currentRatchet":{"ephemeralKeyPair":{"pubKey":"BTnNpqscn62THA3S/AQymPIl68ThOSp9W1w19fZNeHwu","privKey":"kAJQuQpA4b24vnmMm8GRy9h9KZ4ZmWE26gGbRDs5G2w="},"lastRemoteEphemeralKey":"BYiYzv+scpJkF3WK3pNxDVFNA37dObHNQQk277e+Jqos","previousCounter":0,"rootKey":"6Qz7XGtBHrhziniSroPjr+Grk8FJz99LuabVjj+5KRo="},"indexInfo":{"baseKey":"Bc4+k4q+UWIr+IycwRYtUmO1yDCLigBpvDr5IOGzStIf","baseKeyType":1,"closed":-1,"used":1735084997808,"created":1735084997808,"remoteIdentityKey":"BbaFyVIWUmWppWzSBmYQR9zrkvs/yZ7G+iWStN4UkSUy"},"_chains":{"BTnNpqscn62THA3S/AQymPIl68ThOSp9W1w19fZNeHwu":{"chainKey":{"counter":0,"key":"OM9fxDwTw3M+bRD2nYoW2bzGC4GX4F0duyKAhf36Ig0="},"chainType":1,"messageKeys":{}}},"pendingPreKey":{"signedKeyId":1,"baseKey":"Bc4+k4q+UWIr+IycwRYtUmO1yDCLigBpvDr5IOGzStIf"}}},"version":"v1"}