{"_sessions":{"BS+9x3bL+n7+onawaKD2/+SVIr/cOPZ/hosdHDVUC5Ie":{"registrationId":1074896345,"currentRatchet":{"ephemeralKeyPair":{"pubKey":"BWGWETynzq6/ncFsa1hY1j99M6Y5+e94C8onCbp9Z21v","privKey":"6GzW/ZRF4Q1Wp6sfvVfiX9x7cvwRNzD/md86VM6BV3M="},"lastRemoteEphemeralKey":"BQjGLsxufKZU/PiuDG50nFTf79kCRSVrtujCDCCSuWdH","previousCounter":0,"rootKey":"A4wtNrmHUOseqBAejv7P8sonTHgzGS9cBTVGq6M0Pd4="},"indexInfo":{"baseKey":"BS+9x3bL+n7+onawaKD2/+SVIr/cOPZ/hosdHDVUC5Ie","baseKeyType":1,"closed":-1,"used":1735085015834,"created":1735085015834,"remoteIdentityKey":"BTsKVGGqoD4lIxpAkQTAAkForo2ytC6b2p04FmKZBvx5"},"_chains":{"BWGWETynzq6/ncFsa1hY1j99M6Y5+e94C8onCbp9Z21v":{"chainKey":{"counter":0,"key":"e7eDHhgv1rsthKeEU13pvZ+Cf/5U/I1hzx/k7pwihdA="},"chainType":1,"messageKeys":{}}},"pendingPreKey":{"signedKeyId":18,"baseKey":"BS+9x3bL+n7+onawaKD2/+SVIr/cOPZ/hosdHDVUC5Ie","preKeyId":5160170}}},"version":"v1"}