{"_sessions":{"BWkd/Gav7sYfFCCAjHfaOkZUumkGIRFtCx8yDNPyOogh":{"registrationId":1553878668,"currentRatchet":{"ephemeralKeyPair":{"pubKey":"BWm6HBEE5myzQSn2QFjVvqNMAggOPkwOVsAjfhF24m9H","privKey":"+M9lSrdtORfasYoGzHcwqA0+ul1MNS24pbSUBDwo+Vs="},"lastRemoteEphemeralKey":"BY0DiKCp5pDkgFlbaQuz0qHE3DVOrwWJw493rZcdjQwS","previousCounter":0,"rootKey":"bFn4Nw8nkkPbxCUtHNo6Q25XGvCp3JPCeNl8+eQyJjE="},"indexInfo":{"baseKey":"BWkd/Gav7sYfFCCAjHfaOkZUumkGIRFtCx8yDNPyOogh","baseKeyType":1,"closed":-1,"used":1735085027949,"created":1735085027949,"remoteIdentityKey":"BY+HbZ7k2mOyuT0CI/9Hbpc+WBPoMiqy1MOeM4u62m4i"},"_chains":{"BWm6HBEE5myzQSn2QFjVvqNMAggOPkwOVsAjfhF24m9H":{"chainKey":{"counter":0,"key":"Knseqnu8R4DGUaRQHqaltm+/vCf5WS3uRKdt38Ra83U="},"chainType":1,"messageKeys":{}}},"pendingPreKey":{"signedKeyId":5,"baseKey":"BWkd/Gav7sYfFCCAjHfaOkZUumkGIRFtCx8yDNPyOogh","preKeyId":6961252}}},"version":"v1"}