{"_sessions":{"BS9+8ShrJPD8RZ0uMipO6LLEvD1X+JCT//LkIZjqY2Ql":{"registrationId":1146693763,"currentRatchet":{"ephemeralKeyPair":{"pubKey":"Bef0tGDc3XqWIoHJolSjkeshbO87Lqat99oq/D2naW8X","privKey":"mAONrZoaS6LYkrrrrw4urBwTAuxYLzyXFs2/uqPEJ2M="},"lastRemoteEphemeralKey":"BRO0uHrhD4YrVwMG/n9GtW58dR1KsL475d4z8a5xb5lP","previousCounter":0,"rootKey":"QD8FoSSmwdZRETqVm6iFis1QB58ebeOvDbut5PTvVAk="},"indexInfo":{"baseKey":"BS9+8ShrJPD8RZ0uMipO6LLEvD1X+JCT//LkIZjqY2Ql","baseKeyType":1,"closed":-1,"used":1735085004151,"created":1735085004151,"remoteIdentityKey":"Ba0H12wJfbbgRZjT51vDpUzsR/kisQesBxtm3uiEgd92"},"_chains":{"Bef0tGDc3XqWIoHJolSjkeshbO87Lqat99oq/D2naW8X":{"chainKey":{"counter":0,"key":"IvVo57yRlkemZviqbZ8z9/eMB/Cl2Bjmkd7fl4rva9s="},"chainType":1,"messageKeys":{}}},"pendingPreKey":{"signedKeyId":16,"baseKey":"BS9+8ShrJPD8RZ0uMipO6LLEvD1X+JCT//LkIZjqY2Ql","preKeyId":9752002}}},"version":"v1"}