{"_sessions":{"BYWlRdvreUZb4TOADinPeu/PIIA4dV76zKCyub4Y+eJd":{"registrationId":8671,"currentRatchet":{"ephemeralKeyPair":{"pubKey":"Be6IS+NyoHBr4m/hH9yM4ZOYAUCOsXZwcG/AbswImvoE","privKey":"EPxFwqZ4ATKAkRN/i5CzERPMhDjoZwHHPtpFfqUjJEg="},"lastRemoteEphemeralKey":"BZtChPFAclgQVmgBH23CNmiGBwILUNTqNGkVuR83Cd8+","previousCounter":0,"rootKey":"Eoxvs8ZVYpLpUxty33Ww5SwecRkjPOo2sd5VW2p/Jrs="},"indexInfo":{"baseKey":"BYWlRdvreUZb4TOADinPeu/PIIA4dV76zKCyub4Y+eJd","baseKeyType":1,"closed":-1,"used":1735084998000,"created":1735084998000,"remoteIdentityKey":"BZJIWhKs0/9DWkq8e97HqqWMtsBRgAcORLlSiMjJGxxN"},"_chains":{"Be6IS+NyoHBr4m/hH9yM4ZOYAUCOsXZwcG/AbswImvoE":{"chainKey":{"counter":0,"key":"MdlOw/v3jZ2IMEwXB8XRlXtg/g9Ukf+6hk9cDu45Ij4="},"chainType":1,"messageKeys":{}}},"pendingPreKey":{"signedKeyId":1,"baseKey":"BYWlRdvreUZb4TOADinPeu/PIIA4dV76zKCyub4Y+eJd"}}},"version":"v1"}