{"_sessions":{"BdEqq4DlHSMPpPUzkCEGObAZ1PXVI0WF7ElU46IDpf90":{"registrationId":14605,"currentRatchet":{"ephemeralKeyPair":{"pubKey":"BUTQfibd45YlUvoMArx/BI42PSxrpx0BgUYoXrtQS6EA","privKey":"MMM1Bk2Xv+PJbzxpBz++kciMdBYZCOEXiNl8B0sDyE4="},"lastRemoteEphemeralKey":"BXNEvc93Qg8kQMMrPJiO2H5kmlfiCEVQxysC3U7mkcJr","previousCounter":0,"rootKey":"uOraJONC9kJXUgN/kjEfTvw1YeomuCoI0z+EH6mUHUM="},"indexInfo":{"baseKey":"BdEqq4DlHSMPpPUzkCEGObAZ1PXVI0WF7ElU46IDpf90","baseKeyType":1,"closed":-1,"used":1738723429275,"created":1738723429275,"remoteIdentityKey":"BTyMl1ZE8wPsfU5+5wyeybbyL0eHP2M6q7kHJBz8/N48"},"_chains":{"BUTQfibd45YlUvoMArx/BI42PSxrpx0BgUYoXrtQS6EA":{"chainKey":{"counter":0,"key":"U/zu03aHhRZr6WDhMeGkcPqPzjUGPlpVYd7uBrW5Mws="},"chainType":1,"messageKeys":{}}},"pendingPreKey":{"signedKeyId":1,"baseKey":"BdEqq4DlHSMPpPUzkCEGObAZ1PXVI0WF7ElU46IDpf90","preKeyId":6}}},"version":"v1"}