{"_sessions":{"BTdXwtfwkSuf0jau2pItrTgMUJmV5qg0URCIzogghgUt":{"registrationId":21552510,"currentRatchet":{"ephemeralKeyPair":{"pubKey":"Bcp3bZj+hjzND9KrTBTBgY84ki9qCEsUbFlH9AQA6NRw","privKey":"YCWq5TyzMyoF5IAPisCr1Uvcp3pF5RbXmOb1Nz5xT00="},"lastRemoteEphemeralKey":"BXK3ptlZr03te/FlO/sOt8w/Z9I7v+ukuGXh0/3VJygi","previousCounter":0,"rootKey":"MNGOwcDhci1YSBs8SlqqUOXqNyf/5IZ5xOykQgWqGI4="},"indexInfo":{"baseKey":"BTdXwtfwkSuf0jau2pItrTgMUJmV5qg0URCIzogghgUt","baseKeyType":1,"closed":-1,"used":1735085009571,"created":1735085009571,"remoteIdentityKey":"BeWE7Xl3Mk5B3vHxCNGCLVkztpYPLVM1IE7OJmcjAKxh"},"_chains":{"Bcp3bZj+hjzND9KrTBTBgY84ki9qCEsUbFlH9AQA6NRw":{"chainKey":{"counter":0,"key":"Pv1h9Bz4dd5Hh5h10lGRewIm7RezriuJkYC7OER4pV4="},"chainType":1,"messageKeys":{}}},"pendingPreKey":{"signedKeyId":10,"baseKey":"BTdXwtfwkSuf0jau2pItrTgMUJmV5qg0URCIzogghgUt","preKeyId":13547217}}},"version":"v1"}