{"_sessions":{"BciEYKfQqLYflP7Xxtyt7JWFb1G5PGXi2gjfM/y0Gwxp":{"registrationId":13530,"currentRatchet":{"ephemeralKeyPair":{"pubKey":"BXIeK3J2BRterv4YvsdxoGRjrhFhdanoZPQjrLjSvBVz","privKey":"KKBO23hMK0mCX28TlZvxNwG6xvz4gLD3HPRQkHgc4Ec="},"lastRemoteEphemeralKey":"BRDlm4VfAv23AFHIji52LOySOHSSIZ9eeNvHroeIynN1","previousCounter":0,"rootKey":"ueREaSU/W1hL1stcYpgplHugTYwwNaDLcxD6OBMLU0s="},"indexInfo":{"baseKey":"BciEYKfQqLYflP7Xxtyt7JWFb1G5PGXi2gjfM/y0Gwxp","baseKeyType":1,"closed":-1,"used":1735084991176,"created":1735084991176,"remoteIdentityKey":"BeNssD22ovc8r6E7aPjPdLqXeiuQ91BsXUXcnUDYH39x"},"_chains":{"BXIeK3J2BRterv4YvsdxoGRjrhFhdanoZPQjrLjSvBVz":{"chainKey":{"counter":0,"key":"bcahv4DQoWQVAWwKdEoQY43/Ogg26HzhZgOgcZhxmOk="},"chainType":1,"messageKeys":{}}},"pendingPreKey":{"signedKeyId":1,"baseKey":"BciEYKfQqLYflP7Xxtyt7JWFb1G5PGXi2gjfM/y0Gwxp"}}},"version":"v1"}