{"_sessions":{"BS69u1Ug+SI+KIUjLYr0kMVbZO/X5O0Ckpm0LR340MVq":{"registrationId":1818531885,"currentRatchet":{"ephemeralKeyPair":{"pubKey":"BQvssDMng1EsttEqUFCL+2RKjjrF3tKraBbSfpIhN79I","privKey":"qPGwcYWUFqSbyfR+H+cM2doOtTxHg7R7JdazDWbzN20="},"lastRemoteEphemeralKey":"BRKWxtuEBiwJh9izzXhPuHSQhdhGEGPoId7V8zVU/D19","previousCounter":0,"rootKey":"G/hYheg8ezWppRn6ZJs2uzSWFhXQmkcks+3csZFW4x4="},"indexInfo":{"baseKey":"BS69u1Ug+SI+KIUjLYr0kMVbZO/X5O0Ckpm0LR340MVq","baseKeyType":1,"closed":-1,"used":1735085025231,"created":1735085025231,"remoteIdentityKey":"BY/Wri15gvfd+rZXqIFgS44k47z1np1EIZnT6Iu72lZy"},"_chains":{"BQvssDMng1EsttEqUFCL+2RKjjrF3tKraBbSfpIhN79I":{"chainKey":{"counter":0,"key":"pVGb7GS28kccVtIYkl5l8oh4nQIKK9RSsgEzpyFECYY="},"chainType":1,"messageKeys":{}}},"pendingPreKey":{"signedKeyId":3,"baseKey":"BS69u1Ug+SI+KIUjLYr0kMVbZO/X5O0Ckpm0LR340MVq","preKeyId":1389193}}},"version":"v1"}