{"_sessions":{"BXBvIkRDQPRGsEu897fX+qOjGRt6L/0AxeXvzsmYsWFV":{"registrationId":216729600,"currentRatchet":{"ephemeralKeyPair":{"pubKey":"BRqdfPPUc2YW3zJJhZyVTv766jdYvRnRy5Cd/Z057YZv","privKey":"EPCxJezRZC7trDqd6NyBYHNGc0ZY1Q7nKWoLFCRasG0="},"lastRemoteEphemeralKey":"BctNHda+eP3/7pPNVsG85RhP4w4AACheyP7PIqILzLwC","previousCounter":0,"rootKey":"ORdbi/RRE+UEfe7VShWNreyrfWoj8lnUB+uqYP0sLuM="},"indexInfo":{"baseKey":"BXBvIkRDQPRGsEu897fX+qOjGRt6L/0AxeXvzsmYsWFV","baseKeyType":1,"closed":-1,"used":1735085000512,"created":1735085000512,"remoteIdentityKey":"BahsWHTsq2KabV7iu1tQr4emE9qOt8lgHn5junKZejco"},"_chains":{"BRqdfPPUc2YW3zJJhZyVTv766jdYvRnRy5Cd/Z057YZv":{"chainKey":{"counter":0,"key":"ZP7UNPkZHXYtOGICVgnmzf43ViFKeP/k1X6zeKOPoz8="},"chainType":1,"messageKeys":{}}},"pendingPreKey":{"signedKeyId":6,"baseKey":"BXBvIkRDQPRGsEu897fX+qOjGRt6L/0AxeXvzsmYsWFV","preKeyId":7329284}}},"version":"v1"}