{"_sessions":{"BbrmDKZ2qmgZzdXClh9jfe2y8tLc3UfTZ86rq98XxLMi":{"registrationId":1718343476,"currentRatchet":{"ephemeralKeyPair":{"pubKey":"BfT7l2Zesqsd/0CxQqHNEQWVRX3Yx7eLo3y52Eg8+UJT","privKey":"4PqodmoAA9sFNc0OrX4X+vvwhZXhMdr5yOpnhBLxMF0="},"lastRemoteEphemeralKey":"BVGbLYYF7dzuZ0GFo2Ow0EeZfUB7F7oaMJyhjix3g1IF","previousCounter":0,"rootKey":"deLE7KAs9kOygQDHPv7zB0WCbtAWCyO8Dvq4fCiTu+8="},"indexInfo":{"baseKey":"BbrmDKZ2qmgZzdXClh9jfe2y8tLc3UfTZ86rq98XxLMi","baseKeyType":1,"closed":1738701159989,"used":1735085004234,"created":1735085004234,"remoteIdentityKey":"BZyqF5Jmpq0kiRyD/qNxMUMXMDFeAvK4GIj7NUBb0ucG"},"_chains":{"BfT7l2Zesqsd/0CxQqHNEQWVRX3Yx7eLo3y52Eg8+UJT":{"chainKey":{"counter":0,"key":"/DN8hfSCmxVryZfy8nNK4UR0SdtwCh8WISzNvfIbUAc="},"chainType":1,"messageKeys":{}}},"pendingPreKey":{"signedKeyId":20,"baseKey":"BbrmDKZ2qmgZzdXClh9jfe2y8tLc3UfTZ86rq98XxLMi","preKeyId":10788666}},"BemwjlGH7oSNL7TjpMYw0IML+p5IP8OQGYYv//VSjDB2":{"registrationId":1981634930,"currentRatchet":{"ephemeralKeyPair":{"pubKey":"BdrLEJdXQDsajXKWfRdg6S6Nv545oNladsDese8/gcp+","privKey":"uDZq/g3nV8jpdHOrQziyzo1gaWSATR0NuSGM8ucqGno="},"lastRemoteEphemeralKey":"BWtclubkBoewZ83fS6+hLzzKDoUFNf08OUoiY/pJ7a0W","previousCounter":0,"rootKey":"CRq5Q9WRSBb1/RbUgK0J+kG4Nb/s+4rmuWcIv5F4Uks="},"indexInfo":{"baseKey":"BemwjlGH7oSNL7TjpMYw0IML+p5IP8OQGYYv//VSjDB2","baseKeyType":2,"closed":-1,"used":1738701160004,"created":1738701160004,"remoteIdentityKey":"BVEcsThIIMFaiGq1uGQVZDN+9nGdDzrGDpV6gfTGIDkJ"},"_chains":{"BWtclubkBoewZ83fS6+hLzzKDoUFNf08OUoiY/pJ7a0W":{"chainKey":{"counter":0,"key":"JpFgZ87brlDb+iZFy1OoDIJs7oWK/cjnfRQ7cIXwhGg="},"chainType":2,"messageKeys":{}},"BdrLEJdXQDsajXKWfRdg6S6Nv545oNladsDese8/gcp+":{"chainKey":{"counter":-1,"key":"PJXOorStw8xS4/r96oXg9BiOldZ6tUTVXoOWMIpZiX4="},"chainType":1,"messageKeys":{}}}}},"version":"v1"}