{"_sessions":{"BQHrTEKOBX+Tv1rjJOWCRmLlY0QDszpZmEaDDuw/xehr":{"registrationId":9109,"currentRatchet":{"ephemeralKeyPair":{"pubKey":"BRGdUNfiK/qblO2mEtmN3wYBYFlGVIU1LZ8bg9D2TABP","privKey":"wLgiMZgyQ2LEnwFnWt2Du2rVnYYQUfE3+wEE6D5ubHA="},"lastRemoteEphemeralKey":"BbsdjHDA9pv0YnqZI3xpwNo3+Fz2QIWE4sV3KUiTAD1e","previousCounter":0,"rootKey":"7j6VCr3cs1EzOyr5IyXB8y2gSSFeNtcGwmAKJ5f+7z0="},"indexInfo":{"baseKey":"BQHrTEKOBX+Tv1rjJOWCRmLlY0QDszpZmEaDDuw/xehr","baseKeyType":1,"closed":-1,"used":1735148558246,"created":1735148558246,"remoteIdentityKey":"BSKz9HVKLbGFGkmOznWZMINlx3nBf4l5AyCbx6KfOBlV"},"_chains":{"BRGdUNfiK/qblO2mEtmN3wYBYFlGVIU1LZ8bg9D2TABP":{"chainKey":{"counter":0,"key":"/ffZDb+E39VsJFHLDETptOIRpq/BMD/pb66Bc8K8QNo="},"chainType":1,"messageKeys":{}}},"pendingPreKey":{"signedKeyId":1,"baseKey":"BQHrTEKOBX+Tv1rjJOWCRmLlY0QDszpZmEaDDuw/xehr","preKeyId":127}}},"version":"v1"}