{"_sessions":{"Bfah1rUb/JMGnFDN/pv4zV8tQlL5B0tdTyEE2m+pqkgU":{"registrationId":11869,"currentRatchet":{"ephemeralKeyPair":{"pubKey":"BWMneidh9eWyF0M6jON6E+dHvBGm/6diWOwqDEUYBTsL","privKey":"YBKw6u7LOBdU2qnutjb1S6U7s4GlEZNs3H1dhMD8FFE="},"lastRemoteEphemeralKey":"BQMQ6zWrTtVfIGGc+QkS9ARseMcEE86oazFZz3VarlUq","previousCounter":0,"rootKey":"yVc5Zm/S70haAqhHDvmYHrRZv3FGfQmMidAqw4HvDUM="},"indexInfo":{"baseKey":"Bfah1rUb/JMGnFDN/pv4zV8tQlL5B0tdTyEE2m+pqkgU","baseKeyType":1,"closed":-1,"used":1738382383818,"created":1738382383818,"remoteIdentityKey":"BQdTuLgu0hGfVWoKLhkMUOQIXlP8swJ95+EA/hzw8/db"},"_chains":{"BWMneidh9eWyF0M6jON6E+dHvBGm/6diWOwqDEUYBTsL":{"chainKey":{"counter":0,"key":"nXR44okelUPvDqxsXbg/DB0fYHlc1GkbuqDOSTZG0U4="},"chainType":1,"messageKeys":{}}},"pendingPreKey":{"signedKeyId":1,"baseKey":"Bfah1rUb/JMGnFDN/pv4zV8tQlL5B0tdTyEE2m+pqkgU","preKeyId":98}}},"version":"v1"}