{"_sessions":{"BRnRYOnuzwywwCcD4ORR/ySBtDqDjCcwJD1dARhizDVl":{"registrationId":13205,"currentRatchet":{"ephemeralKeyPair":{"pubKey":"BcWldtDrsj3IQS5pM9qQ/K2olZHAuD5yAYBAoCYpR8ZM","privKey":"ENxNfkPasq78JWPp1cgNcU9ByPApUYdu++1ZgqGQblI="},"lastRemoteEphemeralKey":"BZoYRxaxSSzHvs1KpwGQImkeOm8tSdwWTpPmpvBdw7RP","previousCounter":0,"rootKey":"p2gVPSLEAchCNFnF2mALRrxNEU2yeIqFiRtRLdb2dcA="},"indexInfo":{"baseKey":"BRnRYOnuzwywwCcD4ORR/ySBtDqDjCcwJD1dARhizDVl","baseKeyType":1,"closed":-1,"used":1738622726046,"created":1738622726046,"remoteIdentityKey":"BRsc1AsPO7YOmlzfuMXtZ4aEEJZo5hh/W3A9wb39m1NV"},"_chains":{"BcWldtDrsj3IQS5pM9qQ/K2olZHAuD5yAYBAoCYpR8ZM":{"chainKey":{"counter":0,"key":"trmtW/EybV09Zm7sYO8RtWiEwFARGVJ50EswUn5Ezig="},"chainType":1,"messageKeys":{}}},"pendingPreKey":{"signedKeyId":1,"baseKey":"BRnRYOnuzwywwCcD4ORR/ySBtDqDjCcwJD1dARhizDVl","preKeyId":157}}},"version":"v1"}