{"_sessions":{"BRrf5ECpQZQPZtOJEW4ZrQcplvu3Ey87qLs3Uo7WdtxQ":{"registrationId":6657,"currentRatchet":{"ephemeralKeyPair":{"pubKey":"BexBEtSGBl+BYwqUe+EXeEK8PUn3C/H+JsexH6yNbXta","privKey":"eEhdw4KXHTAT8nYHCFEKNc0sC8Wx7Tkzxla5sjcfgn8="},"lastRemoteEphemeralKey":"BWQD5zGxXjPdG5d/KdEg6igKcr09dSlzWmU+5bb8t3Ji","previousCounter":0,"rootKey":"eQkBxnNFo4TGMCypNEZFkCSK2J9zBPEe9zXSs/6aov4="},"indexInfo":{"baseKey":"BRrf5ECpQZQPZtOJEW4ZrQcplvu3Ey87qLs3Uo7WdtxQ","baseKeyType":1,"closed":-1,"used":1735084998039,"created":1735084998039,"remoteIdentityKey":"BaYs5BolYWsX/tdku8hgAeANi6/j6EXh8+d3g5zUxUlp"},"_chains":{"BexBEtSGBl+BYwqUe+EXeEK8PUn3C/H+JsexH6yNbXta":{"chainKey":{"counter":0,"key":"+BPagEsQi9Es04LhGgdWOpW3bmA8xy7XqXa06HY/Dhk="},"chainType":1,"messageKeys":{}}},"pendingPreKey":{"signedKeyId":2,"baseKey":"BRrf5ECpQZQPZtOJEW4ZrQcplvu3Ey87qLs3Uo7WdtxQ","preKeyId":4180}}},"version":"v1"}