{"_sessions":{"BWDTIK+e0k1vjh4TaJPxiNTmmiflq2lWIpx9qrZl86d9":{"registrationId":862929303,"currentRatchet":{"ephemeralKeyPair":{"pubKey":"BYk4W5j4fmn0IzQHbopOOIyn7ZZynDpPkbNtO77U8w0w","privKey":"2Lt5fWhXKPDgUA9MKfi6KXYP2U1oe+NzAZScaI8a2GQ="},"lastRemoteEphemeralKey":"BTxVEeoWZJSnzKHA3lTRbEf0ZRDFTikb03fSCO4+71FQ","previousCounter":0,"rootKey":"uJ2RJKdB2A7d4sRN1BMoh84yzrPpdSPK8SykknJcFh8="},"indexInfo":{"baseKey":"BWDTIK+e0k1vjh4TaJPxiNTmmiflq2lWIpx9qrZl86d9","baseKeyType":1,"closed":1735085047794,"used":1735085010039,"created":1735085010039,"remoteIdentityKey":"BUVwu7dwSmZ3hT2gR0RIscoLjZ7bGtBIlsNSzHVttp9R"},"_chains":{"BYk4W5j4fmn0IzQHbopOOIyn7ZZynDpPkbNtO77U8w0w":{"chainKey":{"counter":0,"key":"aHk60JZEmbrMBa5tIkcaUYheBhqleOAIQQU6CThpHFA="},"chainType":1,"messageKeys":{}}},"pendingPreKey":{"signedKeyId":2,"baseKey":"BWDTIK+e0k1vjh4TaJPxiNTmmiflq2lWIpx9qrZl86d9","preKeyId":2483541}},"BSe32YFfcQnx5FsZ4XcD8TcaOoBP9js5WcSQ6e3doyxU":{"registrationId":862929303,"currentRatchet":{"ephemeralKeyPair":{"pubKey":"BaZtEEV14gSiMO7ViEGWchflc8HZXPOhLbihAtf3P9Iv","privKey":"+MibA3/3h7xp5n+w11Jm1T2fq86z2JR89tvixz3qiX8="},"lastRemoteEphemeralKey":"BYIHYSxMUMdyZHPx7Atz7dDt5jOXzFC7GI3D4ATIMPE0","previousCounter":0,"rootKey":"aAnSc+TciVsv2kj+tl0rRlRtJrheLbNI8G7Ues3t+SU="},"indexInfo":{"baseKey":"BSe32YFfcQnx5FsZ4XcD8TcaOoBP9js5WcSQ6e3doyxU","baseKeyType":2,"closed":-1,"used":1735085047799,"created":1735085047799,"remoteIdentityKey":"BUVwu7dwSmZ3hT2gR0RIscoLjZ7bGtBIlsNSzHVttp9R"},"_chains":{"BYIHYSxMUMdyZHPx7Atz7dDt5jOXzFC7GI3D4ATIMPE0":{"chainKey":{"counter":4,"key":"QiKIB3gIglWfV9JcP3cDt/xEhlk30PxWGOrf8AimR5Y="},"chainType":2,"messageKeys":{}},"BaZtEEV14gSiMO7ViEGWchflc8HZXPOhLbihAtf3P9Iv":{"chainKey":{"counter":-1,"key":"3rYHvOGzF4N/XCBmQoCbraJ9SaGkT7wyfXhc5RTDmU4="},"chainType":1,"messageKeys":{}}}}},"version":"v1"}