{"_sessions":{"BT5PtlyC//NAURP/MW9ir28SLRYawKZc78JrHQfmglYN":{"registrationId":1284983082,"currentRatchet":{"ephemeralKeyPair":{"pubKey":"BW/axVOFp56SRJuYOa6zMh7f1svtv7L/zJVFlhR5nV5k","privKey":"gOzlOT86WHsVWY+PQ08G0Pnk1zWG85HVkiuKC+ur0Eo="},"lastRemoteEphemeralKey":"Bcx4Sr5z+eCAfVCheL09thG1n4h6uZLy+E9Sr8gJAvwG","previousCounter":0,"rootKey":"nB216rNQEwukGpGiYeIoXPqW40mLOYhWI7+Rj0CAmc4="},"indexInfo":{"baseKey":"BT5PtlyC//NAURP/MW9ir28SLRYawKZc78JrHQfmglYN","baseKeyType":1,"closed":-1,"used":1735085019097,"created":1735085019097,"remoteIdentityKey":"BUCzp5hPo/QY0jxcYci6Pyj/wwX6M0t38xERSQ2wQwgA"},"_chains":{"BW/axVOFp56SRJuYOa6zMh7f1svtv7L/zJVFlhR5nV5k":{"chainKey":{"counter":0,"key":"r//ChooT/ySBake0QvZA+HBQ+SOILWO8QhKJ8bPt2U0="},"chainType":1,"messageKeys":{}}},"pendingPreKey":{"signedKeyId":2,"baseKey":"BT5PtlyC//NAURP/MW9ir28SLRYawKZc78JrHQfmglYN","preKeyId":11287689}}},"version":"v1"}