{"_sessions":{"BRA424CvQw2Gsf6Bno+P+LzBr5F2Dq3wZ8e8kot1sIFa":{"registrationId":303573062,"currentRatchet":{"ephemeralKeyPair":{"pubKey":"BZ56LdHghkhV2sjQSxBqEd+lHVF08Gm6vAmPAAljg08y","privKey":"qLUIRtUZqmZeJ26f21V6sExjjG3F+Me2TsGUGOyAm2o="},"lastRemoteEphemeralKey":"BQnUAm+oMmfBZwQBePzX5qwkjlaEvbEKGRo2l4WaBstq","previousCounter":0,"rootKey":"8MDWr0/ZXn4lo9LHIiKeQoMh7tXXol4RwO6UEsvxLlU="},"indexInfo":{"baseKey":"BRA424CvQw2Gsf6Bno+P+LzBr5F2Dq3wZ8e8kot1sIFa","baseKeyType":1,"closed":-1,"used":1735084998331,"created":1735084998331,"remoteIdentityKey":"BY5VSAd6VjoCVQfBgH/7/zEQwudSsM3OfO00MprsbFUx"},"_chains":{"BZ56LdHghkhV2sjQSxBqEd+lHVF08Gm6vAmPAAljg08y":{"chainKey":{"counter":0,"key":"XSZuadLC0kF9BVbKooFvXikpd7Bmvlf1Lccuh0u6ZrY="},"chainType":1,"messageKeys":{}}},"pendingPreKey":{"signedKeyId":0,"baseKey":"BRA424CvQw2Gsf6Bno+P+LzBr5F2Dq3wZ8e8kot1sIFa","preKeyId":11506551}}},"version":"v1"}