{"_sessions":{"BRMPZ0a1o06X5rpXVSiYwo2uzxDhcOW13ofZWOls+cl/":{"registrationId":1160391730,"currentRatchet":{"ephemeralKeyPair":{"pubKey":"BV5AmdZcJ6LMVpmbZivUOc4q3CpV2aBY9ArIkx9hVgEe","privKey":"sOFgn/wrsqfT1WAAeKa89GnLU+B2U0RU0vPi50tCIl8="},"lastRemoteEphemeralKey":"BV35mvn+Z2Dhtrz5FY8vfwgZp9LXbC7Ji3ZuaQ8lJvcq","previousCounter":0,"rootKey":"qpBoZWxhNCXaq9dCW/Jz/vpMIEdpX4g+G8rCAw5Dgzo="},"indexInfo":{"baseKey":"BRMPZ0a1o06X5rpXVSiYwo2uzxDhcOW13ofZWOls+cl/","baseKeyType":1,"closed":-1,"used":1735085006626,"created":1735085006626,"remoteIdentityKey":"BUYebQmXDoa5hDRpzMQBWsUAmD7GbemzAM5mRUjDaXcQ"},"_chains":{"BV5AmdZcJ6LMVpmbZivUOc4q3CpV2aBY9ArIkx9hVgEe":{"chainKey":{"counter":0,"key":"/pgT2v/xnIAJ3x5Lf4F24nP1zdIIf31Ew5Y8VsidC+M="},"chainType":1,"messageKeys":{}}},"pendingPreKey":{"signedKeyId":1,"baseKey":"BRMPZ0a1o06X5rpXVSiYwo2uzxDhcOW13ofZWOls+cl/","preKeyId":11929407}}},"version":"v1"}