{"_sessions":{"BXsUIyZepDMzC4+k6PCihFVu754daraYT3cQkq2hiZoh":{"registrationId":1053440008,"currentRatchet":{"ephemeralKeyPair":{"pubKey":"BW+pkIWhyIGm8V7K/X7lD6BnvgG9VDCUhKTrL4lz4pkD","privKey":"ONfhHnDrqKrdr70FaheKHn0jqmsd8doVbf97bQ6nz3I="},"lastRemoteEphemeralKey":"BWjvn086sMjaBtBWUBAfacTI1+HWTb5cjfcJMg6GpSx1","previousCounter":0,"rootKey":"uMSFxdbKGqvTZvDuk0g7+AKG5q4Yd+/JiNwIcfVkwBA="},"indexInfo":{"baseKey":"BXsUIyZepDMzC4+k6PCihFVu754daraYT3cQkq2hiZoh","baseKeyType":1,"closed":-1,"used":1735085022275,"created":1735085022275,"remoteIdentityKey":"BXyLcRY4UGknEkXjwGnfsfzhiwD4zBWIeOnM3WmRqrAU"},"_chains":{"BW+pkIWhyIGm8V7K/X7lD6BnvgG9VDCUhKTrL4lz4pkD":{"chainKey":{"counter":0,"key":"pf3FPG3NFmzXqDTdD1/vGIBiHhWu5tjXuV88GWSkDaI="},"chainType":1,"messageKeys":{}}},"pendingPreKey":{"signedKeyId":35,"baseKey":"BXsUIyZepDMzC4+k6PCihFVu754daraYT3cQkq2hiZoh","preKeyId":11116824}}},"version":"v1"}