{"_sessions":{"BUJAL6ocnExhSP2HqeFQp/4Mj4T86h2goDopi2jTiQB+":{"registrationId":1075607241,"currentRatchet":{"ephemeralKeyPair":{"pubKey":"Bfrl09kkFNxLCclVAn0gS3T5pmcSfbHsGhah4KYzgMMz","privKey":"sAgl+w2rgd47x4+xiP6bypbepFoXSFj6bQB/Mmm44HM="},"lastRemoteEphemeralKey":"BQMqvVkf7umdEul+HpeXCLnglx4P1ItE8E7Fe8ut+GVe","previousCounter":0,"rootKey":"u4dXJU4zoBjYsSbb4xM5Dvd7L4NNlZhxV+bHRuLVPdI="},"indexInfo":{"baseKey":"BUJAL6ocnExhSP2HqeFQp/4Mj4T86h2goDopi2jTiQB+","baseKeyType":1,"closed":-1,"used":1735439532016,"created":1735085001000,"remoteIdentityKey":"Bca880OjHISROmW3lPjk1qUqJ1SJfQaQacPn/LiO58Vq"},"_chains":{"BQMqvVkf7umdEul+HpeXCLnglx4P1ItE8E7Fe8ut+GVe":{"chainKey":{"counter":0,"key":"U+gLxdzUfzP4FL6pmRfNTZdWV6SjvXXASxSci69fDD0="},"chainType":2,"messageKeys":{}},"Bfrl09kkFNxLCclVAn0gS3T5pmcSfbHsGhah4KYzgMMz":{"chainKey":{"counter":-1,"key":"AOwwJDbMmvVk2YDu/I5xRNlitXLi33xkXV9LjTwapgY="},"chainType":1,"messageKeys":{}}}}},"version":"v1"}