{"_sessions":{"BSXyOx5DuJ5ewLvj/YX3VmPBR9P309yPsnyrc678xXYn":{"registrationId":4683,"currentRatchet":{"ephemeralKeyPair":{"pubKey":"Ba9t2ygpRoJZRefAN70N/Kni+wzLzNs+1t66DvrsUQAA","privKey":"OKIL8VXvH0ieZaM+DB0PBIzzTzmmUALKpQs9Duj3AXE="},"lastRemoteEphemeralKey":"BcJkbHTQY/Ikt7gdn5n1j3PVyT+CLKV2E/DqapK0A0dN","previousCounter":0,"rootKey":"QWdryvj7RGWpAx/zDoHnnWlFpO3My35at5wP43MF0rk="},"indexInfo":{"baseKey":"BSXyOx5DuJ5ewLvj/YX3VmPBR9P309yPsnyrc678xXYn","baseKeyType":1,"closed":-1,"used":1735084988291,"created":1735084988291,"remoteIdentityKey":"BWwrgi7l5hdbq5iJr9fLLN9LWvAStJ8NhCVdbznzGvkD"},"_chains":{"Ba9t2ygpRoJZRefAN70N/Kni+wzLzNs+1t66DvrsUQAA":{"chainKey":{"counter":0,"key":"dHrWo0xiZ4MUlTi/KMuW0BS4nHAq30hgYJ8mgivFQ2k="},"chainType":1,"messageKeys":{}}},"pendingPreKey":{"signedKeyId":1,"baseKey":"BSXyOx5DuJ5ewLvj/YX3VmPBR9P309yPsnyrc678xXYn"}}},"version":"v1"}