{"_sessions":{"BYhO4q0Dc3Ur9NQNvNEHDoYGsM1IPLm1ZdUace/EYARo":{"registrationId":1128683549,"currentRatchet":{"ephemeralKeyPair":{"pubKey":"BVMfkaeaRQUvbI2aCUmHbKjrfYUexFLbL04FwEV1D551","privKey":"GEdxcJ7q2asmec4TFh6JY5O3z+mE1t9LV88XunedyX4="},"lastRemoteEphemeralKey":"BYBe9RewVEzWAYvFC88vwAs0SfT4H/e8h8uZKwWAO28I","previousCounter":0,"rootKey":"IooSbp2qkjdCGkJEf1xZaifOohKRwU1vhoF5NlSQjdo="},"indexInfo":{"baseKey":"BYhO4q0Dc3Ur9NQNvNEHDoYGsM1IPLm1ZdUace/EYARo","baseKeyType":1,"closed":-1,"used":1735085010141,"created":1735085010141,"remoteIdentityKey":"BcsP4sB1pxsz3nsFxMWZZTxFwZD6UsBPMWHsINtIM1I5"},"_chains":{"BVMfkaeaRQUvbI2aCUmHbKjrfYUexFLbL04FwEV1D551":{"chainKey":{"counter":0,"key":"jCD9pekSrVL3MaM1KvxHyHapr/wGAjmxnWyHFGUW960="},"chainType":1,"messageKeys":{}}},"pendingPreKey":{"signedKeyId":14,"baseKey":"BYhO4q0Dc3Ur9NQNvNEHDoYGsM1IPLm1ZdUace/EYARo","preKeyId":10081161}}},"version":"v1"}