{"_sessions":{"BRZvcSSowdm2tf1T+JyVxYIEA2NtxQbyMbPI/jfwMztN":{"registrationId":374016378,"currentRatchet":{"ephemeralKeyPair":{"pubKey":"BVdRErH+VQbliTf/KMsmktuY6i/w24l2m1W5tkqKQYRy","privKey":"MBmk0PY+DopEkBXPwh/CDdJjWafEn93pPwcpeBh9/mc="},"lastRemoteEphemeralKey":"BXDps3NT6q3rfkUagQZNbK2B6b+oHhvufvetjldemIg8","previousCounter":0,"rootKey":"RyriV/2M8ePguXs0+o3Hog1isnkKSotO/EU8SktV+Vg="},"indexInfo":{"baseKey":"BRZvcSSowdm2tf1T+JyVxYIEA2NtxQbyMbPI/jfwMztN","baseKeyType":1,"closed":-1,"used":1735084991815,"created":1735084991815,"remoteIdentityKey":"BTle3h3iQPQFwRBG3FN/9PD823ETK5N4QE53l5QIGnlA"},"_chains":{"BVdRErH+VQbliTf/KMsmktuY6i/w24l2m1W5tkqKQYRy":{"chainKey":{"counter":0,"key":"bHZWyYovoss2dNwuJLDR7eLBezVYP+KGyg+V7sJEzpw="},"chainType":1,"messageKeys":{}}},"pendingPreKey":{"signedKeyId":0,"baseKey":"BRZvcSSowdm2tf1T+JyVxYIEA2NtxQbyMbPI/jfwMztN","preKeyId":16543435}}},"version":"v1"}