{"_sessions":{"BYZBUjePJwwa8LTuTpNA1tLHcL5APUarrECndXVLrsg+":{"registrationId":1591992895,"currentRatchet":{"ephemeralKeyPair":{"pubKey":"Ba9aekLkuMeSW/yK94CExKGyAZBnVTpBrVL2zaHrC/kl","privKey":"OFIrdcwjmsmu3XRCPrRh3KdmWqEGS/FH0bcQG9XPLX0="},"lastRemoteEphemeralKey":"BfImZgt/fvG7anwm/u57Tw2e5vwcxK6K94fdqwK/hIk1","previousCounter":0,"rootKey":"TXiuhggDOL3vfpbRjByLHCyf5dlCwM1KhM/HBc9f+T8="},"indexInfo":{"baseKey":"BYZBUjePJwwa8LTuTpNA1tLHcL5APUarrECndXVLrsg+","baseKeyType":1,"closed":-1,"used":1738602351508,"created":1738602351508,"remoteIdentityKey":"Be3gHhKcWEc2wOg0GzuOTsaFcH8c8jhQXAL0LdyHDYpL"},"_chains":{"Ba9aekLkuMeSW/yK94CExKGyAZBnVTpBrVL2zaHrC/kl":{"chainKey":{"counter":0,"key":"31N56YrdXUZF3WTgUTGF7F5PdzrYTLr1jL98bu7rDhI="},"chainType":1,"messageKeys":{}}},"pendingPreKey":{"signedKeyId":6,"baseKey":"BYZBUjePJwwa8LTuTpNA1tLHcL5APUarrECndXVLrsg+","preKeyId":9576589}}},"version":"v1"}