{"_sessions":{"BRgWgB9CNS8thWiV+ZoNmRDsP0SZU3pUfs041Q3H42Al":{"registrationId":5283,"currentRatchet":{"ephemeralKeyPair":{"pubKey":"BaR7sYc3Sg7rZn1kFCfCMgiH2uc3q524rnHCjDeES4Un","privKey":"YMGJipf7WRIiCSFgSd1NOnVR7frnP3INs0PbOYukpF8="},"lastRemoteEphemeralKey":"BVewf5bpshhBR404JQoR9vnHC9nzXa1up+dnQDh4rxYQ","previousCounter":0,"rootKey":"PILkBZxiWoZ/Z9X1YbzSfn3krAfCuybSMoCgDkhUz10="},"indexInfo":{"baseKey":"BRgWgB9CNS8thWiV+ZoNmRDsP0SZU3pUfs041Q3H42Al","baseKeyType":1,"closed":-1,"used":1735084988742,"created":1735084988742,"remoteIdentityKey":"BYb/HbykPGb7gwDUJsHmG7/rI2QcO7GNM2vdNoFpI6R3"},"_chains":{"BaR7sYc3Sg7rZn1kFCfCMgiH2uc3q524rnHCjDeES4Un":{"chainKey":{"counter":0,"key":"B720jo+GxBNXHbiJNjn1J/r+zLCWGq2XiBT1l0uz9nI="},"chainType":1,"messageKeys":{}}},"pendingPreKey":{"signedKeyId":11,"baseKey":"BRgWgB9CNS8thWiV+ZoNmRDsP0SZU3pUfs041Q3H42Al","preKeyId":12088}}},"version":"v1"}