{"_sessions":{"BZIt8VezPiEUbKy99agGcolKmOXln+Yti/077M+LMkwO":{"registrationId":14666,"currentRatchet":{"ephemeralKeyPair":{"pubKey":"BbSpXHAKf4vnZ/hQKiv8a55CEiwN4ZtBA8aPV47NWQ8Q","privKey":"WL1H0wHBXaBl7oaS2jMwfADGV9eMkZ9wR93t5RgSDlI="},"lastRemoteEphemeralKey":"BQixHTvOAsIZx11lWF0iZddtbv4bZYTCr+Bn6OgP2BBF","previousCounter":0,"rootKey":"ZzCMWTwZeKY6BX5akSlPB03Oo4XVQW4jZ/+a3Lqj5wE="},"indexInfo":{"baseKey":"BZIt8VezPiEUbKy99agGcolKmOXln+Yti/077M+LMkwO","baseKeyType":1,"closed":-1,"used":1735084994706,"created":1735084994706,"remoteIdentityKey":"BfDSzjAh4S93eWbl25xZ9dVfgkpgV6OzQgMT+Rb48cIK"},"_chains":{"BbSpXHAKf4vnZ/hQKiv8a55CEiwN4ZtBA8aPV47NWQ8Q":{"chainKey":{"counter":0,"key":"SI/LSFRVOTPcAuGREfXNOtfyecRS/8kIOGAZpWyDIVY="},"chainType":1,"messageKeys":{}}},"pendingPreKey":{"signedKeyId":1,"baseKey":"BZIt8VezPiEUbKy99agGcolKmOXln+Yti/077M+LMkwO"}}},"version":"v1"}