{"_sessions":{"BXSE4ZouPCYI3pyYQacRZ9oDjgl7gzsjwPLMBOhrXIA7":{"registrationId":559970380,"currentRatchet":{"ephemeralKeyPair":{"pubKey":"BS6guMSQ36KOECPb6PWFJNbH417VC7RRZZhAtXMhKVwC","privKey":"gLWuYsS8GSsEEVepp1IN96bPHcl4wgvWpTw6UjbCKFA="},"lastRemoteEphemeralKey":"BSTtM1fuAmUQ8V4Xgl7Lq58Hza+QRtz8WLI/BN8Z3rZy","previousCounter":0,"rootKey":"lg2GJlmEHVcDlZOwFfgzQtZpIGOfeWcdezChXSVCg6w="},"indexInfo":{"baseKey":"BXSE4ZouPCYI3pyYQacRZ9oDjgl7gzsjwPLMBOhrXIA7","baseKeyType":1,"closed":-1,"used":1738766390414,"created":1735085000506,"remoteIdentityKey":"BZTNSLUA7234f5c3PNpv5BllaKv1OGkPb/75PfAb7BN0"},"_chains":{"BSTtM1fuAmUQ8V4Xgl7Lq58Hza+QRtz8WLI/BN8Z3rZy":{"chainKey":{"counter":2,"key":"c24tsXjXyyP72RcekH5epjQi1o+UXRMicgV7KrvmB2E="},"chainType":2,"messageKeys":{}},"BS6guMSQ36KOECPb6PWFJNbH417VC7RRZZhAtXMhKVwC":{"chainKey":{"counter":-1,"key":"30OsNCcHwUBQhsnc5Zjto2oGEpu5+GnGnxwG6M5gEJ0="},"chainType":1,"messageKeys":{}}}}},"version":"v1"}