{"_sessions":{"BUzRbdP1OzKyOTbbztsk1nEx+BuSmBjg5pLXMUOAznVi":{"registrationId":1075000973,"currentRatchet":{"ephemeralKeyPair":{"pubKey":"BRa+ZffkiwxJWINWy04xO1L1T+6gDYwtx+uvYdgUJaYM","privKey":"UA2hj7d47X405iAMw6grjrmprtod5j1VX8mpbpFxrl4="},"lastRemoteEphemeralKey":"Bf0j2COt80GMUmlCpi+6G4Un9+TqrtGEoh/i5Nt3QKwc","previousCounter":0,"rootKey":"MnmFiJ2cNYLns8L0A3+v0d7Ogom+iJCIpEyFrVmGFyA="},"indexInfo":{"baseKey":"BUzRbdP1OzKyOTbbztsk1nEx+BuSmBjg5pLXMUOAznVi","baseKeyType":1,"closed":-1,"used":1738602351580,"created":1738602351580,"remoteIdentityKey":"BbipcuFS4rT6TymzYpSZClvhqqQs+bjytoGtU0/zoQ1j"},"_chains":{"BRa+ZffkiwxJWINWy04xO1L1T+6gDYwtx+uvYdgUJaYM":{"chainKey":{"counter":0,"key":"MvJJaIt1PWdaQJoog4R3NJPDSq7Ea4ouimogHv8Qo/0="},"chainType":1,"messageKeys":{}}},"pendingPreKey":{"signedKeyId":18,"baseKey":"BUzRbdP1OzKyOTbbztsk1nEx+BuSmBjg5pLXMUOAznVi","preKeyId":14002566}}},"version":"v1"}