{"_sessions":{"BVd1NvJBq9+8RjhO6Ut30RQ8gLy62haMZQtM2pPoSC48":{"registrationId":1679545973,"currentRatchet":{"ephemeralKeyPair":{"pubKey":"BUHzWWy3mTCFWB5d/4R6rX5Sb0sVNAkiL717smoG1rFT","privKey":"GErz2G36EbZ1heY3cFRLuTsCMcN4vq9cBTSKnY+0k14="},"lastRemoteEphemeralKey":"Ba9mEDm6PGOgyQyzMdOtq/84QJmp4LSw2dWNapVom3Ah","previousCounter":0,"rootKey":"kXZEj+GDycdIJelfp8b3TgjR52TDL7E+s19TXKO1gsU="},"indexInfo":{"baseKey":"BVd1NvJBq9+8RjhO6Ut30RQ8gLy62haMZQtM2pPoSC48","baseKeyType":1,"closed":-1,"used":1735085028202,"created":1735085028202,"remoteIdentityKey":"BcEnmsOaKfTBTi7qsWjK6RFxh1zhLVjtF13BSDENnw4/"},"_chains":{"BUHzWWy3mTCFWB5d/4R6rX5Sb0sVNAkiL717smoG1rFT":{"chainKey":{"counter":0,"key":"FxNJNxQzkicB/Fs7oMS+P8OcXJ7P0uZltIIyPj0HZnk="},"chainType":1,"messageKeys":{}}},"pendingPreKey":{"signedKeyId":2,"baseKey":"BVd1NvJBq9+8RjhO6Ut30RQ8gLy62haMZQtM2pPoSC48","preKeyId":14329536}}},"version":"v1"}