{"_sessions":{"Beqh9aEqVuuD/mhh5ze8HE1yIcnT+x1jvO04jY2RQqR6":{"registrationId":4517,"currentRatchet":{"ephemeralKeyPair":{"pubKey":"BZubzO3RRWXRJaKYmS39+dYYhhbH1KI8He5LE4iu6fhO","privKey":"yHTUAVFNRPT4pCvcZiI8RLsiakd3o7PSlUzBFKarTks="},"lastRemoteEphemeralKey":"BfWB8zzSQIcu4crTCL5CGmg+QmWLL287T7fL36X2gsVl","previousCounter":0,"rootKey":"KuOQqo8zwh+2d7HXfhk6QOJv2K8Fdsg4qGliEVaPGhY="},"indexInfo":{"baseKey":"Beqh9aEqVuuD/mhh5ze8HE1yIcnT+x1jvO04jY2RQqR6","baseKeyType":1,"closed":-1,"used":1735084994950,"created":1735084994950,"remoteIdentityKey":"BaQ6VCOOQ1g2KPtabuGTUR2SRItGH79LN7N650790x8T"},"_chains":{"BZubzO3RRWXRJaKYmS39+dYYhhbH1KI8He5LE4iu6fhO":{"chainKey":{"counter":0,"key":"J17mfEvXVdJjeO7dcIlx0RT98N9rLiOsFJUnPJI3apE="},"chainType":1,"messageKeys":{}}},"pendingPreKey":{"signedKeyId":1,"baseKey":"Beqh9aEqVuuD/mhh5ze8HE1yIcnT+x1jvO04jY2RQqR6"}}},"version":"v1"}