{"_sessions":{"BchyW4AeizVv8n7UpsLZIyPH361+ieXoRO8aRMq87ooC":{"registrationId":15490,"currentRatchet":{"ephemeralKeyPair":{"pubKey":"BebSZz11TAGrgGNK1Yk7/bqUtJbg5xO8zL9imXm74OAR","privKey":"gME9BW6nsBHG/2OMKIvziyJuzvAXM9pt7UppyOJOD1A="},"lastRemoteEphemeralKey":"BToeAq3mmEn9JCvO3ARYFAS3CZEzD72rbjNUnpeVRr8F","previousCounter":0,"rootKey":"3UdvuOxbboFJSYSXxqFH2sFirELPKT9tyvRKCv0B3LA="},"indexInfo":{"baseKey":"BchyW4AeizVv8n7UpsLZIyPH361+ieXoRO8aRMq87ooC","baseKeyType":1,"closed":-1,"used":1735084994742,"created":1735084994742,"remoteIdentityKey":"BZf4bcwZ5Vae4aYJ9JyejrjA8zXQA6DyaIf5s8NtKTE3"},"_chains":{"BebSZz11TAGrgGNK1Yk7/bqUtJbg5xO8zL9imXm74OAR":{"chainKey":{"counter":0,"key":"fjBCyR4PUlLGsxxFEHQp/1EzATNPwDSqeJO9hyt5Zkk="},"chainType":1,"messageKeys":{}}},"pendingPreKey":{"signedKeyId":1,"baseKey":"BchyW4AeizVv8n7UpsLZIyPH361+ieXoRO8aRMq87ooC"}}},"version":"v1"}