{"_sessions":{"BV007QNrl3DbCexwCkZE6IPBJ1FK5H2vCA7ozo8Xd5Vw":{"registrationId":1113886567,"currentRatchet":{"ephemeralKeyPair":{"pubKey":"Bbv11TluIGVIOkiCrXFei6w7I9N9NX5bi/5tDJNImvB6","privKey":"QIHGGWRgmdcWqDSrEPjxkKXyEU+kw1Abq+IScrD6bXo="},"lastRemoteEphemeralKey":"BZQmDD46PmWMUSKJt/DT7Hl7KkaBNyMSybD3x8cJ450S","previousCounter":0,"rootKey":"5Us+FmfPE95ygcM+DSyACVVOYVHxmkAZKm4ghQrO3fw="},"indexInfo":{"baseKey":"BV007QNrl3DbCexwCkZE6IPBJ1FK5H2vCA7ozo8Xd5Vw","baseKeyType":1,"closed":-1,"used":1736163511357,"created":1735085024771,"remoteIdentityKey":"BaCPE8JBU1aZjuGyVtxDgvfEWCMyjVwjPRXUyzfpHYxw"},"_chains":{"BZQmDD46PmWMUSKJt/DT7Hl7KkaBNyMSybD3x8cJ450S":{"chainKey":{"counter":1,"key":"RlgJkr0s1oIVJ/1H/PKzU4kWltCp3HgiuH1pH6f2ZUs="},"chainType":2,"messageKeys":{}},"Bbv11TluIGVIOkiCrXFei6w7I9N9NX5bi/5tDJNImvB6":{"chainKey":{"counter":-1,"key":"ah+y3qR2ufmz/JJ1ufnVKcsYA85Tq8s+cecZWrb62+4="},"chainType":1,"messageKeys":{}}}}},"version":"v1"}