{"_sessions":{"BWG5rfpTpSmNIShj8iC+/MthywLo/gfIwW/IF6zTRIwJ":{"registrationId":1921800057,"currentRatchet":{"ephemeralKeyPair":{"pubKey":"BdaATEodq0EfWQpBFHl30c0sqygWdqurW4nSEoR4dB0g","privKey":"yHBxsPWReKB5nCsz9BdJD+RQNa+01/HLnTr5R8YANEs="},"lastRemoteEphemeralKey":"BWkaSEtGUOBApf28WdqOe8KNfkOBxIo0ZbfOyemhIIN4","previousCounter":0,"rootKey":"guhyIiKKXN65TDfqbztG2YW58mkJ9ugrCLh79cIPc+0="},"indexInfo":{"baseKey":"BWG5rfpTpSmNIShj8iC+/MthywLo/gfIwW/IF6zTRIwJ","baseKeyType":1,"closed":-1,"used":1735085012872,"created":1735085012872,"remoteIdentityKey":"BQb78JYIfPKv/SVyeJT9yE7f0s8bqWvTwgO28f8slfY+"},"_chains":{"BdaATEodq0EfWQpBFHl30c0sqygWdqurW4nSEoR4dB0g":{"chainKey":{"counter":0,"key":"Vngvy1/lLyNyCurGKV5zkbez/n9f4ameVwxR2DKCrGY="},"chainType":1,"messageKeys":{}}},"pendingPreKey":{"signedKeyId":6,"baseKey":"BWG5rfpTpSmNIShj8iC+/MthywLo/gfIwW/IF6zTRIwJ","preKeyId":13205095}}},"version":"v1"}