{"_sessions":{"BanYsIMzhUaOVyE1FHLkT2w+/JVGF231trQQTx05NEwy":{"registrationId":1365112746,"currentRatchet":{"ephemeralKeyPair":{"pubKey":"BRG3S0oew8F+p/5dGbln+vZ0OW4Or4DpOPkzddRouIFV","privKey":"2BS9wnjlYG/p/Q12OKTd6uBOTuXVShhc8p1A9YFbElg="},"lastRemoteEphemeralKey":"BfaQLhDS7w88R0WhhCYyS+ZPorixf5Vjb9FjSruMjSUw","previousCounter":0,"rootKey":"hFokUu95jw0j3S9yzQLn7taAY8UQ35nF6rNbDoxdN8A="},"indexInfo":{"baseKey":"BanYsIMzhUaOVyE1FHLkT2w+/JVGF231trQQTx05NEwy","baseKeyType":1,"closed":-1,"used":1736350710336,"created":1735085006805,"remoteIdentityKey":"BT6QkzVYDOciU/d2Kz5vAtBZ0YlIGXBmEmydMnryNCgb"},"_chains":{"BfaQLhDS7w88R0WhhCYyS+ZPorixf5Vjb9FjSruMjSUw":{"chainKey":{"counter":5,"key":"Y4MqrCySG2FbB9frv23Lzntfq7sOvoU4s1fDh7h+hVM="},"chainType":2,"messageKeys":{}},"BRG3S0oew8F+p/5dGbln+vZ0OW4Or4DpOPkzddRouIFV":{"chainKey":{"counter":-1,"key":"XAESYdetQADKUw7B4pv1BdZKCNYg0/nv2lcL27oYprQ="},"chainType":1,"messageKeys":{}}}}},"version":"v1"}