{"_sessions":{"BQ18dDpINQp2OqLqabIIKEMKaEkRdwXRvu0Fqed50TMH":{"registrationId":549021520,"currentRatchet":{"ephemeralKeyPair":{"pubKey":"BdztH1Xdkmb1EFTni8JW2XqLhUKDRCm6AH0wdXwMjtgr","privKey":"oBqWqHoSIRYLxi7jYgPIm9FLd7i+oPebwXvPXQO+Jms="},"lastRemoteEphemeralKey":"BehgMUpBLwkG9TnVhcr9JDhkEXKDNVhulxZ8RamCRv5M","previousCounter":0,"rootKey":"KMQeOF+ky5FdL2L1GTL58nzoVdpqg3wmxsdcwiaKZs0="},"indexInfo":{"baseKey":"BQ18dDpINQp2OqLqabIIKEMKaEkRdwXRvu0Fqed50TMH","baseKeyType":1,"closed":-1,"used":1735085010203,"created":1735085010203,"remoteIdentityKey":"BQvjc9N0JweWOZ/KN5iBZjSKbU8YxD2u2Vxy0V+sVMge"},"_chains":{"BdztH1Xdkmb1EFTni8JW2XqLhUKDRCm6AH0wdXwMjtgr":{"chainKey":{"counter":0,"key":"uvAxVQHJimIOkxhS8X2sENRqhOdV401NLJuJTNty6ds="},"chainType":1,"messageKeys":{}}},"pendingPreKey":{"signedKeyId":18,"baseKey":"BQ18dDpINQp2OqLqabIIKEMKaEkRdwXRvu0Fqed50TMH","preKeyId":2709494}}},"version":"v1"}