{"_sessions":{"BeE67Af1VYd8C8jhiupb/TbVWONKjI7Yd9PpWLaNFeU6":{"registrationId":10425,"currentRatchet":{"ephemeralKeyPair":{"pubKey":"Begdzp3cL94vv7Kkp2l/dlwzt5TZ5Mq6XDEmNP+XfZV2","privKey":"uNcXiRAWPbp/bYsaf7ZlOJJKeVmDc9gwkaipdLrXl20="},"lastRemoteEphemeralKey":"BfpuUlfoyCbs7KWsMz2eQpn4MPVAvO43RLEB2qLuzzBj","previousCounter":0,"rootKey":"tj+lnp/CIC9VC59jDf8sly7O6cvwOn20DPxJqJ8NHzk="},"indexInfo":{"baseKey":"BeE67Af1VYd8C8jhiupb/TbVWONKjI7Yd9PpWLaNFeU6","baseKeyType":1,"closed":-1,"used":1738360465120,"created":1738360465120,"remoteIdentityKey":"BUZxNBQfTLbeq9mpjoLEJUjxMadaawrEdIi8TPTf9yEk"},"_chains":{"Begdzp3cL94vv7Kkp2l/dlwzt5TZ5Mq6XDEmNP+XfZV2":{"chainKey":{"counter":0,"key":"M3N4Zh/9mNU76DVzXuoda+bDcdYPrFjSzeqApzZ+iRw="},"chainType":1,"messageKeys":{}}},"pendingPreKey":{"signedKeyId":1,"baseKey":"BeE67Af1VYd8C8jhiupb/TbVWONKjI7Yd9PpWLaNFeU6","preKeyId":93}}},"version":"v1"}