{"_sessions":{"BX80bGm/QXjEphc6EULwqPNeTNKAY4ItDgmbCReBFv0f":{"registrationId":5917,"currentRatchet":{"ephemeralKeyPair":{"pubKey":"BQoaNKJjF+x0D3v8Di+8JblzuKB40FNDUx+8oRECPSIZ","privKey":"mJAAeH0VYRuxkgguAK91SzoSNqD5cw7g8/8OSznesEM="},"lastRemoteEphemeralKey":"BQ8CSAZQuNaBaeVPCd2C8miBMCcjN7ksL6+sg5qNAH97","previousCounter":0,"rootKey":"s2mGC0wd87evPDMwsZAOEsPKYB3CzE1A1zdCoaoGqjc="},"indexInfo":{"baseKey":"BX80bGm/QXjEphc6EULwqPNeTNKAY4ItDgmbCReBFv0f","baseKeyType":1,"closed":-1,"used":1739015970987,"created":1739015970987,"remoteIdentityKey":"BRPeRVPGNliKVLV2/CnM9pOFZgrBfCg/dyXG3P2ZvoFy"},"_chains":{"BQoaNKJjF+x0D3v8Di+8JblzuKB40FNDUx+8oRECPSIZ":{"chainKey":{"counter":0,"key":"f1m4UIDANBYx5J0nIm73tpbp7pN1BHbyDwaUAmHLISw="},"chainType":1,"messageKeys":{}}},"pendingPreKey":{"signedKeyId":1,"baseKey":"BX80bGm/QXjEphc6EULwqPNeTNKAY4ItDgmbCReBFv0f","preKeyId":1}}},"version":"v1"}