{"_sessions":{"BRIHFoysV9OiNg95rnXMceUFsG2TsU4NsyIejpqFDzYk":{"registrationId":800137440,"currentRatchet":{"ephemeralKeyPair":{"pubKey":"Bff5P7Mx1ltb0vt/HR4neoXb9cu9y1hENbb6Q6AhMNs0","privKey":"MHGotJgF5bqdYF5OYV73n7upV1sEZy4Zx/1+p1kzDXs="},"lastRemoteEphemeralKey":"Bby4L0eQKOv2gFfjiO+wJ9lAHz8Uo1uh24UKdaY86/5t","previousCounter":0,"rootKey":"07PanMWUBG551OdaXlUf2Nx4OR2HrST9WV4oDWKVHqg="},"indexInfo":{"baseKey":"BRIHFoysV9OiNg95rnXMceUFsG2TsU4NsyIejpqFDzYk","baseKeyType":1,"closed":-1,"used":1738602351761,"created":1738602351761,"remoteIdentityKey":"BSAF4RwbGxmYpckZynYlbjCxlF+7jlYE9lqXbamNhGMw"},"_chains":{"Bff5P7Mx1ltb0vt/HR4neoXb9cu9y1hENbb6Q6AhMNs0":{"chainKey":{"counter":0,"key":"6DH/YJacX4U5VrOLmTpgj6znCwvdgCdfv1z2aQyrUlw="},"chainType":1,"messageKeys":{}}},"pendingPreKey":{"signedKeyId":7,"baseKey":"BRIHFoysV9OiNg95rnXMceUFsG2TsU4NsyIejpqFDzYk","preKeyId":10001020}}},"version":"v1"}