{"_sessions":{"BZtShPJyp066Q62gTw5o1F7W1OLJt6UJg1JSswCwYuJh":{"registrationId":4575,"currentRatchet":{"ephemeralKeyPair":{"pubKey":"BcH4NiU9lTWRPnLr9EEcDxm+967lzcUyGdUGajYyAxAX","privKey":"UD/Edi9yni8cQRViWXYJA+VT+5purtZygXWcc94L/FM="},"lastRemoteEphemeralKey":"Bbm3Eub+OBB1UyVfn+3jZSRP3IS3mvWZardVXMAV3PNl","previousCounter":0,"rootKey":"1SUYpS+dbWxUFAUA/zeuPVtF3K7H0Co74hvmbbYyQ3Y="},"indexInfo":{"baseKey":"BZtShPJyp066Q62gTw5o1F7W1OLJt6UJg1JSswCwYuJh","baseKeyType":1,"closed":-1,"used":1738616825591,"created":1738616825591,"remoteIdentityKey":"BYqkClPpTioKYbwT3mprTjFCMkLg0JmxjIiPHlFEiawO"},"_chains":{"BcH4NiU9lTWRPnLr9EEcDxm+967lzcUyGdUGajYyAxAX":{"chainKey":{"counter":0,"key":"JFMD0nTUiKb6FDFKA2v/Y0PP3FbGmDpEsMC7R3uGJlc="},"chainType":1,"messageKeys":{}}},"pendingPreKey":{"signedKeyId":1,"baseKey":"BZtShPJyp066Q62gTw5o1F7W1OLJt6UJg1JSswCwYuJh","preKeyId":85}}},"version":"v1"}