{"_sessions":{"BQ9x4bs2raWL+xdc2Q43FpW7V70GSt2EZYDKs+sXGIsP":{"registrationId":559138849,"currentRatchet":{"ephemeralKeyPair":{"pubKey":"BZHiUT0m/4l2Ou8C8HAa9O1yfIKU1mhjsPvWnnz2qNs0","privKey":"IPcyJ/M9ICAC6KRfQdO26QAd32ExduROtbKp9dA3u2M="},"lastRemoteEphemeralKey":"BRMDIi3CcISww24KMZGJI3ZbaJUTegm8HUMz2LAEEbEp","previousCounter":0,"rootKey":"IgyQEW34H3qildLmy7jJ0fbsHozBjzs+R/ZU+dzVIis="},"indexInfo":{"baseKey":"BQ9x4bs2raWL+xdc2Q43FpW7V70GSt2EZYDKs+sXGIsP","baseKeyType":1,"closed":-1,"used":1735085006981,"created":1735085006981,"remoteIdentityKey":"BUczWgxZ/QRJn+TeCEarncPEAWDMU9VmphUmrHB8y00f"},"_chains":{"BZHiUT0m/4l2Ou8C8HAa9O1yfIKU1mhjsPvWnnz2qNs0":{"chainKey":{"counter":0,"key":"pE0MZ0w3qK/YRVMvKjwUglJiVkw8swtDV0quDaRpx6s="},"chainType":1,"messageKeys":{}}},"pendingPreKey":{"signedKeyId":2,"baseKey":"BQ9x4bs2raWL+xdc2Q43FpW7V70GSt2EZYDKs+sXGIsP","preKeyId":14130653}}},"version":"v1"}