{"_sessions":{"BYb7AyFRN/tRaXSGlah7fRDhWH7+0yQsOIsZwyMMncox":{"registrationId":1055654913,"currentRatchet":{"ephemeralKeyPair":{"pubKey":"BVYnJS0NQGRfPWK60xDuUi30Ys9Q+z0k6m/VGjivAHR7","privKey":"GMvjw8zQojvhQJ4sGL+r8piLY1TmCvtciYz38h0yJlE="},"lastRemoteEphemeralKey":"BQfgq88Qqxy7EfKzfDn2ymSrsmLaZGTXG8pxoIySLQ5X","previousCounter":0,"rootKey":"5ryTtS8d4UVP7S6G2GFPbtL0F9jGH4ECrY5rorIsRK4="},"indexInfo":{"baseKey":"BYb7AyFRN/tRaXSGlah7fRDhWH7+0yQsOIsZwyMMncox","baseKeyType":1,"closed":-1,"used":1735085018849,"created":1735085018849,"remoteIdentityKey":"Bdo3YFBRyMQEjy4DkaJKOnbuTlfANYQAlgvQF5KG+vZu"},"_chains":{"BVYnJS0NQGRfPWK60xDuUi30Ys9Q+z0k6m/VGjivAHR7":{"chainKey":{"counter":0,"key":"dzbQCfLMWhjbCP9oVMx5aPK8fVjc8oUSBbKVWbAmvHc="},"chainType":1,"messageKeys":{}}},"pendingPreKey":{"signedKeyId":7,"baseKey":"BYb7AyFRN/tRaXSGlah7fRDhWH7+0yQsOIsZwyMMncox","preKeyId":1977704}}},"version":"v1"}