{"_sessions":{"BdTAweyXgAi4s0/GNnh1Em+SM7RnW/xlwIdm70VWAo81":{"registrationId":1512449108,"currentRatchet":{"ephemeralKeyPair":{"pubKey":"BbxbS3cHpCF1GgvCQMKQMyc3Em//tnzmJOV8TdBCZ7Qb","privKey":"kDqYwCm6ZXSwGbgCj+NJNzvgJwXk3z21CQNnwC+XnVU="},"lastRemoteEphemeralKey":"BfoBLan1ZnNBr/myE6WS0rG0FDIPBl+LKzU0V0If7e4e","previousCounter":0,"rootKey":"SxRGINnv2Ry2eHLvUiIG/ifZSevVGfbtCnwgcImR1J8="},"indexInfo":{"baseKey":"BdTAweyXgAi4s0/GNnh1Em+SM7RnW/xlwIdm70VWAo81","baseKeyType":1,"closed":-1,"used":1738353153955,"created":1738353153955,"remoteIdentityKey":"BVw5i/M6Kr+RojjKdIfTQVDBrWPrxtjc2RHjTIExQFMs"},"_chains":{"BbxbS3cHpCF1GgvCQMKQMyc3Em//tnzmJOV8TdBCZ7Qb":{"chainKey":{"counter":2,"key":"N+0utXL9o1i8Y92UCQMA6YuIx54lwq2pQBvTAEXw4YU="},"chainType":1,"messageKeys":{}}},"pendingPreKey":{"signedKeyId":1,"baseKey":"BdTAweyXgAi4s0/GNnh1Em+SM7RnW/xlwIdm70VWAo81","preKeyId":537}}},"version":"v1"}