{"_sessions":{"BRKN5TySNwEEj6E/rBvAJhJ94WxxDemnIYtyo6JXQs93":{"registrationId":366920649,"currentRatchet":{"ephemeralKeyPair":{"pubKey":"BYacRSYwTsuXeW92JsRosYN3J/Gs8y/o7orBTOYmGq9M","privKey":"8D20xn2ON7F0SXGO8FY/didTMuXttcaY5gKwVJpLOn4="},"lastRemoteEphemeralKey":"BXNm5p1koSsDFJVNdqr7fGFrVnXebmbc/C02TTMoQH56","previousCounter":0,"rootKey":"4iudvihBEyzcsBt6kcnyp3GDGQmeJnAndbw92FdgmKI="},"indexInfo":{"baseKey":"BRKN5TySNwEEj6E/rBvAJhJ94WxxDemnIYtyo6JXQs93","baseKeyType":1,"closed":-1,"used":1735476006871,"created":1735476006871,"remoteIdentityKey":"BW15BMCODcAK2G+9dmvGJsJXedQhP6+zmxJacKA63EZE"},"_chains":{"BYacRSYwTsuXeW92JsRosYN3J/Gs8y/o7orBTOYmGq9M":{"chainKey":{"counter":0,"key":"gbh66hTuMGHU5wGSi1bv/X+88cdzqFlGynXouhvzpFc="},"chainType":1,"messageKeys":{}}},"pendingPreKey":{"signedKeyId":0,"baseKey":"BRKN5TySNwEEj6E/rBvAJhJ94WxxDemnIYtyo6JXQs93","preKeyId":12572932}}},"version":"v1"}