{"_sessions":{"BdqKZe8/YDiBDFxdKBmjOAwexIwn4W6OadnwPnzf7pV2":{"registrationId":11995,"currentRatchet":{"ephemeralKeyPair":{"pubKey":"BUd5o9xEoovJkFpr0EOLcHb2NsndvGX1xZ0IiRMpSs8u","privKey":"6AdD0IKl4HRWHyVDaHHFU/Vev2Dxv5YWoqJEI6Vn9kQ="},"lastRemoteEphemeralKey":"Be6y0KowTO60TSWaFVBCt0j8Gqg/8FN/NmPQZZpaYl5P","previousCounter":0,"rootKey":"nY6Hb1Sztea4ZM0YgtVPhA7BdRDu0JgCWqTYIYdc/Ws="},"indexInfo":{"baseKey":"BdqKZe8/YDiBDFxdKBmjOAwexIwn4W6OadnwPnzf7pV2","baseKeyType":1,"closed":-1,"used":1735084988676,"created":1735084988676,"remoteIdentityKey":"BckxCc9W+XZ44pVvem5ob8bTGc94UFc0nGax1jjdly0h"},"_chains":{"BUd5o9xEoovJkFpr0EOLcHb2NsndvGX1xZ0IiRMpSs8u":{"chainKey":{"counter":0,"key":"C2n9IrFQak+z9NnFKiyLWq82BdevxyXkLrCD+O3ION4="},"chainType":1,"messageKeys":{}}},"pendingPreKey":{"signedKeyId":1,"baseKey":"BdqKZe8/YDiBDFxdKBmjOAwexIwn4W6OadnwPnzf7pV2"}}},"version":"v1"}