{"_sessions":{"BZi/rY9AcVD+C18qFfR0eqSylOwkooSdyYs+5xv0xVZL":{"registrationId":5998,"currentRatchet":{"ephemeralKeyPair":{"pubKey":"BS+XxmcfY5WEbiHpRseH7xVbURTgvrWfLs1zb3xNNWwy","privKey":"eH1hjenrEp8FS0/VrwIIqOsPLwHSHPlycDzj6IqBaX4="},"lastRemoteEphemeralKey":"BdsSxKIGwiRYqfMjbFnI/vWjA1LVgLbjqXyJwkVC3ZUi","previousCounter":0,"rootKey":"AWeh7cwAD3c4pWG3y+/LKWhXIelMbQN9PHy+AWO54hI="},"indexInfo":{"baseKey":"BZi/rY9AcVD+C18qFfR0eqSylOwkooSdyYs+5xv0xVZL","baseKeyType":1,"closed":-1,"used":1735084995120,"created":1735084995120,"remoteIdentityKey":"BWPIwyJ/sOyBi0+Ynj4SmL+dSad1hwfe8r+vf4bGh/Vl"},"_chains":{"BS+XxmcfY5WEbiHpRseH7xVbURTgvrWfLs1zb3xNNWwy":{"chainKey":{"counter":0,"key":"oy2KW8Y2Ho7IZEp0uHFeEKOSy9dA5QEV6Uut3t2zQ1Q="},"chainType":1,"messageKeys":{}}},"pendingPreKey":{"signedKeyId":1,"baseKey":"BZi/rY9AcVD+C18qFfR0eqSylOwkooSdyYs+5xv0xVZL","preKeyId":2152}}},"version":"v1"}