{"_sessions":{"BeCsx5wOm466EP0VVYFdH5MMinXZk6mNnE+ZtlNOap4s":{"registrationId":1173395126,"currentRatchet":{"ephemeralKeyPair":{"pubKey":"BViq9oO8Vb8G97Z8IT2J750Ba+xI2nWlAWomBq0v1alR","privKey":"ULHLpDLRevBuB7yN8HZOTeR8hQMKiL8TK5lZpRs/zVc="},"lastRemoteEphemeralKey":"BaKanaR0LYuV9bZBvEKiIAxOTA+k8EYjayfrhjaOX88L","previousCounter":0,"rootKey":"ZkTgAD+qRJoKmgRCyUUXOYLDEl5p8LQ3G5AYH7XxnqY="},"indexInfo":{"baseKey":"BeCsx5wOm466EP0VVYFdH5MMinXZk6mNnE+ZtlNOap4s","baseKeyType":1,"closed":-1,"used":1735085001080,"created":1735085001080,"remoteIdentityKey":"Bb8EeBEYGfXq+jfmMyuNtj+gPopUzjFKpiUQ1BCEi+8s"},"_chains":{"BViq9oO8Vb8G97Z8IT2J750Ba+xI2nWlAWomBq0v1alR":{"chainKey":{"counter":0,"key":"B6HuoijkcBiIRIOG/cWkSIysh1tomZwQ0/yfDKkxp14="},"chainType":1,"messageKeys":{}}},"pendingPreKey":{"signedKeyId":9,"baseKey":"BeCsx5wOm466EP0VVYFdH5MMinXZk6mNnE+ZtlNOap4s"}}},"version":"v1"}