{"_sessions":{"BXXE5WSF2SuGTZ1eOHOvPB5icjKfafNZ9diFN04zH/Qc":{"registrationId":510119102,"currentRatchet":{"ephemeralKeyPair":{"pubKey":"BU0COHKrjEix6QDJW+xpoW9bxQL1a46ghvJsXjaT4mVd","privKey":"qLj5YSFi6dZQrGEeXangOD6GbTj0n8tqlH0rr+3k71U="},"lastRemoteEphemeralKey":"BckCVqa4Ulef7OZpEtL22U/Xai8IVcc8JttT/DN3wFA9","previousCounter":0,"rootKey":"fcG1KlhnZHvTzNdDFEefv7Pa7HLo1nTGf6U9AOR0EBQ="},"indexInfo":{"baseKey":"BXXE5WSF2SuGTZ1eOHOvPB5icjKfafNZ9diFN04zH/Qc","baseKeyType":1,"closed":-1,"used":1735085019056,"created":1735085019056,"remoteIdentityKey":"Bc8hu59IUT6i7NMoxFIbe2hkEaOOFgYY7OwD1/gWSbsh"},"_chains":{"BU0COHKrjEix6QDJW+xpoW9bxQL1a46ghvJsXjaT4mVd":{"chainKey":{"counter":0,"key":"xwqw3JwKOCntcXCCrRdYV4IYrWUYM0NwP0Y1O7HNV+M="},"chainType":1,"messageKeys":{}}},"pendingPreKey":{"signedKeyId":2,"baseKey":"BXXE5WSF2SuGTZ1eOHOvPB5icjKfafNZ9diFN04zH/Qc","preKeyId":10736394}}},"version":"v1"}