{"_sessions":{"BeTBk31f8sll5VQ11M+H5ErtHcNFzxXgz0eDWEw/SDQ5":{"registrationId":857648658,"currentRatchet":{"ephemeralKeyPair":{"pubKey":"BSzeqKoCIhOw8jghBqe17cvMN8bNHWQ+9wwe6KEWTPU8","privKey":"oH/G/mMASZ70IPs5N/7aDd3PexxnKcRBpp3GDiT6zUs="},"lastRemoteEphemeralKey":"BeHdZt8PL+zY6jol8Hnvvxw8nI1cWGddmANChcVZciUc","previousCounter":0,"rootKey":"v4tjV3vSEviug3oub2/krnaZctYRfaSCCxAp7JvEoDQ="},"indexInfo":{"baseKey":"BeTBk31f8sll5VQ11M+H5ErtHcNFzxXgz0eDWEw/SDQ5","baseKeyType":1,"closed":-1,"used":1735085018788,"created":1735085018788,"remoteIdentityKey":"BTx2Ne1kXvy1/8wyAXIDvcxM2TqThrVywSef9yo1OyVd"},"_chains":{"BSzeqKoCIhOw8jghBqe17cvMN8bNHWQ+9wwe6KEWTPU8":{"chainKey":{"counter":0,"key":"2AhX1EVgCh4WIw9Bti6K6Gc9RkBGPC3Dq780hxdIR5M="},"chainType":1,"messageKeys":{}}},"pendingPreKey":{"signedKeyId":2,"baseKey":"BeTBk31f8sll5VQ11M+H5ErtHcNFzxXgz0eDWEw/SDQ5","preKeyId":16313354}}},"version":"v1"}