{"_sessions":{"BcWqfYu9sdsFHYN7tADrrueJ2ghPpKh871nsbQBOVzU4":{"registrationId":1133765129,"currentRatchet":{"ephemeralKeyPair":{"pubKey":"BYQI1RWpa7kIjDFUP+OTRlw/qCdwe4H8BOoF6dvsWvwA","privKey":"AHiIoIhuvnNBgtLrklZ1pUi+yI9oVgI6pzfz/scsNG8="},"lastRemoteEphemeralKey":"BfOpr1gQMq19t9GKcFkX5miEURqbjDCum9U5hQm7FQ15","previousCounter":0,"rootKey":"hQsUpTmRajHeN+FJf4R8epvemHwa2WWS9ZuQhBsQLSI="},"indexInfo":{"baseKey":"BcWqfYu9sdsFHYN7tADrrueJ2ghPpKh871nsbQBOVzU4","baseKeyType":1,"closed":-1,"used":1735085028208,"created":1735085028208,"remoteIdentityKey":"BYFVebQi5KHVz6T2l0RCkq/ynEtqCu+jUFRzwgVW2JoA"},"_chains":{"BYQI1RWpa7kIjDFUP+OTRlw/qCdwe4H8BOoF6dvsWvwA":{"chainKey":{"counter":0,"key":"mlxgIqFhJEWd9ugLXG81yj9AFubtZDn7hBMjhc0HD9A="},"chainType":1,"messageKeys":{}}},"pendingPreKey":{"signedKeyId":1,"baseKey":"BcWqfYu9sdsFHYN7tADrrueJ2ghPpKh871nsbQBOVzU4","preKeyId":16102043}}},"version":"v1"}