{"_sessions":{"BfHgXX0Gy+3IU5m0Nru2sW6JVrA4JqCpfe4lPjKGvm4B":{"registrationId":1543878366,"currentRatchet":{"ephemeralKeyPair":{"pubKey":"BcJfVAPExOBshURWGpZmc+aRNuSqZVjsVBzIuLjliWJL","privKey":"aEcsQ4IzG0n+7Yxrih0mM8sPj9Zb93zsyH76tZTRinQ="},"lastRemoteEphemeralKey":"BVc4ME46vk2Py80xbUrji1w/Ai+qU+pE9AZ0YH+ablkG","previousCounter":0,"rootKey":"vHY6rlnjAillbAaVbZLTgj/kpW2rLqVOIgurdv0IiJM="},"indexInfo":{"baseKey":"BfHgXX0Gy+3IU5m0Nru2sW6JVrA4JqCpfe4lPjKGvm4B","baseKeyType":1,"closed":-1,"used":1735085003863,"created":1735085003863,"remoteIdentityKey":"BY9cJx6dLYJWL9iyQr76z+cn8t92Dx5f2BuMwY80aiNX"},"_chains":{"BcJfVAPExOBshURWGpZmc+aRNuSqZVjsVBzIuLjliWJL":{"chainKey":{"counter":0,"key":"shqIjJQi0brHSF2UH1LLeMmmQBMMu0OzSTEcDeVJrTQ="},"chainType":1,"messageKeys":{}}},"pendingPreKey":{"signedKeyId":8,"baseKey":"BfHgXX0Gy+3IU5m0Nru2sW6JVrA4JqCpfe4lPjKGvm4B","preKeyId":16214059}}},"version":"v1"}