{"_sessions":{"Bac3RQxykfuhnR56z+Gb4Ph9Yw3AHTkMaSaOuTI3PbU4":{"registrationId":276344017,"currentRatchet":{"ephemeralKeyPair":{"pubKey":"BX+3sPuZbbvBtTf1m78osYmgiGfmBmqVxNA0LdNNh9JK","privKey":"8PbWXDbznLBooB0dJGQcmfH45PuSZkOclvpg1ap8uVs="},"lastRemoteEphemeralKey":"BRCtRuXyt5LuM7bFLfrDecXn0d7beKhTNXVpu50B/7QK","previousCounter":0,"rootKey":"2+/xmftrKrMcqBNmbPQ1TtWoUZ5laGLGjIEhLZ0Sgdk="},"indexInfo":{"baseKey":"Bac3RQxykfuhnR56z+Gb4Ph9Yw3AHTkMaSaOuTI3PbU4","baseKeyType":2,"closed":-1,"used":1738363791133,"created":1738363791133,"remoteIdentityKey":"BV+OeZzHXDHIE97lhCKG894MQeWWj5g8xsH5ZXKnPH92"},"_chains":{"BRCtRuXyt5LuM7bFLfrDecXn0d7beKhTNXVpu50B/7QK":{"chainKey":{"counter":33,"key":"zc+3lNJMWTgmlPs5BuqAV+6jR2KXIlDqYeljkRBL820="},"chainType":2,"messageKeys":{"0":"7xUxhCRW+rHzAVNZu6sPhwUzoNdt6DznRX/7Xiw/LzM=","1":"OpmLE6MPZXvTQZa3X39fcl90+6o8kLNqJcjeTaVrh1A=","2":"VzYCxNwE6gUrf4+nEmU269mf6dQhORz2Kcqw1j67srY=","3":"6yGylBTmznvDDYqh7KlKQkMHPQd956DT+c7zgEBD0qY=","4":"VlVJW4GtJDZ2VYQgjFA/bEldHPwxKxh/3t3HBqVGztY=","5":"snRKi0c7K1EFHm7MDYKxo4PofIGFLo6Fo42eUT8Jk3o="}},"BX+3sPuZbbvBtTf1m78osYmgiGfmBmqVxNA0LdNNh9JK":{"chainKey":{"counter":-1,"key":"bhYIp/UYWVb/Lp8uzTa8CgfYLXh+Mf4hmxakiLBZFoc="},"chainType":1,"messageKeys":{}}}}},"version":"v1"}