{"_sessions":{"BYNrUzOhFn0UG72K33tfppja+4k7joRA5aC6e8MgKPhb":{"registrationId":1002839642,"currentRatchet":{"ephemeralKeyPair":{"pubKey":"BZOaMi3z3kpSr1P9VHnA7pu0u2Um1RszTCXFUMOCXBxm","privKey":"sBU4cTmGcoOse65FXeNwntuQoEBVqUbUD3nzqg8s+mY="},"lastRemoteEphemeralKey":"BXQZaGIdm0GIueQnwJEgt5sagpuvK61R4mPid0uBpSE/","previousCounter":0,"rootKey":"Lv1EMxewf59TS7VJEU26iSP4BAlQuFZ0WEk0Rzf4qLU="},"indexInfo":{"baseKey":"BYNrUzOhFn0UG72K33tfppja+4k7joRA5aC6e8MgKPhb","baseKeyType":1,"closed":-1,"used":1735084997761,"created":1735084997761,"remoteIdentityKey":"BQIbw0Qv+GF/C8G7yv/+R0VLd23e30cSSjUNJh3CxK8N"},"_chains":{"BZOaMi3z3kpSr1P9VHnA7pu0u2Um1RszTCXFUMOCXBxm":{"chainKey":{"counter":0,"key":"/ifF0RIv1qn1U7DRkw+llvhZ2cjTYpLQ8Zul5kSgOs4="},"chainType":1,"messageKeys":{}}},"pendingPreKey":{"signedKeyId":0,"baseKey":"BYNrUzOhFn0UG72K33tfppja+4k7joRA5aC6e8MgKPhb","preKeyId":5677290}}},"version":"v1"}