{"_sessions":{"BQ+n2i611p0z4KdXDXKvSrq6JK+xoU0paZ7/k2sZGf5c":{"registrationId":1285580917,"currentRatchet":{"ephemeralKeyPair":{"pubKey":"BS+XYObwPAtq0xzYOX7jCRYjtFnHihh/oeleGNwe+cM6","privKey":"iL0jJBWUH0318v81YxK1YgAJvkoXUkiSgdrVJEmTkWc="},"lastRemoteEphemeralKey":"BRHuxD5ZM/ejjiJIQml6p9B3CORX7Kdl/Upk9h/sBop+","previousCounter":0,"rootKey":"xxE9wbxSJrBgiFV95vJT8UWB+wZrJP9JCSXO+Fo3DTo="},"indexInfo":{"baseKey":"BQ+n2i611p0z4KdXDXKvSrq6JK+xoU0paZ7/k2sZGf5c","baseKeyType":1,"closed":-1,"used":1735085019010,"created":1735085019010,"remoteIdentityKey":"BVof6M0z6VBs/E7kiYQRg0IBmu4jyHxAzvi8cU4pJOEk"},"_chains":{"BS+XYObwPAtq0xzYOX7jCRYjtFnHihh/oeleGNwe+cM6":{"chainKey":{"counter":0,"key":"IsRsR3gvJ9mDshSBpc4wU4yW5CLH0dr40QVSGzXcQio="},"chainType":1,"messageKeys":{}}},"pendingPreKey":{"signedKeyId":2,"baseKey":"BQ+n2i611p0z4KdXDXKvSrq6JK+xoU0paZ7/k2sZGf5c","preKeyId":16569081}}},"version":"v1"}