{"_sessions":{"BaMnyWM2XevBEB2dNRAKDtd/Vh8YaHxD9e/G4nzsxFZi":{"registrationId":230904637,"currentRatchet":{"ephemeralKeyPair":{"pubKey":"BUsscW8sVzpQI3ig0HkJpXYHA7dN9N+Pp3E7wT9G88En","privKey":"qLhxQltdIgAFABcxbQDu7UKjbm/ovDXNNjdhWclAw0k="},"lastRemoteEphemeralKey":"BR2udmFlb3ajzWQWMD1P2OvPXm91F9xbJ4x99XW7e/Rr","previousCounter":0,"rootKey":"N3BdeYr9n7d/JDyWmciw+T0RrwssM1OylizPQ9K2W8Y="},"indexInfo":{"baseKey":"BaMnyWM2XevBEB2dNRAKDtd/Vh8YaHxD9e/G4nzsxFZi","baseKeyType":1,"closed":-1,"used":1735085018813,"created":1735085018813,"remoteIdentityKey":"BRqvpfKs/Hqrg4XIT3pFiDVnsV0pmUye0Gs3LXArB6pY"},"_chains":{"BUsscW8sVzpQI3ig0HkJpXYHA7dN9N+Pp3E7wT9G88En":{"chainKey":{"counter":0,"key":"O3qpyjigHu9deB25jjI7tz3/8t3RJy+WMg6qzoDow0w="},"chainType":1,"messageKeys":{}}},"pendingPreKey":{"signedKeyId":6,"baseKey":"BaMnyWM2XevBEB2dNRAKDtd/Vh8YaHxD9e/G4nzsxFZi","preKeyId":4534746}}},"version":"v1"}