{"_sessions":{"BXirJN2cw6w+RjKyXsJpWxs9j0PvAnRFV7vmms4UtW1B":{"registrationId":1760811619,"currentRatchet":{"ephemeralKeyPair":{"pubKey":"BRnBl0r8rielrmw69jU6loD/zRII4v1r6ndB5ZnzSk0C","privKey":"EDzU1mF/1YOt1lBzicU6aMq0n9bPhAWfCUcJTabke2M="},"lastRemoteEphemeralKey":"BfE5CxPJJUTHTBQsOZulLOcnZ/J5CZxpjMNfw6xhMooi","previousCounter":0,"rootKey":"OaGlA4ny3C001SBrug54XfFsxJr+7feBQYkrG/PDB2E="},"indexInfo":{"baseKey":"BXirJN2cw6w+RjKyXsJpWxs9j0PvAnRFV7vmms4UtW1B","baseKeyType":1,"closed":-1,"used":1735085016326,"created":1735085016326,"remoteIdentityKey":"BbYAazMJRWMnr2Lz2liLMx9lSfjbSdlHDGCD4lZemxUs"},"_chains":{"BRnBl0r8rielrmw69jU6loD/zRII4v1r6ndB5ZnzSk0C":{"chainKey":{"counter":0,"key":"UCGoLNs2aT2VGTHVvjaejRyxLE1DXzjMUVLS+xFoEyA="},"chainType":1,"messageKeys":{}}},"pendingPreKey":{"signedKeyId":20,"baseKey":"BXirJN2cw6w+RjKyXsJpWxs9j0PvAnRFV7vmms4UtW1B","preKeyId":12195452}}},"version":"v1"}