{"_sessions":{"Bf03JxVbJR8Ik90hlo+asRAlrMoUd0MgNUSKoAp5VRRD":{"registrationId":817,"currentRatchet":{"ephemeralKeyPair":{"pubKey":"Bewo68006cWOiMfS21EKRc9/RdYGk/WFiuARo8mA2ZJz","privKey":"WHbpaTRbyQyXXpsbPT8owSpWEBv0w5aXtiKC08VShnk="},"lastRemoteEphemeralKey":"Bfh7nWP+X22ZlkXVIKqpRc16DNRMCNnXxpT26FSLGXVr","previousCounter":0,"rootKey":"aZqQl8yxmqLz2oNoWBJFRELfKmCApRbwm6EuNv6a3ws="},"indexInfo":{"baseKey":"Bf03JxVbJR8Ik90hlo+asRAlrMoUd0MgNUSKoAp5VRRD","baseKeyType":1,"closed":-1,"used":1738878955710,"created":1738878955710,"remoteIdentityKey":"BY3O89ErIiFVKw0YTH6fy1vUy6b91EaYYRsoiyj7CLUn"},"_chains":{"Bewo68006cWOiMfS21EKRc9/RdYGk/WFiuARo8mA2ZJz":{"chainKey":{"counter":0,"key":"aNh1Pon0bk24Ix1cugb4r5YgYYPwHKWdeoyhKVpTc2E="},"chainType":1,"messageKeys":{}}},"pendingPreKey":{"signedKeyId":1,"baseKey":"Bf03JxVbJR8Ik90hlo+asRAlrMoUd0MgNUSKoAp5VRRD","preKeyId":50}}},"version":"v1"}