{"_sessions":{"Bc/1yVsjoouH2jVaf74aZVr8MYJPy00Ef/P57GAg2Dhj":{"registrationId":1697082128,"currentRatchet":{"ephemeralKeyPair":{"pubKey":"BerHxMeuMxx2NTHqEP3ILyOIWVTJ1cIyjfBU6BZvejlp","privKey":"MPkMiYxoQB/qkbsMiWc6WIfULPlMa6/1T5Ja8yfkyUY="},"lastRemoteEphemeralKey":"BevacZbXF/b+opqURgS2zK7dRBH3qQiP7sZFEhkU8AE9","previousCounter":0,"rootKey":"vstWN8Ke+tWSjRuK0y0rp+vVjD2ZDKV7FYOF/2iDxXY="},"indexInfo":{"baseKey":"Bc/1yVsjoouH2jVaf74aZVr8MYJPy00Ef/P57GAg2Dhj","baseKeyType":1,"closed":-1,"used":1735085024692,"created":1735085024692,"remoteIdentityKey":"BWPJqF1NiAVd2nbAhtDkZsEqN+pOKLLuPuRLZZXjUp87"},"_chains":{"BerHxMeuMxx2NTHqEP3ILyOIWVTJ1cIyjfBU6BZvejlp":{"chainKey":{"counter":0,"key":"NqFPiJCLce5M2Ecx2vO8xM1YUJsgCzKun/clBBBOdQ0="},"chainType":1,"messageKeys":{}}},"pendingPreKey":{"signedKeyId":10,"baseKey":"Bc/1yVsjoouH2jVaf74aZVr8MYJPy00Ef/P57GAg2Dhj","preKeyId":13786016}}},"version":"v1"}