{"_sessions":{"BYPCz0ve+kTSbO0UD5YEIMQ4HQRoQAFvyAfUjM4o2usF":{"registrationId":1867793828,"currentRatchet":{"ephemeralKeyPair":{"pubKey":"BftxxAqUvOsMSNz3427beAuXl/KVRWEQrK0XZCgYIjZJ","privKey":"+AUx5uZ4D8F8S7qf4xdFz19Spa9D7sk1IKYFBBiHl20="},"lastRemoteEphemeralKey":"BdzojqlE6mbxV9qWLYlPouxOsIG6ZyIMGcHwejQL9i4C","previousCounter":0,"rootKey":"qW6LCFxKS8xXK89TK8TpDfQsinEYT9W0xVNRlrobd8M="},"indexInfo":{"baseKey":"BYPCz0ve+kTSbO0UD5YEIMQ4HQRoQAFvyAfUjM4o2usF","baseKeyType":1,"closed":-1,"used":1735085013239,"created":1735085013239,"remoteIdentityKey":"BTutgxNAGoH+GJhocZ2D8TzqDbbE4gK5Zl/Xr/VWHBYf"},"_chains":{"BftxxAqUvOsMSNz3427beAuXl/KVRWEQrK0XZCgYIjZJ":{"chainKey":{"counter":0,"key":"TcotCx9THqdyNg9C4NBZ5Wn4Ce/BwnP9DzJYmmSu7Uw="},"chainType":1,"messageKeys":{}}},"pendingPreKey":{"signedKeyId":6,"baseKey":"BYPCz0ve+kTSbO0UD5YEIMQ4HQRoQAFvyAfUjM4o2usF","preKeyId":9608309}}},"version":"v1"}