{"_sessions":{"BezzuJg6ygQWDt2O9rzXj71GuI5DYWhjl0AHuDv2VKUo":{"registrationId":2306,"currentRatchet":{"ephemeralKeyPair":{"pubKey":"BWcWWwpTy05AlIiTDC6BCJ42EXhwphSyS4Bqvnn8gg4J","privKey":"aOFAV01+GGb4FPFMzwDKtU34svZO9nUZk8ZoSJeUV1M="},"lastRemoteEphemeralKey":"BaJEcilNum5svojJkT0lJCNxuzmZd/l7cH+eqP+15gMK","previousCounter":0,"rootKey":"gEzEoY8BnKtx86yoR8GqaxyWe+Gg/Y6vJfpsJYt0tB0="},"indexInfo":{"baseKey":"BezzuJg6ygQWDt2O9rzXj71GuI5DYWhjl0AHuDv2VKUo","baseKeyType":1,"closed":-1,"used":1735084991743,"created":1735084991743,"remoteIdentityKey":"BXMchgGeV0sE736ZoDOrLgim6MOCy2sti5unnOweHVEd"},"_chains":{"BWcWWwpTy05AlIiTDC6BCJ42EXhwphSyS4Bqvnn8gg4J":{"chainKey":{"counter":0,"key":"Z1VlEoPNgn5tKqePml2hYNr7Uwc31KF5EhSZL7ZQ3t4="},"chainType":1,"messageKeys":{}}},"pendingPreKey":{"signedKeyId":1,"baseKey":"BezzuJg6ygQWDt2O9rzXj71GuI5DYWhjl0AHuDv2VKUo"}}},"version":"v1"}