{"_sessions":{"BYdVdEcJh15be7DCnYe8P2ozED89AuYEyhaYtFOegxtw":{"registrationId":1020501122,"currentRatchet":{"ephemeralKeyPair":{"pubKey":"BVj3Z9diOrUT6t9NOXBgoOEAxY69b5qOvyQaZmGquC48","privKey":"yI42ytFLQUqNQXFcKRIu5HJGOTnKdw2af3bq8DVR3m0="},"lastRemoteEphemeralKey":"BbjHMOFO8veA0Y6Vk/u/OjnDVcd0Y5A/ImrOLHbPx6gv","previousCounter":0,"rootKey":"fbzVS0ilhZolQEhFPKk+kZ2ax2kgINEINoP7VH5H2rw="},"indexInfo":{"baseKey":"BYdVdEcJh15be7DCnYe8P2ozED89AuYEyhaYtFOegxtw","baseKeyType":1,"closed":-1,"used":1735085028166,"created":1735085028166,"remoteIdentityKey":"BUL/kkqIa+1g4ba3KCRIOakEDwxMHwht8KH3DWHgfzBo"},"_chains":{"BVj3Z9diOrUT6t9NOXBgoOEAxY69b5qOvyQaZmGquC48":{"chainKey":{"counter":0,"key":"kUgpHwSH3HDDSKCc8Z29DVHsAZa72B1iHj0g/Q+IZxk="},"chainType":1,"messageKeys":{}}},"pendingPreKey":{"signedKeyId":17,"baseKey":"BYdVdEcJh15be7DCnYe8P2ozED89AuYEyhaYtFOegxtw","preKeyId":2626457}}},"version":"v1"}