{"_sessions":{"BTp7g8cyEu/JJc7993nepklPoY9MI/Z+gjDJoqNgxZlr":{"registrationId":788691976,"currentRatchet":{"ephemeralKeyPair":{"pubKey":"BSh6uR1AndILb7UkbFv2rbu+C/inL07BPvgXeojcd0YC","privKey":"UC62Y3nsSQs4Wxz1U2/Z9Yqaq3a0B+zd8cRbqrz0+HY="},"lastRemoteEphemeralKey":"BRr+Wlld8WSyrz+sahrntfH6jZZf5bLvDv0uTrpNHVYh","previousCounter":0,"rootKey":"n5Fnv9HHWwf765ecCAFy/ATnSCwwwTLr6jaGR3dYTjM="},"indexInfo":{"baseKey":"BTp7g8cyEu/JJc7993nepklPoY9MI/Z+gjDJoqNgxZlr","baseKeyType":1,"closed":-1,"used":1735085016223,"created":1735085016223,"remoteIdentityKey":"BXpKIvCsd1bidROzNI2VQY+x+pLMENqbnxoye61AWqJ4"},"_chains":{"BSh6uR1AndILb7UkbFv2rbu+C/inL07BPvgXeojcd0YC":{"chainKey":{"counter":0,"key":"Db1vkExdqs0YJxx4jN/P6eth8zEUXjMX58Roe9/xh6c="},"chainType":1,"messageKeys":{}}},"pendingPreKey":{"signedKeyId":1,"baseKey":"BTp7g8cyEu/JJc7993nepklPoY9MI/Z+gjDJoqNgxZlr"}}},"version":"v1"}