{"_sessions":{"Bbmv85cRN3q3v/rF9idw9MULWE8HWRkdSBNsjGsDpEUA":{"registrationId":1935938576,"currentRatchet":{"ephemeralKeyPair":{"pubKey":"BQCv5tbJmaD0voU1hf5SJBXOI3vBoHN2x4L5UOhlUOVR","privKey":"sLx0uCrMegBOuf8Hwk1Nz295STbNq5lNKthL95KesUY="},"lastRemoteEphemeralKey":"BWCZeCVKQiPEeuh+k7x+H1HOurorPUKTOF3fHk8Kk+Un","previousCounter":0,"rootKey":"9BGCF5MagbA94iXPn9+olaqzvf26CtlcCMQbnU9R0bQ="},"indexInfo":{"baseKey":"Bbmv85cRN3q3v/rF9idw9MULWE8HWRkdSBNsjGsDpEUA","baseKeyType":1,"closed":-1,"used":1738763243531,"created":1738763243531,"remoteIdentityKey":"BTF5VSgs/P8ltZ1N/68HedtN/mv3v3D77Ty3w/HH9rsq"},"_chains":{"BQCv5tbJmaD0voU1hf5SJBXOI3vBoHN2x4L5UOhlUOVR":{"chainKey":{"counter":0,"key":"DcU3wYAAUEqw0wPJF68xf1CuJu8xtCBuGWf6MD/wxm4="},"chainType":1,"messageKeys":{}}},"pendingPreKey":{"signedKeyId":1,"baseKey":"Bbmv85cRN3q3v/rF9idw9MULWE8HWRkdSBNsjGsDpEUA","preKeyId":22}}},"version":"v1"}