{"_sessions":{"Bc4bwsR8E2s3TLQfAgNZ54hVNVF1eGB6XsrGubN33Klm":{"registrationId":982620334,"currentRatchet":{"ephemeralKeyPair":{"pubKey":"BWtG7M8cu9/ERTbxr/441HapyiNPYhwp8/AhWtc5Wh9w","privKey":"qL6AoZIjSVRApUhprzzAIi+D9r+ehUcsbAUUcWIi/Fk="},"lastRemoteEphemeralKey":"BRaoUMWJj9dN693w0pt5DIre6dElkArBnwVACqGkQxN5","previousCounter":0,"rootKey":"elj073/LXFEDg/lQTRwk30+DEEMh+1+ZU3qXXzX0ajo="},"indexInfo":{"baseKey":"Bc4bwsR8E2s3TLQfAgNZ54hVNVF1eGB6XsrGubN33Klm","baseKeyType":1,"closed":-1,"used":1735085016043,"created":1735085016043,"remoteIdentityKey":"BUwUvzuqbN2M+u8p0RI0KJIpQh+8cbuDLQ6OyvB85Do7"},"_chains":{"BWtG7M8cu9/ERTbxr/441HapyiNPYhwp8/AhWtc5Wh9w":{"chainKey":{"counter":0,"key":"tDYbCL/kyBHLtSpFVspiIupyYeEI4ufeU4hDAjJLBUM="},"chainType":1,"messageKeys":{}}},"pendingPreKey":{"signedKeyId":6,"baseKey":"Bc4bwsR8E2s3TLQfAgNZ54hVNVF1eGB6XsrGubN33Klm","preKeyId":4185902}}},"version":"v1"}