{"_sessions":{"BRkZDkv/SB3T11cqU0VJnl/xkQ0+dvmfruoMwkqRePIA":{"registrationId":419167933,"currentRatchet":{"ephemeralKeyPair":{"pubKey":"BeRaZXYxkAphNNzlzW+kP1gy3OD1TI6sUQuhjJJyzKAu","privKey":"6LAFCvnlrx05qMnY5vF63r/FaxMLFDx/0okx7GKbSVM="},"lastRemoteEphemeralKey":"BeUG9Nh5HiLWYFSsc/2B4JFEEJJWXXSq98UhcmeaOq8e","previousCounter":0,"rootKey":"loDklTJdLDLF/kG4imRqnL3HR0tL4dKd50opwwOcnP4="},"indexInfo":{"baseKey":"BRkZDkv/SB3T11cqU0VJnl/xkQ0+dvmfruoMwkqRePIA","baseKeyType":1,"closed":-1,"used":1735085007011,"created":1735085007011,"remoteIdentityKey":"BSnxyy99Z1e4lj0jgTuwnswzH6hfRG9WGb38cyc6Yvof"},"_chains":{"BeRaZXYxkAphNNzlzW+kP1gy3OD1TI6sUQuhjJJyzKAu":{"chainKey":{"counter":0,"key":"bU2nqM7q1Uzs3RSp9vPdZzGuU7qs/5X0xPOM+yfirIs="},"chainType":1,"messageKeys":{}}},"pendingPreKey":{"signedKeyId":14,"baseKey":"BRkZDkv/SB3T11cqU0VJnl/xkQ0+dvmfruoMwkqRePIA","preKeyId":5738856}}},"version":"v1"}