{"_sessions":{"BYkaAam5OqzLd/GBMHbzIJncu3SOsfA2s6u81wUoa04Y":{"registrationId":4896,"currentRatchet":{"ephemeralKeyPair":{"pubKey":"BXeumEm4FYgO+D/nJz2KvaEjpatIyeWTpQ0GmdoWQmAr","privKey":"yH+csInCIt9GRrdOdKnifxvGVGzjlX4vHZyb/l+INFU="},"lastRemoteEphemeralKey":"BTIS+ViV8La2IWiuZBaNOkvbpLWH1qXS2X3z4WIccilK","previousCounter":0,"rootKey":"xRMLABID2IS+IZ6kBQkLttPeakX3dAqnXICtMZD61Uk="},"indexInfo":{"baseKey":"BYkaAam5OqzLd/GBMHbzIJncu3SOsfA2s6u81wUoa04Y","baseKeyType":1,"closed":-1,"used":1735084995101,"created":1735084995101,"remoteIdentityKey":"BdR+sPn6Z8kPRUXjhsV4lak58MMqKalcOa2lOF9eeoUp"},"_chains":{"BXeumEm4FYgO+D/nJz2KvaEjpatIyeWTpQ0GmdoWQmAr":{"chainKey":{"counter":0,"key":"KZ2WhL12NuAvgf+Qhrj5q5XPJzIGIQCTi2zPXZB/i+k="},"chainType":1,"messageKeys":{}}},"pendingPreKey":{"signedKeyId":1,"baseKey":"BYkaAam5OqzLd/GBMHbzIJncu3SOsfA2s6u81wUoa04Y","preKeyId":318}}},"version":"v1"}