{"_sessions":{"BcZPG5Ux5RsAFlJkpB5ve5JDvQtu6TyWSn2WXRT8JVs8":{"registrationId":5356,"currentRatchet":{"ephemeralKeyPair":{"pubKey":"BQeffE7KoE8pnUU18Bjlb0OLPc+cJ86ku/LitFmzEpUZ","privKey":"iEAm9pG7gYg+FKofB//Rx6EM3G0c46pCEUZqu5FPWlE="},"lastRemoteEphemeralKey":"BfDMVLkr5B6GKjOeDC9uyD9dzx3piSLP7LxYHwkP+iNj","previousCounter":0,"rootKey":"HJFyzwgdTvNxNjomuhy1Umjh2w+6rNaFCnaPFY4vWNQ="},"indexInfo":{"baseKey":"BcZPG5Ux5RsAFlJkpB5ve5JDvQtu6TyWSn2WXRT8JVs8","baseKeyType":1,"closed":-1,"used":1735084988320,"created":1735084988320,"remoteIdentityKey":"BZfiK+v59j4aUSr7Bmt8MeucgPvN43T7VnrLUOrFIgh8"},"_chains":{"BQeffE7KoE8pnUU18Bjlb0OLPc+cJ86ku/LitFmzEpUZ":{"chainKey":{"counter":0,"key":"W1d7jQKGE0NfYpCvy3owZoxr94MLkVRVEyTclAFJNzM="},"chainType":1,"messageKeys":{}}},"pendingPreKey":{"signedKeyId":1,"baseKey":"BcZPG5Ux5RsAFlJkpB5ve5JDvQtu6TyWSn2WXRT8JVs8","preKeyId":932}}},"version":"v1"}