{"_sessions":{"BQZ1gS1QMc/O29YXdXnZtEw+KnFvsXJ4uTINbHl+I29y":{"registrationId":1195744029,"currentRatchet":{"ephemeralKeyPair":{"pubKey":"BZstL2KR9juRzohS1kTrhHTmH/Of3PEPI5MdJG3WSrgT","privKey":"yL4o55PEUFjEeqR0MR87hsV9A+OJAermKRn9C9EDWk4="},"lastRemoteEphemeralKey":"BUUZHcuVFfWcHDz+coGov6b3uBuuwCOeUkHMzXAuuRkn","previousCounter":0,"rootKey":"nLWfXJSNcKsIHUPIw1a4Cox6bFnvNMlopCd3P1c9VSM="},"indexInfo":{"baseKey":"BQZ1gS1QMc/O29YXdXnZtEw+KnFvsXJ4uTINbHl+I29y","baseKeyType":1,"closed":-1,"used":1735085000909,"created":1735085000909,"remoteIdentityKey":"BQiNtkLAz+wkiSZlQGfRqcjBvky21t4OEPILVBbhjpBT"},"_chains":{"BZstL2KR9juRzohS1kTrhHTmH/Of3PEPI5MdJG3WSrgT":{"chainKey":{"counter":0,"key":"IZ5Xn4sfGnHGbYZOL27oHyjfW7YoPJFTIWeVQEduhL8="},"chainType":1,"messageKeys":{}}},"pendingPreKey":{"signedKeyId":16,"baseKey":"BQZ1gS1QMc/O29YXdXnZtEw+KnFvsXJ4uTINbHl+I29y"}}},"version":"v1"}