{"_sessions":{"BdYVTolhYA45hacViOVSvzjy1CnfIy1ngPs5IUPZDk4S":{"registrationId":1719783001,"currentRatchet":{"ephemeralKeyPair":{"pubKey":"BXOm+0WEvEWRVUDoDDP1ZHsFyubnqpvaISmQWTenqp8s","privKey":"gDlaVt3WsvSmGZLKfD9SNttxEp/TowOrarCd0bfm/3k="},"lastRemoteEphemeralKey":"BUmQq6nrvZ2w3IeMM5cgSHNqW3QXc7W0LKGqnNc2OZFh","previousCounter":0,"rootKey":"Lj48nTqjdwIBiGosy2e5nCQl5n0HcrBOqWvfs1k/ivw="},"indexInfo":{"baseKey":"BdYVTolhYA45hacViOVSvzjy1CnfIy1ngPs5IUPZDk4S","baseKeyType":1,"closed":-1,"used":1735085016138,"created":1735085016138,"remoteIdentityKey":"BZOov/t9PpD++Mbyde4KxuCdaTUxpzdGTfL6Q5FfJzdC"},"_chains":{"BXOm+0WEvEWRVUDoDDP1ZHsFyubnqpvaISmQWTenqp8s":{"chainKey":{"counter":0,"key":"fgofUvjlk0oSYXZ9jC4a9YxUMKEE96WAaYc+NjsXA+M="},"chainType":1,"messageKeys":{}}},"pendingPreKey":{"signedKeyId":7,"baseKey":"BdYVTolhYA45hacViOVSvzjy1CnfIy1ngPs5IUPZDk4S","preKeyId":5676824}}},"version":"v1"}