{"_sessions":{"Be9nPANteWqWR7tM6+b/fRcBLSHo6udv6QGWj8fL9ExR":{"registrationId":11545,"currentRatchet":{"ephemeralKeyPair":{"pubKey":"BR9HiCyrujyIubr0Jz8qX2+BQTYg5/fNJZSEcRfYkIUK","privKey":"2PNAMGfJujHBcAlD8tYwrkrHpHfWbMz3/R5fxMN/XWA="},"lastRemoteEphemeralKey":"BXOo+nHr/MrJqVjqMYnidpjgvEZZe5xZn0yLDYBKuq0v","previousCounter":0,"rootKey":"wVIB8N14q2dXcFDrp7YCsEiIc5nG5GLFOsI1qdYUtbQ="},"indexInfo":{"baseKey":"Be9nPANteWqWR7tM6+b/fRcBLSHo6udv6QGWj8fL9ExR","baseKeyType":1,"closed":-1,"used":1735084988192,"created":1735084988192,"remoteIdentityKey":"BbcYCBmDyxg0svK1CTvVSJ5mGH0fhnd3/fznYTQr8Lov"},"_chains":{"BR9HiCyrujyIubr0Jz8qX2+BQTYg5/fNJZSEcRfYkIUK":{"chainKey":{"counter":0,"key":"Q2jkjI18Bm4fl2MfPWm8CD1m+gsTsVnhho1tasE3T/g="},"chainType":1,"messageKeys":{}}},"pendingPreKey":{"signedKeyId":3,"baseKey":"Be9nPANteWqWR7tM6+b/fRcBLSHo6udv6QGWj8fL9ExR","preKeyId":4508}}},"version":"v1"}