{"_sessions":{"BXhZaVXvBdRNajDcy16VDt866Apy3rRlBU8l2+rtI6Yl":{"registrationId":417817450,"currentRatchet":{"ephemeralKeyPair":{"pubKey":"BWMtdDg64Z5/sDrynf2YjFPF9Vzm7KXg8lLLnQE4zct3","privKey":"CAKWQk+eEjvDhu/h/8LIUGZXzEkg5RRylGu20jU5znQ="},"lastRemoteEphemeralKey":"BZr7ZfZCXbuwjcWOGxFvHH1J+Xi5J0bURaTceM3nSiNE","previousCounter":0,"rootKey":"7Chf2CK1p2hnLjyCLGDTa22LlLLmZ8OuHNT++8kXWb4="},"indexInfo":{"baseKey":"BXhZaVXvBdRNajDcy16VDt866Apy3rRlBU8l2+rtI6Yl","baseKeyType":1,"closed":-1,"used":1735085016426,"created":1735085016426,"remoteIdentityKey":"BZHNM9K3gtU0pangE9cIC2OIlQvD51JNKjcUyLp8ioI7"},"_chains":{"BWMtdDg64Z5/sDrynf2YjFPF9Vzm7KXg8lLLnQE4zct3":{"chainKey":{"counter":0,"key":"A6qGXks7cDFodi43KEllzNmvRCVrfuxo2jVjZlaiPB8="},"chainType":1,"messageKeys":{}}},"pendingPreKey":{"signedKeyId":10,"baseKey":"BXhZaVXvBdRNajDcy16VDt866Apy3rRlBU8l2+rtI6Yl","preKeyId":4941274}}},"version":"v1"}