{"_sessions":{"BXSeHJNeZ2D+2zXNz6Lv+JpbbccVQUyh4Ez1w3kwMzcQ":{"registrationId":13615,"currentRatchet":{"ephemeralKeyPair":{"pubKey":"BeSUuu9a10HTSOZjFLYb1UZA6SknQrRLnkupq//JLx92","privKey":"MK37GdtBDA2Eyyo0i5uhzeAWghKuW5gSeVeakNZ9umE="},"lastRemoteEphemeralKey":"BZi7ayUKNPT55pJvyxXpI3/il0QGFqlLRsWmyI1EeXtS","previousCounter":0,"rootKey":"Tq0V89QpcTHVP9ut79OkyUNryDtRB1I7xTOgC7hofY0="},"indexInfo":{"baseKey":"BXSeHJNeZ2D+2zXNz6Lv+JpbbccVQUyh4Ez1w3kwMzcQ","baseKeyType":1,"closed":-1,"used":1735084994881,"created":1735084994881,"remoteIdentityKey":"BUlOCRKwynb9BesK8YgnqM+4FvR+zK8HJJ1el+WBAEga"},"_chains":{"BeSUuu9a10HTSOZjFLYb1UZA6SknQrRLnkupq//JLx92":{"chainKey":{"counter":0,"key":"ztjCJlpD8WpxE334YXIeTxHvzruPaC9Ogabyb7YYiMA="},"chainType":1,"messageKeys":{}}},"pendingPreKey":{"signedKeyId":1,"baseKey":"BXSeHJNeZ2D+2zXNz6Lv+JpbbccVQUyh4Ez1w3kwMzcQ"}}},"version":"v1"}