{"_sessions":{"BaH5fyUWdU8dw2MVY2yJNta7dT5VcvLCQ+kNw/qhX15P":{"registrationId":1083067848,"currentRatchet":{"ephemeralKeyPair":{"pubKey":"BYdidNRQAHfdoqyOWHFA81XBodH4UlSO7lz6HVZV0+QU","privKey":"4Gti5X3llLla48DZokPNCqGHlPfichyA9lwfc8A/mFA="},"lastRemoteEphemeralKey":"BRUSvB98Rgs8IxWFkMlOrPKgo7r5jqK0O8r1Ie/ie7V9","previousCounter":0,"rootKey":"Zx8VttdOEeGojAooUdqd86md78ZBOFHPJhnJxsqZy+0="},"indexInfo":{"baseKey":"BaH5fyUWdU8dw2MVY2yJNta7dT5VcvLCQ+kNw/qhX15P","baseKeyType":1,"closed":-1,"used":1735085006486,"created":1735085006486,"remoteIdentityKey":"Bbxt+kqTBBg8MHaT9dSuRHriKfqg4C63rCHh3jnwbg02"},"_chains":{"BYdidNRQAHfdoqyOWHFA81XBodH4UlSO7lz6HVZV0+QU":{"chainKey":{"counter":0,"key":"mmbI6Sz7Mp9rwlXKXDhWXAjmUAfBA5iU2C8z1SkYIkQ="},"chainType":1,"messageKeys":{}}},"pendingPreKey":{"signedKeyId":3,"baseKey":"BaH5fyUWdU8dw2MVY2yJNta7dT5VcvLCQ+kNw/qhX15P","preKeyId":9752097}}},"version":"v1"}