{"_sessions":{"BfqUUmw+glgco6yRta4zMLEKZx1g983C5K0R45h37SdH":{"registrationId":624119888,"currentRatchet":{"ephemeralKeyPair":{"pubKey":"BZlY/Xn5oEBD7lXK6tICUdv+hd5o+I7ovHUpleL5oX9y","privKey":"4Fh1xt8Vl1sWzoPtenyvURoxExqoVqagml7KP2ZS3UI="},"lastRemoteEphemeralKey":"Be+AiZoQPVRxgR6ePDnhdSTMTbIyFlm0RZSF578FHrcr","previousCounter":0,"rootKey":"ojAx/4r1i7FPBxJOJPH6+3YKNfobVSbBI5vg2C7cNkY="},"indexInfo":{"baseKey":"BfqUUmw+glgco6yRta4zMLEKZx1g983C5K0R45h37SdH","baseKeyType":1,"closed":-1,"used":1738701520817,"created":1735085025075,"remoteIdentityKey":"BX3p3iGlrtWgd5lvR7RfGLY/k1sl8NmkvHf+kltv26Bk"},"_chains":{"Be+AiZoQPVRxgR6ePDnhdSTMTbIyFlm0RZSF578FHrcr":{"chainKey":{"counter":11,"key":"2Zmf5o3LDTHUoJd2FtOnjzQZtYxnGVjPqk+n3SlsKKA="},"chainType":2,"messageKeys":{}},"BZlY/Xn5oEBD7lXK6tICUdv+hd5o+I7ovHUpleL5oX9y":{"chainKey":{"counter":-1,"key":"cUqNEbrmk2iQzlp4hvtDxM3bXcQC4WVq6p6IYzhboAI="},"chainType":1,"messageKeys":{}}}}},"version":"v1"}