{"_sessions":{"Bb34HYliHDf8XNR4jQibXqkzCOuooOK4qLemkTnhF/B+":{"registrationId":1144810528,"currentRatchet":{"ephemeralKeyPair":{"pubKey":"BeN7vbmsJwVD8ronf4/jbkHqZ+ixtTOq6lXXDweeTpl0","privKey":"WFenEikOlYGg9WeTGQoEMq1bfFkYyRJT6oKbLpN9pUo="},"lastRemoteEphemeralKey":"BbAiKbzI6cdSGZh203LKrVR8WP0weOaShneF2SyNXjN1","previousCounter":0,"rootKey":"YgMgFLRxqDfI//TywJt2iFV/Ci9l5WqCxv9BGTNqANQ="},"indexInfo":{"baseKey":"Bb34HYliHDf8XNR4jQibXqkzCOuooOK4qLemkTnhF/B+","baseKeyType":1,"closed":-1,"used":1735085022400,"created":1735085022400,"remoteIdentityKey":"BYVzZ6rRKOOeinwHutDA9mnnFJEi/KoQvs06VvJbATBG"},"_chains":{"BeN7vbmsJwVD8ronf4/jbkHqZ+ixtTOq6lXXDweeTpl0":{"chainKey":{"counter":0,"key":"UfTYaAU52N1UB/R7eUcgX6ja7Fmyi5K4hG+GdqOwpww="},"chainType":1,"messageKeys":{}}},"pendingPreKey":{"signedKeyId":2,"baseKey":"Bb34HYliHDf8XNR4jQibXqkzCOuooOK4qLemkTnhF/B+","preKeyId":15207754}}},"version":"v1"}