{"_sessions":{"BfMqRSymR+uOBUAMpVKnNiW79zEElOs4jvLjHE5kuBBr":{"registrationId":1397858093,"currentRatchet":{"ephemeralKeyPair":{"pubKey":"BZn3R7IcKCOtD7eU0f9K4to8Cv7fS/13t/j8wX9phvEQ","privKey":"EGygPqX8Z1KjeJLg5OB+epD8kah3NxQH+SvrfyjbYVY="},"lastRemoteEphemeralKey":"BeHIHdINN7ijyimBeYDGaXfeMLYGigS2eeDRTywAeos4","previousCounter":0,"rootKey":"KL9Vsrr0nyFpF93Hgg2pXpVCIineCzg0U8CpGgmCCec="},"indexInfo":{"baseKey":"BfMqRSymR+uOBUAMpVKnNiW79zEElOs4jvLjHE5kuBBr","baseKeyType":1,"closed":-1,"used":1735085010033,"created":1735085010033,"remoteIdentityKey":"BQWSyyMfMddF0ia8eg2y4CBO3Bf9fIV0vXbxdWetyitq"},"_chains":{"BZn3R7IcKCOtD7eU0f9K4to8Cv7fS/13t/j8wX9phvEQ":{"chainKey":{"counter":0,"key":"RXlqL2xHty6q9p5P59ttzKM7k0UPaG9A4NbqkdOKSEM="},"chainType":1,"messageKeys":{}}},"pendingPreKey":{"signedKeyId":8,"baseKey":"BfMqRSymR+uOBUAMpVKnNiW79zEElOs4jvLjHE5kuBBr","preKeyId":8131245}}},"version":"v1"}