{"_sessions":{"BV7+0+EQ5/MK3C+gVtZc94OBT4W8exLI7ha2hlup3fVn":{"registrationId":1333156522,"currentRatchet":{"ephemeralKeyPair":{"pubKey":"BWMB/BUnytpFJT4I5/Fr+FdKOfSbb+blsmYcXn84D7Rv","privKey":"6G3TA2hyOo/0e23EZpGPWDdv27rkD4I2rzdRvVb2V0c="},"lastRemoteEphemeralKey":"BQhqViXAZDS7L8e3gCr9tmUdVo/PLIqukMzKC8RE5Nc8","previousCounter":0,"rootKey":"TW8iyEWaQ2pHivbx2O9ovNPLGvJeAQ2hGB7w3KKmglg="},"indexInfo":{"baseKey":"BV7+0+EQ5/MK3C+gVtZc94OBT4W8exLI7ha2hlup3fVn","baseKeyType":1,"closed":-1,"used":1735085003709,"created":1735085003709,"remoteIdentityKey":"BQwVJ+/LBPdiD2uzBXlLnIkTNng7qeg9TwSMrY3tknRK"},"_chains":{"BWMB/BUnytpFJT4I5/Fr+FdKOfSbb+blsmYcXn84D7Rv":{"chainKey":{"counter":0,"key":"HQ7oTUBdxyJUf7hg1v1wnZroySdyXdebvvahNTvI7bI="},"chainType":1,"messageKeys":{}}},"pendingPreKey":{"signedKeyId":2,"baseKey":"BV7+0+EQ5/MK3C+gVtZc94OBT4W8exLI7ha2hlup3fVn","preKeyId":10835778}}},"version":"v1"}