{"_sessions":{"BY6baIrKfEVrK+3boZHydFa3Fdh3QsfV2GV3q1N2b1Rg":{"registrationId":807473007,"currentRatchet":{"ephemeralKeyPair":{"pubKey":"BfInaw4CXue6X2bOXx4owgEmJhSeIu6qhrqOJVfhhHIH","privKey":"SG0MNmKb6ocbGA4lHUQJM/A1UkjMQSCREup26y4ZjV0="},"lastRemoteEphemeralKey":"BbYTQYrlVyaTGB9oXqGmBeAA0aZIRwBEZz+0veUSFbs/","previousCounter":0,"rootKey":"m0ziWZPfrsZnK5fMKkXUbVi5Vygc5zL8wKpMVKpt6OA="},"indexInfo":{"baseKey":"BY6baIrKfEVrK+3boZHydFa3Fdh3QsfV2GV3q1N2b1Rg","baseKeyType":1,"closed":-1,"used":1735085022259,"created":1735085022259,"remoteIdentityKey":"BVuE53lmyxhqC2W0lP9G6xgDHIWi7GaDwCMbRqXHHt8Q"},"_chains":{"BfInaw4CXue6X2bOXx4owgEmJhSeIu6qhrqOJVfhhHIH":{"chainKey":{"counter":0,"key":"BjeQg7FbG2e2JZ7t0LP41euBDbilUxqKyx9lyK1A4Gc="},"chainType":1,"messageKeys":{}}},"pendingPreKey":{"signedKeyId":12,"baseKey":"BY6baIrKfEVrK+3boZHydFa3Fdh3QsfV2GV3q1N2b1Rg","preKeyId":11636170}}},"version":"v1"}