{"_sessions":{"BSSOE3HGMKNdmpAFMdvCTwr+Vy/iPeZfr8cjfgyVf1kZ":{"registrationId":1956064202,"currentRatchet":{"ephemeralKeyPair":{"pubKey":"BbuuBWBHB+3kIiQwQOrhfY+9HI+zJYA5bECh0dFifBYD","privKey":"IJ6jcCuWvb8ZjexabxzlFH2mEUki1U82Z9lEHch6dH4="},"lastRemoteEphemeralKey":"BYNNQlQAJXD+HN1xLdUZqk5Wv9Sw3Cv0trh0fxqbm+xb","previousCounter":0,"rootKey":"N/O6ETY9pV11GokIQlFrOg8DRmLoAesFIxVVK/dTF34="},"indexInfo":{"baseKey":"BSSOE3HGMKNdmpAFMdvCTwr+Vy/iPeZfr8cjfgyVf1kZ","baseKeyType":1,"closed":-1,"used":1735084988671,"created":1735084988671,"remoteIdentityKey":"BT/BMTCECrPh3X02cANVo+aNb21YDzrySCpcTcU5sNpL"},"_chains":{"BbuuBWBHB+3kIiQwQOrhfY+9HI+zJYA5bECh0dFifBYD":{"chainKey":{"counter":0,"key":"raK9X2a619afWNimAAl6wwF4I9Sz0+XGEW9HOVrgt08="},"chainType":1,"messageKeys":{}}},"pendingPreKey":{"signedKeyId":1,"baseKey":"BSSOE3HGMKNdmpAFMdvCTwr+Vy/iPeZfr8cjfgyVf1kZ","preKeyId":1427}}},"version":"v1"}