{"_sessions":{"Bas1M0RB8RdCpAAq6VbP2u6y0v+ZliU+7rzHVLh/mdxe":{"registrationId":1967755579,"currentRatchet":{"ephemeralKeyPair":{"pubKey":"BQof/kMTOsAyHnPiBYhpKiZMWm385tJJyv9DBowOBrtJ","privKey":"SCr5mtzrQQFczd9dp+UmcizRN2CnlJKG7LfepNas7lQ="},"lastRemoteEphemeralKey":"BTEEVzCMBZnAYjPKRYMOOqiPi7mFL0Tz0zAfVH6AkwNN","previousCounter":0,"rootKey":"Gg1r23rzr1ilgDk8XxCC0b8A/dG9KxGZGWT/VGwk9GM="},"indexInfo":{"baseKey":"Bas1M0RB8RdCpAAq6VbP2u6y0v+ZliU+7rzHVLh/mdxe","baseKeyType":1,"closed":-1,"used":1738445600620,"created":1738445600620,"remoteIdentityKey":"BS9R88KTBE6+Z15ml73RqD1VXUmErhw8G0TdVdO8H7wk"},"_chains":{"BQof/kMTOsAyHnPiBYhpKiZMWm385tJJyv9DBowOBrtJ":{"chainKey":{"counter":0,"key":"3NPhABIno51adOW9q1VpxMh/xyrmdhOAwqC9Smn1gBA="},"chainType":1,"messageKeys":{}}},"pendingPreKey":{"signedKeyId":1,"baseKey":"Bas1M0RB8RdCpAAq6VbP2u6y0v+ZliU+7rzHVLh/mdxe","preKeyId":3467785}}},"version":"v1"}