{"_sessions":{"BVAcJj3TST25u4FxfnkHHGwLfZ2NyMKpfweeYBjWvVIL":{"registrationId":637178396,"currentRatchet":{"ephemeralKeyPair":{"pubKey":"BSAOUUlX0n28vMwxSghW9NdQa8eqSRs1b8JGWkvZRh0U","privKey":"4JVtRhXFC2Wfcdc4UOEFRecHpwMvpcLglzEFRI2suEw="},"lastRemoteEphemeralKey":"BfZ6q87c/uWa5P8MTFzMD6b3uRpsBNlzbJHEwHw2sn9U","previousCounter":0,"rootKey":"bjnGSss0ZdLVdpT7fRATV4g4YzXrlYsQiXzIXoBvwgI="},"indexInfo":{"baseKey":"BVAcJj3TST25u4FxfnkHHGwLfZ2NyMKpfweeYBjWvVIL","baseKeyType":1,"closed":1737918983715,"used":1735085000710,"created":1735085000710,"remoteIdentityKey":"BSx4XVsNSlg1JN8kyAHgS+EACMuB8HUESIHwn+efFSZz"},"_chains":{"BSAOUUlX0n28vMwxSghW9NdQa8eqSRs1b8JGWkvZRh0U":{"chainKey":{"counter":0,"key":"QZL1ApW9Sqhk1NGJQn8TFH/r49DisR8rpZeZLfKuJQg="},"chainType":1,"messageKeys":{}}},"pendingPreKey":{"signedKeyId":18,"baseKey":"BVAcJj3TST25u4FxfnkHHGwLfZ2NyMKpfweeYBjWvVIL","preKeyId":11537895}},"BQkMpIoqGNKhWu7j6tS8VZ/72tCAhqi01JxU2PqNCKp6":{"registrationId":1781611857,"currentRatchet":{"ephemeralKeyPair":{"pubKey":"BdgVE94shqoKeb2v7rkFxadpEhVBDS3Fj10ZQXpUOcN+","privKey":"cCeet36x77C1CM6s+pX5peoQ4oLgwQczm9tjDzIctHg="},"lastRemoteEphemeralKey":"BR+kCwhdKCxSfpcR+ZYMjje4q021ncYwMkMKigr0KPsp","previousCounter":0,"rootKey":"dRhM2nkbwdw+2XZnC+IZ7Z9EYbJ/FDO6kldCN2+G/7w="},"indexInfo":{"baseKey":"BQkMpIoqGNKhWu7j6tS8VZ/72tCAhqi01JxU2PqNCKp6","baseKeyType":2,"closed":-1,"used":1737918983730,"created":1737918983730,"remoteIdentityKey":"BSMkeX+HujMC8Z7Rs9lKOw8wku1UYE3rG+iaeOr7n3ss"},"_chains":{"BR+kCwhdKCxSfpcR+ZYMjje4q021ncYwMkMKigr0KPsp":{"chainKey":{"counter":0,"key":"aPvktbekE7RD74SMIlqepjFeojK8DY6Jo0AjVVedbPg="},"chainType":2,"messageKeys":{}},"BdgVE94shqoKeb2v7rkFxadpEhVBDS3Fj10ZQXpUOcN+":{"chainKey":{"counter":-1,"key":"UHNFm8GcqTy4ZP2KJ+lm+4pHQg0ijw/SLXAqbWeXQSk="},"chainType":1,"messageKeys":{}}}}},"version":"v1"}