{"_sessions":{"BXUePRmXfyaQ+U6I4LTswtXwNxjz+rs3NFTgYKJkyLMF":{"registrationId":576883056,"currentRatchet":{"ephemeralKeyPair":{"pubKey":"BcdczbS9siy/LYmzFw6IizgnNK2waSTqratdMTB9LU1U","privKey":"gJWTcE6ZbLjyv9tul/aYKXuHSQmj8Ja4H0dkloq9FXc="},"lastRemoteEphemeralKey":"Behjdf/Z9C+4WdqtTp9dlmSiS9EUpWIrtVYdaRmzNOw1","previousCounter":0,"rootKey":"1yFdI/v5+Miw8WiuATPy3nDbJNEOJkDMIweCohRhbco="},"indexInfo":{"baseKey":"BXUePRmXfyaQ+U6I4LTswtXwNxjz+rs3NFTgYKJkyLMF","baseKeyType":1,"closed":-1,"used":1735085009678,"created":1735085009678,"remoteIdentityKey":"BYYuoABWgt4njflgiz9MnBPdUF6ndItAesCPzbvhqP5p"},"_chains":{"BcdczbS9siy/LYmzFw6IizgnNK2waSTqratdMTB9LU1U":{"chainKey":{"counter":0,"key":"xkYhr982x9D5nXCY2q46KE6X1/LLb+g7/0IUo/F2+W4="},"chainType":1,"messageKeys":{}}},"pendingPreKey":{"signedKeyId":8,"baseKey":"BXUePRmXfyaQ+U6I4LTswtXwNxjz+rs3NFTgYKJkyLMF","preKeyId":14329103}}},"version":"v1"}