{"_sessions":{"BTjDm3s9HujMmKDC4mDDtWmjr+82pLgJvANYrIRDCucO":{"registrationId":621509018,"currentRatchet":{"ephemeralKeyPair":{"pubKey":"BYxTeinE7xB5SuPapIxbzXb6oF3jHHYm9wp6J7e5JKNJ","privKey":"2M3H6vXcGGopqwF0ilTr3XE0a55zw8X8iUxBUQIvyFI="},"lastRemoteEphemeralKey":"BbRGcDxiRhsdsg2NPIuSq8kXpEg23GGbedRnUs/RgZsF","previousCounter":0,"rootKey":"v32eWoY0CWRxEZiXaGM6ehYZTdT9j4Fg3ujMTzxH8M4="},"indexInfo":{"baseKey":"BTjDm3s9HujMmKDC4mDDtWmjr+82pLgJvANYrIRDCucO","baseKeyType":1,"closed":-1,"used":1738511395518,"created":1738511395518,"remoteIdentityKey":"BUcGJBHL85DfEnGI+7TORXRM4HUgDCIPF2CZRPeVxbQu"},"_chains":{"BYxTeinE7xB5SuPapIxbzXb6oF3jHHYm9wp6J7e5JKNJ":{"chainKey":{"counter":0,"key":"+Y7cCBw4qJm+u5KkrusMBOPgjJQEPLbN8ZCpa4OO7G8="},"chainType":1,"messageKeys":{}}},"pendingPreKey":{"signedKeyId":0,"baseKey":"BTjDm3s9HujMmKDC4mDDtWmjr+82pLgJvANYrIRDCucO","preKeyId":796021}}},"version":"v1"}