{"_sessions":{"BSHTrNiaspekH+2scorg80DUNR5mHj4kmvyOxhVmxok8":{"registrationId":2023,"currentRatchet":{"ephemeralKeyPair":{"pubKey":"BQTXSQWctPv/ezKHZtbLLu6SX1HQULEPKAA1y9X1135O","privKey":"wDqctmlQRFmjZIOrd6rMkQ3Cw20QQDs3Wg8iJ3kPnGs="},"lastRemoteEphemeralKey":"Bb2eg2ypNnC2RbbAMTDTwwjlYsDGgNkxnd5ukoRn1fVJ","previousCounter":0,"rootKey":"G2AjoTBPQ6QiFeJ7UM/M2bASTv1wtU5lAn0LrgwMFi0="},"indexInfo":{"baseKey":"BSHTrNiaspekH+2scorg80DUNR5mHj4kmvyOxhVmxok8","baseKeyType":1,"closed":-1,"used":1738723429249,"created":1738723429249,"remoteIdentityKey":"Be08M7ZP6fdJQeRvpUZjiQzvXRGXPz8uiYaUq+aLSu5N"},"_chains":{"BQTXSQWctPv/ezKHZtbLLu6SX1HQULEPKAA1y9X1135O":{"chainKey":{"counter":0,"key":"oLOrHLK8LtqDhI/FZ0njAfcxVIIkZANSNBiPLMemspM="},"chainType":1,"messageKeys":{}}},"pendingPreKey":{"signedKeyId":1,"baseKey":"BSHTrNiaspekH+2scorg80DUNR5mHj4kmvyOxhVmxok8","preKeyId":165}}},"version":"v1"}