{"_sessions":{"BavcE9G+GBwNEOpnfFaPBoo+Qx2RIe3jEtZ+28vowzJ/":{"registrationId":1084355871,"currentRatchet":{"ephemeralKeyPair":{"pubKey":"BXcIBV2LhEp3K/VagjvZjlUV5QzROpDL8gnNF2iAIkxI","privKey":"YCc5PYMmPgc5iQ7I6eaKdA9x24iq9lvaGEt91/KBPlI="},"lastRemoteEphemeralKey":"BT5xOWV0ynF8uw/zrEzj1iXwHdJFY0FAvOZCDhcPm/EX","previousCounter":0,"rootKey":"2tONCKCkb/FL7c7PedcXCAlAjBRq0jz67aVkqLc1hnA="},"indexInfo":{"baseKey":"BavcE9G+GBwNEOpnfFaPBoo+Qx2RIe3jEtZ+28vowzJ/","baseKeyType":1,"closed":-1,"used":1735085013091,"created":1735085013091,"remoteIdentityKey":"BVeeNRPhh77qp9XrS3QCk+T4bkkde4lZn1IP7U6Ae9o/"},"_chains":{"BXcIBV2LhEp3K/VagjvZjlUV5QzROpDL8gnNF2iAIkxI":{"chainKey":{"counter":0,"key":"ZNrIofxORBAx5qnMAbaJXSrxDvxEBmmX3NjYkc/uRbg="},"chainType":1,"messageKeys":{}}},"pendingPreKey":{"signedKeyId":1,"baseKey":"BavcE9G+GBwNEOpnfFaPBoo+Qx2RIe3jEtZ+28vowzJ/","preKeyId":13438704}}},"version":"v1"}