{"_sessions":{"BWm0ozzn4cyTrTaSbnY8aDoDRKvWGbVPIKM4+sBRfIZi":{"registrationId":1356035210,"currentRatchet":{"ephemeralKeyPair":{"pubKey":"BcJqJH/APfeSwZB+nelZVHh5bK85nDmZhZ1g1VPYq5M3","privKey":"kBGq/eEUCffbHZtOUzCEuqZck1GTYyFjHFABh0J161A="},"lastRemoteEphemeralKey":"BX/gBgYhTBFUHlYty7yxUbfBnKQuU1yWdDCOe5nySLgv","previousCounter":0,"rootKey":"MQbWTdqbYAdlQs4CCTQjHGX2HLUPIiu2oqjLNe7SPcs="},"indexInfo":{"baseKey":"BWm0ozzn4cyTrTaSbnY8aDoDRKvWGbVPIKM4+sBRfIZi","baseKeyType":1,"closed":-1,"used":1738626458308,"created":1735085025317,"remoteIdentityKey":"BfauWjhEijqGQThcMN2oAvBMPcP4rUaBqsQ2vi7CVSth"},"_chains":{"BX/gBgYhTBFUHlYty7yxUbfBnKQuU1yWdDCOe5nySLgv":{"chainKey":{"counter":0,"key":"kNHnLlBJrap/IJftm56DpJDnmqYFYelhWRcw7U0k+gE="},"chainType":2,"messageKeys":{}},"BcJqJH/APfeSwZB+nelZVHh5bK85nDmZhZ1g1VPYq5M3":{"chainKey":{"counter":-1,"key":"ZgkobUbtbALp0K07njipUDpvYBRweFu+0ZTIM0HfpuI="},"chainType":1,"messageKeys":{}}}}},"version":"v1"}