{"_sessions":{"BX0HOQz4NQvyioBBNINw0YK58JsOnSEgUc6MPb2LYTtU":{"registrationId":299564267,"currentRatchet":{"ephemeralKeyPair":{"pubKey":"BY0LOXE3B+BWBl0UrMdejqyn1uj5FhjNRYrFCKyReKdF","privKey":"ALo0CTdUzPwmU3CwbMBFUouhLBcS4I/4qlpblbGQsks="},"lastRemoteEphemeralKey":"BcqSFqu0GfKzncVQFnzxdWyqmHA1cq5+iI48N8uaqvh3","previousCounter":0,"rootKey":"sytIAHHHgrjxWls9UQcPkwC/didTlmC9MJ0v7QalSsQ="},"indexInfo":{"baseKey":"BX0HOQz4NQvyioBBNINw0YK58JsOnSEgUc6MPb2LYTtU","baseKeyType":1,"closed":-1,"used":1735085012790,"created":1735085012790,"remoteIdentityKey":"BQfc4gLbvyevX98JxLql+KhR4NSqZ1xH7mRVbzo7GHdj"},"_chains":{"BY0LOXE3B+BWBl0UrMdejqyn1uj5FhjNRYrFCKyReKdF":{"chainKey":{"counter":0,"key":"PYqbf0zQ7AwLeuzmUGz/FHMnD4D0WKdsqVhE3xIUKZA="},"chainType":1,"messageKeys":{}}},"pendingPreKey":{"signedKeyId":17,"baseKey":"BX0HOQz4NQvyioBBNINw0YK58JsOnSEgUc6MPb2LYTtU","preKeyId":8167046}}},"version":"v1"}