{"_sessions":{"BaAcjJ+lsRRV1uxewyDR70g99X7YuWDiPStrJmdoo+Io":{"registrationId":494950855,"currentRatchet":{"ephemeralKeyPair":{"pubKey":"BYCUsNrkPjXvLm8lUx4Vbzs6BaBmy0Li5kQc2w8OKP9c","privKey":"eJ904q6wMd8ggO61kG+okz6YLwPcx8IOAmcADE+uuFI="},"lastRemoteEphemeralKey":"BX7tX1qUuzZQ+ZS0IFPLRpY1ewe33xmAy9p6zXE4ynh3","previousCounter":0,"rootKey":"l+SygRMU5+MmThPzz9F0IWEWw42BymBfJVRO4uKrvRA="},"indexInfo":{"baseKey":"BaAcjJ+lsRRV1uxewyDR70g99X7YuWDiPStrJmdoo+Io","baseKeyType":1,"closed":-1,"used":1736696793212,"created":1735085013285,"remoteIdentityKey":"BXIeHKXTBXu+8hPwZY3Q+B6dtcp3IHfUDDouMDDCeEY4"},"_chains":{"BX7tX1qUuzZQ+ZS0IFPLRpY1ewe33xmAy9p6zXE4ynh3":{"chainKey":{"counter":17,"key":"T8EGPHOciX4JEAoGrmjh00+37D82SfKA8cdcuWTyVik="},"chainType":2,"messageKeys":{"0":"BVXz93jiDfwBUDXjM3bHMnHY+mf/jcW37UjGl2AkitQ=","6":"29SJeIUnGLMIXUje/bq84uJ9TaYSU488tz5fq0B3SLY=","7":"mYQLzIn57TzyEG4MiwTA7vtw8doR8lbbOYwwm2nveKU=","8":"narHGgBZ/uip3B5JYqtjckE1DPquzOTWSvJPhXQ65JE=","9":"oLO1aQ8nyWBM6WFajeCDa5lgOnd8Y9S4Ix1FnaflY2k=","10":"2WmL3eWg8hHtqLiWKLEoiQfv+E3sVwDhJvEe0Vh+uNo=","11":"mmU1xaDFsiq43uSbJCDNSNZBQEFaSz9sJ96fKuA0MiQ=","13":"BXjysE9LfUPN7fpOIN45j8rz092YUqb5yCX2y1I7ZWk=","14":"mlAhLwWV+yscq4HZBp4e1E5ibtudNQKWAz43eP1jrkE=","15":"lVplMEUG4C8Kt95rlkqiBWIXtehpXC82VhNJgFzcIh0=","16":"FLUXPNgqzY7pklxVRqE3GZj7geJMf5/jLTzK91sllpY="}},"BYCUsNrkPjXvLm8lUx4Vbzs6BaBmy0Li5kQc2w8OKP9c":{"chainKey":{"counter":-1,"key":"uHs5CD3vdg4GGw32Is4+PCmieg3S7ubtK9QMPDM+JQU="},"chainType":1,"messageKeys":{}}}}},"version":"v1"}