{"_sessions":{"BRUUMsGVWVdoOTUErtxTtsUG1tHLPfOVnmWrYx9J5Wgi":{"registrationId":1053375401,"currentRatchet":{"ephemeralKeyPair":{"pubKey":"BWGJEKkLKO6BsYYbJeDZ4YiFgZsJd9I8KbAr5HjFqpxc","privKey":"SJLlRtKss5gXkS6xjNjiISdaV8c+P6e4SXFHbz2yA20="},"lastRemoteEphemeralKey":"BTZHynylkowFunFViBLI+XYNQDf7ItIzwJ3Nj4v3UCJK","previousCounter":0,"rootKey":"e6D0x9DH4x+ABD9yNZq2DmeiSMJMehcLr2SCGSQ5SOg="},"indexInfo":{"baseKey":"BRUUMsGVWVdoOTUErtxTtsUG1tHLPfOVnmWrYx9J5Wgi","baseKeyType":1,"closed":-1,"used":1735085003798,"created":1735085003798,"remoteIdentityKey":"BZhWBOFgNgNcW/P42qPFDl7s4JlZFP9vLQJkfT3J/EoT"},"_chains":{"BWGJEKkLKO6BsYYbJeDZ4YiFgZsJd9I8KbAr5HjFqpxc":{"chainKey":{"counter":0,"key":"WJcirpDPfSqWYpBwdVQcZeMJMN1l8goqj8KQrRfL9zQ="},"chainType":1,"messageKeys":{}}},"pendingPreKey":{"signedKeyId":7,"baseKey":"BRUUMsGVWVdoOTUErtxTtsUG1tHLPfOVnmWrYx9J5Wgi"}}},"version":"v1"}