{"_sessions":{"BTSvZ0sPKbW4+Bp0od6PmmpboiL1HJKGMLPXHRSrpJge":{"registrationId":1086798794,"currentRatchet":{"ephemeralKeyPair":{"pubKey":"Bacl/OudqIIG2skywOXqIS79FPhssGgyNF/sUdu79Pwh","privKey":"mP5sKLxIMVN5s61QVaET0SqW4THVjLDjjTgU+Y+MvGA="},"lastRemoteEphemeralKey":"BQicxh/fIRAhgEMs0Pz+U7kSwRnKII+NuC6m66917mMW","previousCounter":0,"rootKey":"giMWZBxzKeUSsBdF+7nA0NsBGO9VM6U8YAwFxL5uq98="},"indexInfo":{"baseKey":"BTSvZ0sPKbW4+Bp0od6PmmpboiL1HJKGMLPXHRSrpJge","baseKeyType":1,"closed":-1,"used":1738714503204,"created":1735085022308,"remoteIdentityKey":"BRuMruNH8qw4yyHWyLZDGhXMOr7yoBv4ecn1JNpAmoZ8"},"_chains":{"BQicxh/fIRAhgEMs0Pz+U7kSwRnKII+NuC6m66917mMW":{"chainKey":{"counter":12,"key":"OP6KA7jXLMmWTejsLOWiR0JB/ZEiLmrRL9vVmFnszig="},"chainType":2,"messageKeys":{}},"Bacl/OudqIIG2skywOXqIS79FPhssGgyNF/sUdu79Pwh":{"chainKey":{"counter":-1,"key":"A3Vx/GYDJBwVBqYKDMQAFDHeVtgsHIyxFSt3Cxz53n4="},"chainType":1,"messageKeys":{}}}}},"version":"v1"}