{"_sessions":{"BeHyWfuGKmn5KpP2vGdc8gJXXIAqBksppKyDdbvqaagP":{"registrationId":1407313120,"currentRatchet":{"ephemeralKeyPair":{"pubKey":"BSquorKz93c1G7tICZECif2rQUh5rWwp5b760svJocst","privKey":"GLLtBxfFVkUZ/ZWCfHoRxLgXm7BpzrNzw+gZxWn3vXI="},"lastRemoteEphemeralKey":"BcFmOeJDRMTHyc3GEcZaPRPyMIiftFqISB0/px2CG2gb","previousCounter":0,"rootKey":"z+pS0l3n7N510L+RSd9p+choSkulQm7Hy7iMjbNWSPU="},"indexInfo":{"baseKey":"BeHyWfuGKmn5KpP2vGdc8gJXXIAqBksppKyDdbvqaagP","baseKeyType":1,"closed":-1,"used":1735085028189,"created":1735085028189,"remoteIdentityKey":"BS51UiTC4xpZ7/dtlEm9/jPLGt2u5zEaH4rMqaic5rhs"},"_chains":{"BSquorKz93c1G7tICZECif2rQUh5rWwp5b760svJocst":{"chainKey":{"counter":0,"key":"tIAtzgENcRqDYBjJhHaGy4VgCmTQHo6vWvzJyGaqPe0="},"chainType":1,"messageKeys":{}}},"pendingPreKey":{"signedKeyId":2,"baseKey":"BeHyWfuGKmn5KpP2vGdc8gJXXIAqBksppKyDdbvqaagP","preKeyId":5264595}}},"version":"v1"}