{"_sessions":{"BQJzpyPeh5v6B6BB4uSzCRc0pflgiV4yZtyGsQoIgw5L":{"registrationId":1482347493,"currentRatchet":{"ephemeralKeyPair":{"pubKey":"BQqWt1sRz5t0wEsNujw8KiKFxmbTdbGPSs1i79ac/VAR","privKey":"MDMmEt/I9jgrMG4Cjyn802gFdvGpksXtvkjDtXTLVXQ="},"lastRemoteEphemeralKey":"BYyS//t2IvhOCxlkeLlOnybQ5TPh+Z0Lhx0EF/5U+ece","previousCounter":0,"rootKey":"JlCUx4oejC5MJS+uKYlw3uvsoH5ybORgsZGyGB0Kdy8="},"indexInfo":{"baseKey":"BQJzpyPeh5v6B6BB4uSzCRc0pflgiV4yZtyGsQoIgw5L","baseKeyType":1,"closed":-1,"used":1735085013233,"created":1735085013233,"remoteIdentityKey":"BTFBysg611FPPbEma+74r+4Dr9LcCW+0PQhpuVFxolRc"},"_chains":{"BQqWt1sRz5t0wEsNujw8KiKFxmbTdbGPSs1i79ac/VAR":{"chainKey":{"counter":0,"key":"KwVOYpk5EF41GwgDDcl9ko924wIP5CQPvq/6Z8mONTk="},"chainType":1,"messageKeys":{}}},"pendingPreKey":{"signedKeyId":5,"baseKey":"BQJzpyPeh5v6B6BB4uSzCRc0pflgiV4yZtyGsQoIgw5L","preKeyId":15907359}}},"version":"v1"}