{"_sessions":{"Bd7C1UhDDgFx8sMun8XKVho1yM4w8A6bWfoEdhyCD60e":{"registrationId":1146104648,"currentRatchet":{"ephemeralKeyPair":{"pubKey":"BQzhoH/wRcRfplKshp+g1VG/AYecU6uU/zhkFW7/+WwB","privKey":"QO/z1MNTEuKUiFkiXfLaEtEgSLz99yI4+SUCx6+84Vg="},"lastRemoteEphemeralKey":"BUMWRwrn6kwhpt/X5wo9ZcHn8eGDZlxFqV7EWp2HJaY1","previousCounter":1,"rootKey":"SVxEjFFSielmQVgqSiOlxBfHSJ3z0OH7+BIQr6vWP7Q="},"indexInfo":{"baseKey":"Bd7C1UhDDgFx8sMun8XKVho1yM4w8A6bWfoEdhyCD60e","baseKeyType":1,"closed":-1,"used":1735823886090,"created":1735084997700,"remoteIdentityKey":"BXZEpg1HTF6m6nYtYDGewkvkUMCuttzm8sPwdP8jeUdq"},"_chains":{"BdT6eIRE92IS04cQHyCC5MhWzYjrDRTFFvuIj5SKkTlo":{"chainKey":{"counter":2},"chainType":2,"messageKeys":{}},"BUMWRwrn6kwhpt/X5wo9ZcHn8eGDZlxFqV7EWp2HJaY1":{"chainKey":{"counter":0,"key":"muZY/XeYSwUQRRbE3r91P0g2xEPux32IKSl70hiiAS4="},"chainType":2,"messageKeys":{}},"BQzhoH/wRcRfplKshp+g1VG/AYecU6uU/zhkFW7/+WwB":{"chainKey":{"counter":-1,"key":"S8xan7w2hZgG8JpvN0ceEJMUmOXgZSLFlwa24BB+GTQ="},"chainType":1,"messageKeys":{}}}}},"version":"v1"}