{"_sessions":{"BQ7LyJ9LNky4ok2eNwzBsVpgbA4fO+fvCbi01nrr9sYR":{"registrationId":1761815688,"currentRatchet":{"ephemeralKeyPair":{"pubKey":"BaIjQpmxZw0MU1mGcI+nixEMtZEm4V+FPuOPoxSbBukY","privKey":"8GJgpk5yDeCLTFoGk8ciAbmCqaop+CpvbbCBFST7L1o="},"lastRemoteEphemeralKey":"BTZoBsmszqFBz8bPhuw/YaC3Ul2xqItLfSxkPN+iK/Em","previousCounter":0,"rootKey":"GvvAqGQ1mC7RttT8w4oe1DYrKrdBH4x51qy19zip9xo="},"indexInfo":{"baseKey":"BQ7LyJ9LNky4ok2eNwzBsVpgbA4fO+fvCbi01nrr9sYR","baseKeyType":1,"closed":-1,"used":1735084994645,"created":1735084994645,"remoteIdentityKey":"Bb3NKdj/zFUb7T7jewdzlBj0+I113O4lqx18+kZYnktV"},"_chains":{"BaIjQpmxZw0MU1mGcI+nixEMtZEm4V+FPuOPoxSbBukY":{"chainKey":{"counter":0,"key":"Sj5bAji2uVrQRt0wf6uUGY480peSs6BquO9kWqEMhHo="},"chainType":1,"messageKeys":{}}},"pendingPreKey":{"signedKeyId":1,"baseKey":"BQ7LyJ9LNky4ok2eNwzBsVpgbA4fO+fvCbi01nrr9sYR","preKeyId":1518}}},"version":"v1"}