{"_sessions":{"BQlu0fsr4OI2temTjvgctJWFuRk14hk1e8Mv1ICqOSV5":{"registrationId":1264049095,"currentRatchet":{"ephemeralKeyPair":{"pubKey":"BSAcXLxTOD4J888d0RuZQT3AiQt7u2x02Ptb63ufVrV9","privKey":"YF6qEiHr0E1Svti4A85x6kM/YPSsswOGukcw0xQr8mY="},"lastRemoteEphemeralKey":"BWuR9DSyC+pPMZK767GYpH3UDhslEhX355Obj7jaSbNa","previousCounter":0,"rootKey":"UsUBH5fwV7D7jrfLyaK9SHa5ni7tXUyC8AwvvtA2E3k="},"indexInfo":{"baseKey":"BQlu0fsr4OI2temTjvgctJWFuRk14hk1e8Mv1ICqOSV5","baseKeyType":2,"closed":-1,"used":1738445598818,"created":1738445598818,"remoteIdentityKey":"BfnVKiwRrDYXCBxqCs/Mvflbzt6HlmuOBmXJ1nTk1/VU"},"_chains":{"BWuR9DSyC+pPMZK767GYpH3UDhslEhX355Obj7jaSbNa":{"chainKey":{"counter":6,"key":"DpOMlhKWp4DBee0jeIK8RjqrPmTgxP04SNC4TjYfEtE="},"chainType":2,"messageKeys":{}},"BSAcXLxTOD4J888d0RuZQT3AiQt7u2x02Ptb63ufVrV9":{"chainKey":{"counter":-1,"key":"MEe3JArC8gA6oYbS/xvJOkPdpmUlblIQyNLLpIIUM9A="},"chainType":1,"messageKeys":{}}}}},"version":"v1"}