{"_sessions":{"Betsjdf1NM0AfIYGJRpo9LFqwU+dJLd8xOHZwFoH0bgu":{"registrationId":1636330549,"currentRatchet":{"ephemeralKeyPair":{"pubKey":"Ba3LgMh+vumzjf67/T+Q3yBw8IdApWrRzPRdvWqIqV9B","privKey":"iNTdtRH2OY1EhWOq5ccdquEbs3pP0u6eUnYDXlMC2WQ="},"lastRemoteEphemeralKey":"BfEfbYGQdbN2XwGwgSSU8F4zO7O2qQCpQLegPf/HGLEu","previousCounter":0,"rootKey":"b8eLFX+cv2MuHnMK0ZdTe4WTM5AMFNg0jMpVHLh9uwQ="},"indexInfo":{"baseKey":"Betsjdf1NM0AfIYGJRpo9LFqwU+dJLd8xOHZwFoH0bgu","baseKeyType":1,"closed":-1,"used":1735084991756,"created":1735084991756,"remoteIdentityKey":"BRVbmxfX+uRzWkKS2BekvfRMBI6O8GxQbtlf94NtO7RM"},"_chains":{"Ba3LgMh+vumzjf67/T+Q3yBw8IdApWrRzPRdvWqIqV9B":{"chainKey":{"counter":0,"key":"xQUK0bHkcy2gLTIJyGlQjdBGGudO1/dMKQ04VfX/4i8="},"chainType":1,"messageKeys":{}}},"pendingPreKey":{"signedKeyId":18,"baseKey":"Betsjdf1NM0AfIYGJRpo9LFqwU+dJLd8xOHZwFoH0bgu","preKeyId":8430081}}},"version":"v1"}