{"_sessions":{"BRIZ6WlkwehCDvks1Idsj0NO/40d1++D/kJpf6x4f/Bl":{"registrationId":1122452839,"currentRatchet":{"ephemeralKeyPair":{"pubKey":"BZHmR3g/Hx2EFwF+krIANlC1ebA002SHR5awManVAp8J","privKey":"yLobXpkgQ/Y2ctV6GrlTArcdNUca1lThHDTXLlQrqns="},"lastRemoteEphemeralKey":"Be1QVxVOcRGPkFG5/H79EAo7RUtWZgKSy/orPZeQcCV7","previousCounter":0,"rootKey":"EIlAgP7EM2N95q1B1tS5xqZszQCimCPUwo9EEkuGm9s="},"indexInfo":{"baseKey":"BRIZ6WlkwehCDvks1Idsj0NO/40d1++D/kJpf6x4f/Bl","baseKeyType":1,"closed":-1,"used":1735085003737,"created":1735085003737,"remoteIdentityKey":"Ba5BeD+JqKlaseqd6j0Vbumxg2+bsUfzOTAEOTivCx96"},"_chains":{"BZHmR3g/Hx2EFwF+krIANlC1ebA002SHR5awManVAp8J":{"chainKey":{"counter":0,"key":"cEhrzfiAVI5+ANuiw9W/WinYpRKNmKg83tLjuuOvot8="},"chainType":1,"messageKeys":{}}},"pendingPreKey":{"signedKeyId":17,"baseKey":"BRIZ6WlkwehCDvks1Idsj0NO/40d1++D/kJpf6x4f/Bl","preKeyId":10716933}}},"version":"v1"}