{"_sessions":{"Ba/wW3BIvDrWMHwKeySdXG/QPHTFPVOtl6FAP4ZVeQhD":{"registrationId":1914590651,"currentRatchet":{"ephemeralKeyPair":{"pubKey":"BQbVxcW2C78ra/9/aRwuUiaxkfODuivgphvetRuoNrMX","privKey":"SHZ7Vl5JTDOWYNWOqUlTTiRelTdEbZeQTejA6Rc0wHQ="},"lastRemoteEphemeralKey":"BWDyAO1/HNhQkBfFCDYHrM5R1qjT9bwsvi1y4SPV2kFl","previousCounter":0,"rootKey":"9Dfia/xnmzX/XyQcTolnminBsYycU2dXWbL/uV/yuRA="},"indexInfo":{"baseKey":"Ba/wW3BIvDrWMHwKeySdXG/QPHTFPVOtl6FAP4ZVeQhD","baseKeyType":1,"closed":-1,"used":1735084988730,"created":1735084988730,"remoteIdentityKey":"BcMazQkQklnhUsd2vnSQHlSISgvDd2AlxZYM38WfIIkE"},"_chains":{"BQbVxcW2C78ra/9/aRwuUiaxkfODuivgphvetRuoNrMX":{"chainKey":{"counter":0,"key":"Fvuin7mW62WKF/nBQxBgK8Gv8V86U8e1uBfRjTaDrN0="},"chainType":1,"messageKeys":{}}},"pendingPreKey":{"signedKeyId":2,"baseKey":"Ba/wW3BIvDrWMHwKeySdXG/QPHTFPVOtl6FAP4ZVeQhD","preKeyId":15395770}}},"version":"v1"}