{"_sessions":{"BdfBiBZinxZbwBhG468/rUTMUpLo4XRpiVBxh82C7k5E":{"registrationId":1820411329,"currentRatchet":{"ephemeralKeyPair":{"pubKey":"BatteTIPm833LVkVIucwn7z6V0Rz1BgNhqxBRKQxjutJ","privKey":"sKZ0lkIBLNzGOOMXMi5SEWGjGdYD4Dt18PINPyRDllY="},"lastRemoteEphemeralKey":"BYLeFHgNJXQGF7hKbj2qt5vyeZYrwOu5j9j3m3ik3CIQ","previousCounter":0,"rootKey":"a3MqVB/BGWnTGoEuoil4c4pS7PxMIk6GTlGrgKQIOqQ="},"indexInfo":{"baseKey":"BdfBiBZinxZbwBhG468/rUTMUpLo4XRpiVBxh82C7k5E","baseKeyType":1,"closed":-1,"used":1735085022208,"created":1735085022208,"remoteIdentityKey":"BUh5Gauxq/Rid0spB5ozQI9xMDpAhofnWJbthwQ5Pmsq"},"_chains":{"BatteTIPm833LVkVIucwn7z6V0Rz1BgNhqxBRKQxjutJ":{"chainKey":{"counter":0,"key":"/ySYxwnBDSIxf8gbV2bXLmv884FA9HoeX1t9E4OmVS8="},"chainType":1,"messageKeys":{}}},"pendingPreKey":{"signedKeyId":4,"baseKey":"BdfBiBZinxZbwBhG468/rUTMUpLo4XRpiVBxh82C7k5E","preKeyId":12783760}}},"version":"v1"}