{"_sessions":{"BX6wyFESrxXkLyi6cKWeqEQdHOBtL079Im/59zZVogos":{"registrationId":1753842441,"currentRatchet":{"ephemeralKeyPair":{"pubKey":"BdAHPIkvWzNu9Jeh5SbyTM8X6xA9wazstQYJU105o0db","privKey":"2DTyVfUErrt3gdpMkdFpSJQ8E493jS9xsjorPNCpFGE="},"lastRemoteEphemeralKey":"BWKp3tYnRlVIXWHJk5unXNBgtw+ayH17nXVSXgsuKkEr","previousCounter":0,"rootKey":"hkf86JSPmssu5mc33iUtI4pzfruFUc/buBPqa6Nyy/c="},"indexInfo":{"baseKey":"BX6wyFESrxXkLyi6cKWeqEQdHOBtL079Im/59zZVogos","baseKeyType":1,"closed":-1,"used":1738117232390,"created":1735085019125,"remoteIdentityKey":"BW9huP3IWtd6hHKLsOwOLmToH2+dUmBR7npf3nKFEl1c"},"_chains":{"BWKp3tYnRlVIXWHJk5unXNBgtw+ayH17nXVSXgsuKkEr":{"chainKey":{"counter":57,"key":"C+Z1bPXex0l9Zr1hCxGTqxc588PW/C4HXpigiMfRL4k="},"chainType":2,"messageKeys":{"9":"mzCl968chie4aApfhTq8K0yxDmFCokI0BuYPHohRiSo=","10":"fYLtQtOsFfXhBFdsDz9ZZCJqDxD/uLZrQODgTx81PTs=","11":"8N10CSesYd0V5orkt1cYRk3VOsEbwLaTYgwSuu0bUxg=","16":"/XNF8+wrtCQ5A3Iq+tA4Jcwn3YzOwO8DFGtYEwAmzY0=","17":"MScuLhSgAyKiH/wy5oU8r2GIgj8gF/pLdr4MfU0NxO0=","18":"aZbyToRsqih/vJAscOdW0b5s2hjmbQFl2K2tkvHmznA=","19":"RYgZz1GCQTOcaXirnkzVq2zsfvU9NfnSFR1g6ItKsuM=","20":"897gDMT51udNkhTV+PuU3DPBnYRh8hKhIfBQathA0kg=","21":"atFqYTkfLZcjr1ddo3XbrFO6e4Mp6RnfPCTvQoP8O1o=","22":"AnEItiapW8/jwTq55VPUlNNNv5joH03RoioyBJORzN8=","31":"ZcDzSMSgfV/Kk2LNVKXTxBN8dM0Dwb0y/ooJQg/4X10=","39":"5StPDnht9y88mTllcSCjFODC3NUMGj09wpxuCtoeeGc=","40":"G8igly9dsxpsUWofwuAZG0bsBTWpdVM4I2IL8cbDt64=","45":"ThVGOu5+1JQ0Fv7X+Lqo8JZIaXDXXxREB8Vo5NSWLSU=","48":"8zIb8G0+29zxc4MwrGCASt50Zi2QhbPOeiEBM3CtJ/o=","53":"eXkDf3ILJVnMyEDldPzK5Qi5jrJ6wBonTVK+8XDTB/E="}},"BdAHPIkvWzNu9Jeh5SbyTM8X6xA9wazstQYJU105o0db":{"chainKey":{"counter":-1,"key":"ugk98oXvw0ogSbpo08DzsZIrLfhKcAAAu3EzZjr/iBg="},"chainType":1,"messageKeys":{}}}}},"version":"v1"}