{"_sessions":{"BTOA1K4MqmOCU+KJz/OQf63ZF/PeVvGMZ/CoThlGji0e":{"registrationId":13562,"currentRatchet":{"ephemeralKeyPair":{"pubKey":"BfjmP8eimhtPIIW0oJuf8i9ISfHOJiwWIEu1Nc2YmbgE","privKey":"wGUmt8UwkhDONjKtdlnReFdSvaOI94JmEXBR06HHaHQ="},"lastRemoteEphemeralKey":"BUgIocxDIJ4V4geXA9wI9aOZhQ5GmE9tF2AuWEXaCwZc","previousCounter":0,"rootKey":"V/KNLYOfXB1U09Oi3qqyZ5GhXs1tSg4tZLskQ4nua1o="},"indexInfo":{"baseKey":"BTOA1K4MqmOCU+KJz/OQf63ZF/PeVvGMZ/CoThlGji0e","baseKeyType":1,"closed":-1,"used":1735084994678,"created":1735084994678,"remoteIdentityKey":"BVHyF06uxQqnRXoSVSyp6y0NDyfGBMl75O2c7+1+CjBW"},"_chains":{"BfjmP8eimhtPIIW0oJuf8i9ISfHOJiwWIEu1Nc2YmbgE":{"chainKey":{"counter":0,"key":"DVdoU9ZDzNChVtniYK1VXTTszH0JDZfKw3st7Pt+1uw="},"chainType":1,"messageKeys":{}}},"pendingPreKey":{"signedKeyId":4,"baseKey":"BTOA1K4MqmOCU+KJz/OQf63ZF/PeVvGMZ/CoThlGji0e","preKeyId":2754}}},"version":"v1"}