{"_sessions":{"BSacTRJRy/N3xLZZDIG6hiLxQy2hBaOdN+jkkzp7NMUR":{"registrationId":1513880197,"currentRatchet":{"ephemeralKeyPair":{"pubKey":"BdVULrdkMcGj3yDRh/aPJ9chV/otAM5m3y4+K6tG1GJV","privKey":"8LCeJpmMUh0rnihiNbGCBrdGJiha4Kw76Z8eIufqEGg="},"lastRemoteEphemeralKey":"BQ96VFD9L/cSi73NsI2PXnDdyXqGYa1kc6ml9KEmegtv","previousCounter":0,"rootKey":"DpAVT9W7jRjlSfUtzo56gS20DpwA/AszQ14DNEwPLbc="},"indexInfo":{"baseKey":"BSacTRJRy/N3xLZZDIG6hiLxQy2hBaOdN+jkkzp7NMUR","baseKeyType":1,"closed":-1,"used":1735662269253,"created":1735085000901,"remoteIdentityKey":"BWYdIqLGvoVYdOUlSnryzpxaK6JNB6/l+rRDOkyOjP15"},"_chains":{"BQ96VFD9L/cSi73NsI2PXnDdyXqGYa1kc6ml9KEmegtv":{"chainKey":{"counter":3,"key":"alJBNyH74oc2cnRP7rohcK9Ro9aZPfwRVDU0MuWuuik="},"chainType":2,"messageKeys":{}},"BdVULrdkMcGj3yDRh/aPJ9chV/otAM5m3y4+K6tG1GJV":{"chainKey":{"counter":-1,"key":"enZj9y1hLUPJfLMoLSTpzc4TKO8/W+60ZWOhZcq3DgU="},"chainType":1,"messageKeys":{}}}}},"version":"v1"}