{"_sessions":{"BdE1icfdwQOJDetGbTKT/r8X1e9PuEW8xT7rcYnqz7g1":{"registrationId":11371,"currentRatchet":{"ephemeralKeyPair":{"pubKey":"BWX5s+9kxprOmTxKXD3Tbqfr5beDIhMqXLVwtaWUfMMv","privKey":"EFvzfZ/f4vJ+ZhvAfMpW1hjNlDS6yvC61EFb3CcTW0c="},"lastRemoteEphemeralKey":"BcX1MVxiHfYB+VcBEDoXgMPb9SLZBSNiosp6jt+KXVwU","previousCounter":0,"rootKey":"9k0rw79jBwa1UQCf1dKJoN9Pb09DjHcfn4OKRXeBT0o="},"indexInfo":{"baseKey":"BdE1icfdwQOJDetGbTKT/r8X1e9PuEW8xT7rcYnqz7g1","baseKeyType":1,"closed":-1,"used":1735084995021,"created":1735084995021,"remoteIdentityKey":"BdO/hXZbLhvOS9WZMf9EGEbmknZ200cVR/vtAoH4EvAw"},"_chains":{"BWX5s+9kxprOmTxKXD3Tbqfr5beDIhMqXLVwtaWUfMMv":{"chainKey":{"counter":0,"key":"9GuHeyzQTeKsi9weg1kLruaKgoTfkNCm1QSeRa7+wCE="},"chainType":1,"messageKeys":{}}},"pendingPreKey":{"signedKeyId":1,"baseKey":"BdE1icfdwQOJDetGbTKT/r8X1e9PuEW8xT7rcYnqz7g1"}}},"version":"v1"}