{"_sessions":{"BegyLXt6qgPBO5ubaiooiWVsUhbuR6FE2Fdf6JS5xec+":{"registrationId":612407524,"currentRatchet":{"ephemeralKeyPair":{"pubKey":"BfXm3ThXlfThg0wncfJB+o+VbJZlv2duYarP4TJStQMQ","privKey":"yI5A/D6VP7jyu8peZC6zf/AfYyWCAKp06NnfKR18ckM="},"lastRemoteEphemeralKey":"BfPFPh7almnxAS9VwqSiy9iy+31OqI+nB3tYw/4TGdh2","previousCounter":0,"rootKey":"hT9GM5i+bhmZ+QJ7a5W3RP3EQvy7/L7/nwKviqNCHJc="},"indexInfo":{"baseKey":"BegyLXt6qgPBO5ubaiooiWVsUhbuR6FE2Fdf6JS5xec+","baseKeyType":1,"closed":-1,"used":1735085015822,"created":1735085015822,"remoteIdentityKey":"Be1tWuDyj61fJL3OLDNsjGFvoiVFpMnu/XTFKfihq1BM"},"_chains":{"BfXm3ThXlfThg0wncfJB+o+VbJZlv2duYarP4TJStQMQ":{"chainKey":{"counter":0,"key":"xfot7XVNA2pwo1sxl8GnHdeBHlcRxnCU2iYJlR82u0E="},"chainType":1,"messageKeys":{}}},"pendingPreKey":{"signedKeyId":10,"baseKey":"BegyLXt6qgPBO5ubaiooiWVsUhbuR6FE2Fdf6JS5xec+","preKeyId":3176277}}},"version":"v1"}