{"_sessions":{"BT/MFGpe6CIgthfreccsK2D+D7351+SOO/39p4jHsNkK":{"registrationId":1203750821,"currentRatchet":{"ephemeralKeyPair":{"pubKey":"BSlYMmJnPqqtJONtDGZx2FZU/H835XfEvhRvTHfAblAO","privKey":"wMdd99/cjQn8AD3yHhH3xEib45uwwKM58UaWJ+KKD3g="},"lastRemoteEphemeralKey":"BdUCzgej4kXqPk02B9HvX7vJRRfoqi0IocQfCJGx9RxD","previousCounter":0,"rootKey":"tmPnsdj3ymi54b2Y/p3zS2Xyx4QqnhkqCFxIAs1Mo2A="},"indexInfo":{"baseKey":"BT/MFGpe6CIgthfreccsK2D+D7351+SOO/39p4jHsNkK","baseKeyType":1,"closed":-1,"used":1735085018691,"created":1735085018691,"remoteIdentityKey":"BZHxbobKXUMvJsbakLpG693rASHeNa8ztrlEjkr8uFs1"},"_chains":{"BSlYMmJnPqqtJONtDGZx2FZU/H835XfEvhRvTHfAblAO":{"chainKey":{"counter":0,"key":"zTuNRHoAkNVoUAUmUEgYnLDo3D653i4p9yjvLDCfTLw="},"chainType":1,"messageKeys":{}}},"pendingPreKey":{"signedKeyId":10,"baseKey":"BT/MFGpe6CIgthfreccsK2D+D7351+SOO/39p4jHsNkK","preKeyId":211613}}},"version":"v1"}