{"_sessions":{"BcUQXuF4fRig5DrLVLcATVpNCPirujiNvSJpivhASs5N":{"registrationId":1140104535,"currentRatchet":{"ephemeralKeyPair":{"pubKey":"BQw0FLF3JWg+HzjNnpC0D/yHRvQMlsYAPfA8YvhYPMQW","privKey":"aEBTO/iGHF7n5mINvL46JyFFzuG/EDcv1lnWYrRieU0="},"lastRemoteEphemeralKey":"BczpnIxtmrE2mfxw2oo78z9eR9ipZSNBznM4vWxGRdws","previousCounter":0,"rootKey":"g3fUa7RBS2f2PV86is/VFi8bDN4OFfpc7ITZrqgUEIw="},"indexInfo":{"baseKey":"BcUQXuF4fRig5DrLVLcATVpNCPirujiNvSJpivhASs5N","baseKeyType":1,"closed":-1,"used":1738616825628,"created":1738616825628,"remoteIdentityKey":"BWjMYjPMRX3NmGHSHhjHsysMmcta+OgHCEEnWXHqkl81"},"_chains":{"BQw0FLF3JWg+HzjNnpC0D/yHRvQMlsYAPfA8YvhYPMQW":{"chainKey":{"counter":0,"key":"IIxFLYkxxb8M4djhE9bx4fN7QzEcxMEkXgfowzj6YZU="},"chainType":1,"messageKeys":{}}},"pendingPreKey":{"signedKeyId":1,"baseKey":"BcUQXuF4fRig5DrLVLcATVpNCPirujiNvSJpivhASs5N"}}},"version":"v1"}