{"_sessions":{"BWDGIgadCuFIea8IMIuVKY8ZLXz9FATvwjUDzyyxlbkD":{"registrationId":202386775,"currentRatchet":{"ephemeralKeyPair":{"pubKey":"Ba5UenMESHFHqBeJZir9yX889BBjG33MkLxc1RiVsNgO","privKey":"sEXj4miR4q398pbRw6He6A78B9JbGqo6xK8xKCVS53w="},"lastRemoteEphemeralKey":"BbpHLhiUaAuu+Ucdwc2as9exKf0qrmbgTov9M+sSBPZc","previousCounter":0,"rootKey":"mi7AWLqnEhQgBriohGyeCbDRex+2nWT3ctlMHP/YsxA="},"indexInfo":{"baseKey":"BWDGIgadCuFIea8IMIuVKY8ZLXz9FATvwjUDzyyxlbkD","baseKeyType":1,"closed":-1,"used":1735085012797,"created":1735085012797,"remoteIdentityKey":"BckntYAQ6lAdUhU8O7wrwL2mJF/coKMJP4GVoiOcQEt/"},"_chains":{"Ba5UenMESHFHqBeJZir9yX889BBjG33MkLxc1RiVsNgO":{"chainKey":{"counter":0,"key":"OIyjHNDdTZ86OOeC7VDcPIGOUflw05zGqwOdcV+PR/s="},"chainType":1,"messageKeys":{}}},"pendingPreKey":{"signedKeyId":8,"baseKey":"BWDGIgadCuFIea8IMIuVKY8ZLXz9FATvwjUDzyyxlbkD","preKeyId":11810006}}},"version":"v1"}