{"_sessions":{"BUdQAUkQxP3U9T7rjaMWo1v3hVBwP1IUYadciDXEq9Z1":{"registrationId":1653623707,"currentRatchet":{"ephemeralKeyPair":{"pubKey":"BT58WOK1OfLgIfw2qqvYrwr0BJHTAtohjRco/Iwe1YdN","privKey":"EIRCFJT5mAsztSPzN/l4+LmblxJtqtssqEl7KJyyDkI="},"lastRemoteEphemeralKey":"BZXNdArWJQ+oNtyJf/RkoFt1A/v3gNCBlBknyr4ulo9Z","previousCounter":0,"rootKey":"FSrkLiE8SxhYGO7wEVyKKsg+8OMAYQ2uzEHxBSZLkPQ="},"indexInfo":{"baseKey":"BUdQAUkQxP3U9T7rjaMWo1v3hVBwP1IUYadciDXEq9Z1","baseKeyType":1,"closed":-1,"used":1735085009834,"created":1735085009834,"remoteIdentityKey":"BcoJrsth9fmuEkURHQoCqG5jnrCcMnkUvCXG6fX3ClFh"},"_chains":{"BT58WOK1OfLgIfw2qqvYrwr0BJHTAtohjRco/Iwe1YdN":{"chainKey":{"counter":0,"key":"4cPdz2+0GCcP3qV3qCvm1iK3yJ44dITqpo5AmQ/og+k="},"chainType":1,"messageKeys":{}}},"pendingPreKey":{"signedKeyId":24,"baseKey":"BUdQAUkQxP3U9T7rjaMWo1v3hVBwP1IUYadciDXEq9Z1","preKeyId":10963944}}},"version":"v1"}