{"_sessions":{"BUo9ZDt9dFU3L/k51SQeEJ5iip3JAls2FlVSn2UMJ4pZ":{"registrationId":11675,"currentRatchet":{"ephemeralKeyPair":{"pubKey":"BaiMtdb79/rHxTLfJGTCpTzq26THXpIfxLlQIJIGC7l+","privKey":"yCLZHEeBR8SuNePW6QSk8ckrFpm7pMg47TffoOvOCWo="},"lastRemoteEphemeralKey":"BW2td43T9hWKDHXpBIJqqmlVF2rrmgf9ze3QQ0TLPEU2","previousCounter":0,"rootKey":"oTFxIM8zRkJrBs34lsIiJk2nYOG2PRaEb+tKdHmBadw="},"indexInfo":{"baseKey":"BUo9ZDt9dFU3L/k51SQeEJ5iip3JAls2FlVSn2UMJ4pZ","baseKeyType":1,"closed":-1,"used":1735171967838,"created":1735171967838,"remoteIdentityKey":"BVH9FJBH0+ykrlxGVSrO072iFSwdVs+UjSIvz+as+jZm"},"_chains":{"BaiMtdb79/rHxTLfJGTCpTzq26THXpIfxLlQIJIGC7l+":{"chainKey":{"counter":0,"key":"cxWcfY1w37dWXAQNv57EKCYmKxB90Y8PuZkEA6k3c3w="},"chainType":1,"messageKeys":{}}},"pendingPreKey":{"signedKeyId":1,"baseKey":"BUo9ZDt9dFU3L/k51SQeEJ5iip3JAls2FlVSn2UMJ4pZ","preKeyId":38}}},"version":"v1"}