{"_sessions":{"BfjMeAamzhv+jjT1f4X2WzKlyqTKDD86mqoOCRFr1hUr":{"registrationId":1867082507,"currentRatchet":{"ephemeralKeyPair":{"pubKey":"BY4X4FpxYUOkL17CEGb0W6g3DmULMonhJB/o6hrzl+wF","privKey":"SMF2CZergh86vO/TpysyRujWYO0+hAdMjBF5CH+69HQ="},"lastRemoteEphemeralKey":"BZpmOTtEaTY/XY4MmbgfsT/lWYaUiEup92ELUQUNTcMI","previousCounter":0,"rootKey":"j17dfY/Gs+VbGBfIWFpoHY6oenf7PDO8OGvZKnwEkGk="},"indexInfo":{"baseKey":"BfjMeAamzhv+jjT1f4X2WzKlyqTKDD86mqoOCRFr1hUr","baseKeyType":1,"closed":-1,"used":1735085025309,"created":1735085025309,"remoteIdentityKey":"Be2xUXfadwvFeyq+Ed6xELqpBhNajeJYE9BtLmktydAu"},"_chains":{"BY4X4FpxYUOkL17CEGb0W6g3DmULMonhJB/o6hrzl+wF":{"chainKey":{"counter":0,"key":"lnG3Daf+8k3M9ZD+C1kZyXcyQRJxuUf38pbThv/B24o="},"chainType":1,"messageKeys":{}}},"pendingPreKey":{"signedKeyId":18,"baseKey":"BfjMeAamzhv+jjT1f4X2WzKlyqTKDD86mqoOCRFr1hUr","preKeyId":7493536}}},"version":"v1"}