{"_sessions":{"BbZfpHaG78iSl7HQ9S8CdZ/9kKJyFQNm+SLrpUnOoQJI":{"registrationId":3956,"currentRatchet":{"ephemeralKeyPair":{"pubKey":"BQZrgD2u/IR1JL+gYwQAW//yNdY+/xU3FerXfsqydBo5","privKey":"kE/ku3CadLfwuYOIKkbDBET5N/ZAd3QFgg5VK7VkdHE="},"lastRemoteEphemeralKey":"BXkajXhV0DSIWKlvE7jkVknTXPnDrz+2ghq8gam3R8JB","previousCounter":0,"rootKey":"ZHg2dW9vYIivXNLICl7xT0c5hUe4ZF7gOM3lI70nFoM="},"indexInfo":{"baseKey":"BbZfpHaG78iSl7HQ9S8CdZ/9kKJyFQNm+SLrpUnOoQJI","baseKeyType":1,"closed":-1,"used":1735084997644,"created":1735084997644,"remoteIdentityKey":"Bd6/oyTc67gm3t1P7FBjA49mGWaoM8V7uIIWtDdNb/J2"},"_chains":{"BQZrgD2u/IR1JL+gYwQAW//yNdY+/xU3FerXfsqydBo5":{"chainKey":{"counter":0,"key":"YadMPt7W4fnFapkQP9OGzRQTU3RimlhoDxrWPQL8+ds="},"chainType":1,"messageKeys":{}}},"pendingPreKey":{"signedKeyId":1,"baseKey":"BbZfpHaG78iSl7HQ9S8CdZ/9kKJyFQNm+SLrpUnOoQJI"}}},"version":"v1"}