{"_sessions":{"BVvqS0yZaQIqgqnbgnIZzpMzTotn1PSXx34p18psKF55":{"registrationId":856883057,"currentRatchet":{"ephemeralKeyPair":{"pubKey":"BTU2m/UZSuc6SgJj96CKsTcqvTg8vlP8yzAQq6xVcSEF","privKey":"gPAoGwiIp9YpN15el2JL+a6Ygqs4IA6FbNz6xpfcMEs="},"lastRemoteEphemeralKey":"BXna4+VZDn7WoKU1jFilO5zqbmkC3tybj2cplpVk6dps","previousCounter":0,"rootKey":"HeMEToXy6gmuYxvXmfIG287mjFltXaoFmgPN5nVs01I="},"indexInfo":{"baseKey":"BVvqS0yZaQIqgqnbgnIZzpMzTotn1PSXx34p18psKF55","baseKeyType":1,"closed":-1,"used":1735085022427,"created":1735085022427,"remoteIdentityKey":"Bf0Aux+K15D2lvY1yFgwSl1tvcknfs2dK17iNf+gVhU7"},"_chains":{"BTU2m/UZSuc6SgJj96CKsTcqvTg8vlP8yzAQq6xVcSEF":{"chainKey":{"counter":0,"key":"wfh3SxHttTOjQo1WQ/ZsvY2ZsM2l7WtYG0OJHF5o3yE="},"chainType":1,"messageKeys":{}}},"pendingPreKey":{"signedKeyId":21,"baseKey":"BVvqS0yZaQIqgqnbgnIZzpMzTotn1PSXx34p18psKF55","preKeyId":7848450}}},"version":"v1"}