{"_sessions":{"Bf0t4Y78jTEYJtAnBRQl6TOqWI4rpvhCM5ec2AbtHeYE":{"registrationId":7171,"currentRatchet":{"ephemeralKeyPair":{"pubKey":"BT5Ugpb3DvGlbeTCAyusIRo/+JGEOCKYZqeah0mjU3V2","privKey":"KMRqVEdrw6PvgeIZMttzaM0waCANZY0WeabFnfVYEU4="},"lastRemoteEphemeralKey":"BRoa3hyhzrz7xngaXsWvLZMFB1H2qbox7w41KmUiCV1X","previousCounter":0,"rootKey":"pkLcS7LKZwfw3Ba8ZZxc63XqrdjWvM53oTi2f+bZRCA="},"indexInfo":{"baseKey":"Bf0t4Y78jTEYJtAnBRQl6TOqWI4rpvhCM5ec2AbtHeYE","baseKeyType":1,"closed":-1,"used":1735084998090,"created":1735084998090,"remoteIdentityKey":"BSguVZJindJkriHOGB4r8N+6TGGc4Hk/2dleOPooOtc/"},"_chains":{"BT5Ugpb3DvGlbeTCAyusIRo/+JGEOCKYZqeah0mjU3V2":{"chainKey":{"counter":0,"key":"UysNfgWWJ+Y0Zk7TKy7kKrf0wJcL3VQgLLaE3XY17LI="},"chainType":1,"messageKeys":{}}},"pendingPreKey":{"signedKeyId":1,"baseKey":"Bf0t4Y78jTEYJtAnBRQl6TOqWI4rpvhCM5ec2AbtHeYE"}}},"version":"v1"}