{"_sessions":{"Bd4g59YmafE2Z5pvcGp28WWU82eA8Z8yLdT/jkF6TYh8":{"registrationId":436916015,"currentRatchet":{"ephemeralKeyPair":{"pubKey":"BT9feoSUuqQkpxDYmhLcStHPPiSyn5NkiET6B12BKAYB","privKey":"mEtb/pfJrfCaaLyDYhQ/Q8NTxjo5tzWIfJZ/B+Re2l8="},"lastRemoteEphemeralKey":"BRDNfiUhdv3TJNUX7aeZvDGhc88o5/TP5mJ1ZHnsHpMD","previousCounter":0,"rootKey":"Co75WWNXyfNhZE21YQa3xQjmDh9bCnK+8rO3WAMzyAg="},"indexInfo":{"baseKey":"Bd4g59YmafE2Z5pvcGp28WWU82eA8Z8yLdT/jkF6TYh8","baseKeyType":1,"closed":-1,"used":1736739224132,"created":1735085028281,"remoteIdentityKey":"Benqcz8M67XsficQK5VlUOyEv3IEZjD1YT+50jLNg5Yu"},"_chains":{"BRDNfiUhdv3TJNUX7aeZvDGhc88o5/TP5mJ1ZHnsHpMD":{"chainKey":{"counter":1,"key":"g5EIhKg5UUNXbEEw/GzC6YGscWNj4PNvFh5jHRz7Mak="},"chainType":2,"messageKeys":{}},"BT9feoSUuqQkpxDYmhLcStHPPiSyn5NkiET6B12BKAYB":{"chainKey":{"counter":-1,"key":"b/YMpVgEJcCTc1NJzz25NQ3FcSYD1EquIcQnSlotGaE="},"chainType":1,"messageKeys":{}}}}},"version":"v1"}