{"_sessions":{"Be8vrtIrgtT1yPT/ObZJQMblwOtfZRuN+lKjq261wvsk":{"registrationId":352231509,"currentRatchet":{"ephemeralKeyPair":{"pubKey":"BQhs1y66jPRijA6T/6FGJDROpUzmM33v1fJfMfpBnRdr","privKey":"cC+d18gI3oXtPx5J3xj8w7thW9SAIYMUYI/i3LA+uHQ="},"lastRemoteEphemeralKey":"BZrwHfkRl+LsXTq0XUJLBOFCuFbWaj7KLog0PK/LMs55","previousCounter":0,"rootKey":"R/8MLzstlIYjoNeDuO+B1aCFCEJ7UZaGm+zwUil1aA8="},"indexInfo":{"baseKey":"Be8vrtIrgtT1yPT/ObZJQMblwOtfZRuN+lKjq261wvsk","baseKeyType":1,"closed":-1,"used":1735085004057,"created":1735085004057,"remoteIdentityKey":"BfL9HXYjJ1Dy8ftQ8uZmH5wM8D6Uw+YY87ldyJ3I09Mu"},"_chains":{"BQhs1y66jPRijA6T/6FGJDROpUzmM33v1fJfMfpBnRdr":{"chainKey":{"counter":0,"key":"YzBNuZTj9OpLsGmI038uEclwuld01R10akqiA9/VE3c="},"chainType":1,"messageKeys":{}}},"pendingPreKey":{"signedKeyId":4,"baseKey":"Be8vrtIrgtT1yPT/ObZJQMblwOtfZRuN+lKjq261wvsk","preKeyId":5886826}}},"version":"v1"}