{"_sessions":{"BTxb4MtvUcXLUWZIrfXoJxpUbszmhsdFjR26iog9bycE":{"registrationId":384059196,"currentRatchet":{"ephemeralKeyPair":{"pubKey":"BcHXvg396iwq/W6L7faURfRyiWZzK9lFukno1vemKqEJ","privKey":"AEKhTPbr23FlITvk7uQm1V+eBzb3SsyCOX5tmyho33s="},"lastRemoteEphemeralKey":"BQPLV2MLCIGPEE04Ru36h/coyo7NVRBPFZq72d0RDmtv","previousCounter":0,"rootKey":"cm/L1fW8sGTnkd5H61Mg+6nYBWDjWHmjz3XTe9ZupRs="},"indexInfo":{"baseKey":"BTxb4MtvUcXLUWZIrfXoJxpUbszmhsdFjR26iog9bycE","baseKeyType":1,"closed":-1,"used":1738112030672,"created":1735085012928,"remoteIdentityKey":"Ba/jpkYyBZS++OdJzMh4ID4bazkJNQ13+qyZM/4OojJk"},"_chains":{"BQPLV2MLCIGPEE04Ru36h/coyo7NVRBPFZq72d0RDmtv":{"chainKey":{"counter":18,"key":"x+SI4bs3E/1KARmdfuVjomhNf8QVhUsiz3ERD36umVw="},"chainType":2,"messageKeys":{"9":"WGRLWCAy2zWpFBAs4uywkuTSUJb+98bW/Pxso9QGSu0="}},"BcHXvg396iwq/W6L7faURfRyiWZzK9lFukno1vemKqEJ":{"chainKey":{"counter":-1,"key":"Uw95HFCuJpxgkTQ/X6oP0h6cVSrCSHM2HCE4ec/4iFk="},"chainType":1,"messageKeys":{}}}}},"version":"v1"}