{"_sessions":{"BWvYezdwp/dpRwSdZP8wkisemCx7PbCqfVSy9pCy9XRr":{"registrationId":8190,"currentRatchet":{"ephemeralKeyPair":{"pubKey":"Bee3Xc6IKqCToKmW/2ZxIYNF3pnQH4h9Nb6StWzKlKVt","privKey":"oO2lqRFcmaKUjZ0jeidyter5CcylSIuHJ7LTU2gMb3s="},"lastRemoteEphemeralKey":"Be/uRyirUwDcO3RCztaz7DwiI9qYg08f/+si/rOYujws","previousCounter":0,"rootKey":"ZRrA8clu35TDBUKWQQ7LrW9Ckdkrzltrl02nsQxtmA4="},"indexInfo":{"baseKey":"BWvYezdwp/dpRwSdZP8wkisemCx7PbCqfVSy9pCy9XRr","baseKeyType":1,"closed":-1,"used":1735084998016,"created":1735084998016,"remoteIdentityKey":"BUG4giqmqM8fey8Brtwa5CBOCXEXCYuGHkxvgJlQknpa"},"_chains":{"Bee3Xc6IKqCToKmW/2ZxIYNF3pnQH4h9Nb6StWzKlKVt":{"chainKey":{"counter":0,"key":"IaVSfbaqg+Mh09x4vVULs6gGLJQmhohjdUz2a1igjyo="},"chainType":1,"messageKeys":{}}},"pendingPreKey":{"signedKeyId":1,"baseKey":"BWvYezdwp/dpRwSdZP8wkisemCx7PbCqfVSy9pCy9XRr"}}},"version":"v1"}