{"_sessions":{"BdaxZEtwDhncjeQkBOzhOfGqpGl135JdLezEFGKrL9p8":{"registrationId":1905525281,"currentRatchet":{"ephemeralKeyPair":{"pubKey":"BRZMVaLqQ4h5WiWWmBLa1+OsBJHmLw+V/mGE1O18L4Fm","privKey":"WJ58pTmml2wyBlA/961zF96umFvuecuPWWehHpc7S3o="},"lastRemoteEphemeralKey":"BTUwOGHUMms7lMtIe+QVlSVXp6wLCH5OVn0fFhWcxq8c","previousCounter":0,"rootKey":"9MnXrUxIcG97Ou6195NW6ubpq1dAPLay0nLzIoOTbik="},"indexInfo":{"baseKey":"BdaxZEtwDhncjeQkBOzhOfGqpGl135JdLezEFGKrL9p8","baseKeyType":1,"closed":-1,"used":1738511395528,"created":1738511395528,"remoteIdentityKey":"BTJNRQVQNS+QSC/sk/9RGSeENRdiKBoiykJ/G0t/6/EU"},"_chains":{"BRZMVaLqQ4h5WiWWmBLa1+OsBJHmLw+V/mGE1O18L4Fm":{"chainKey":{"counter":0,"key":"bUoDRW0uzM4LgQAHFC0fO4DgBYV0arZfHcmOtX9aRUc="},"chainType":1,"messageKeys":{}}},"pendingPreKey":{"signedKeyId":0,"baseKey":"BdaxZEtwDhncjeQkBOzhOfGqpGl135JdLezEFGKrL9p8","preKeyId":7808371}}},"version":"v1"}