{"_sessions":{"BXbQ2ZqIuq9tOQ3nLcl3bc83LViE47kmB6S0ZY185UIr":{"registrationId":1831749166,"currentRatchet":{"ephemeralKeyPair":{"pubKey":"BVilm3ohV2VMtt4BJ4xaip3kDuPFeXKZVPDvccCiD8UE","privKey":"mBvVzURbK1vcjLQ+2pZSat4cj/HMfMkeOY2gy/QvS1c="},"lastRemoteEphemeralKey":"Bf86/zBFS3q1Fo3pR2KrEHnq0Q7KDbcUFg6zMrNtH89d","previousCounter":0,"rootKey":"z69+6XdPsqebF38bfvG9WgVw7d1FfVAMSbFFMt/1fBk="},"indexInfo":{"baseKey":"BXbQ2ZqIuq9tOQ3nLcl3bc83LViE47kmB6S0ZY185UIr","baseKeyType":1,"closed":-1,"used":1735085013116,"created":1735085013116,"remoteIdentityKey":"Be8Ik2cYWQuchHzskuzX3VmmvLhR1UjUxmYf7X6eSdcF"},"_chains":{"BVilm3ohV2VMtt4BJ4xaip3kDuPFeXKZVPDvccCiD8UE":{"chainKey":{"counter":0,"key":"64Xo73uGCFN61e4Vc3t+b0eUvCB/YKXzNfNLzyHncgs="},"chainType":1,"messageKeys":{}}},"pendingPreKey":{"signedKeyId":10,"baseKey":"BXbQ2ZqIuq9tOQ3nLcl3bc83LViE47kmB6S0ZY185UIr","preKeyId":338916}}},"version":"v1"}