{"_sessions":{"BTRxOwnKRsHaEvdkpcBThDSnpVMP/0f8yIAcAgMmN1o/":{"registrationId":1263212431,"currentRatchet":{"ephemeralKeyPair":{"pubKey":"BbEsY23gRem/YUXdjYEzOTyk578q+jX1kSoYoCQ1Zuhq","privKey":"GGKepWiAZoVPM3c6/uU/JFKK3T98YL5i0YUZhfS2HEY="},"lastRemoteEphemeralKey":"BTEIb1kSm/vfLahU+fCeeurm/ggrY1nb3JlrQjuy1PZN","previousCounter":0,"rootKey":"Fz2c8iZ8wBH3zDpy9DAGaaGhID2o9kFv07xhjzfMOvE="},"indexInfo":{"baseKey":"BTRxOwnKRsHaEvdkpcBThDSnpVMP/0f8yIAcAgMmN1o/","baseKeyType":1,"closed":-1,"used":1735085000846,"created":1735085000846,"remoteIdentityKey":"BU1WOtiwPU9SQK8whN+wyZgaW5cxU2L2Pw7Qz4OW0Bgf"},"_chains":{"BbEsY23gRem/YUXdjYEzOTyk578q+jX1kSoYoCQ1Zuhq":{"chainKey":{"counter":0,"key":"ivOpWQfpTgLoh5qhmjrRwaUzEnSOWzCE635cmb7DMzI="},"chainType":1,"messageKeys":{}}},"pendingPreKey":{"signedKeyId":12,"baseKey":"BTRxOwnKRsHaEvdkpcBThDSnpVMP/0f8yIAcAgMmN1o/","preKeyId":14531752}}},"version":"v1"}