{"_sessions":{"BRYU53d/+GkNgqVjzPJe1EIew5/4nIrl8vJPBScbrCtl":{"registrationId":357656840,"currentRatchet":{"ephemeralKeyPair":{"pubKey":"BbDxZXX8g4DD/l+oo/K2vGxx8Kjz4ERQZUJDHEIKdKUz","privKey":"MOW5JgrPAsL4SNeDiCv3PJtXoVfBRs2RPSvMFjAnS0s="},"lastRemoteEphemeralKey":"Ben4gmDrIrV2i+cKhVsxM9KW1ISfXR11u7b96mYJCA11","previousCounter":0,"rootKey":"ASoDSd60YWs4rWlHCNxRuARBxtWdgCenDIC93rWg4C4="},"indexInfo":{"baseKey":"BRYU53d/+GkNgqVjzPJe1EIew5/4nIrl8vJPBScbrCtl","baseKeyType":1,"closed":-1,"used":1735476006860,"created":1735476006860,"remoteIdentityKey":"BZgwQ+1ESw6101R8FhAF1BXFP+/a3f5uVHxDmN8aE8tk"},"_chains":{"BbDxZXX8g4DD/l+oo/K2vGxx8Kjz4ERQZUJDHEIKdKUz":{"chainKey":{"counter":0,"key":"PGe1CSqLP8/5i0SFMbaaRQ2Uav51ixYpFVEduQ7+tcU="},"chainType":1,"messageKeys":{}}},"pendingPreKey":{"signedKeyId":1,"baseKey":"BRYU53d/+GkNgqVjzPJe1EIew5/4nIrl8vJPBScbrCtl","preKeyId":158}}},"version":"v1"}