{"_sessions":{"BTsRpisw4szMbFmHMHHHuHkZo06yq9O5xU1n/r7SZRVJ":{"registrationId":8151,"currentRatchet":{"ephemeralKeyPair":{"pubKey":"BR9QEIeZbR/yd7nJdojdXsn2EpBAf3N2TyiujvtNIm9w","privKey":"IGQyGUrjR15o6qujAANqFcLRITEuhxwDkb43ebZWyHc="},"lastRemoteEphemeralKey":"BZpCtsYGixwvAE600W4+DevLiu2oC1LX7ZvV+/wsBYIi","previousCounter":0,"rootKey":"forEM5P0V2LAggGY/QeSvJ9sno+IZJu6ku1sOsI4Ih0="},"indexInfo":{"baseKey":"BTsRpisw4szMbFmHMHHHuHkZo06yq9O5xU1n/r7SZRVJ","baseKeyType":1,"closed":-1,"used":1738639661667,"created":1738639661667,"remoteIdentityKey":"BcNZggf7HweaZumFKbyfPygrbl9Up8/FNn3QJ+MGYRNJ"},"_chains":{"BR9QEIeZbR/yd7nJdojdXsn2EpBAf3N2TyiujvtNIm9w":{"chainKey":{"counter":0,"key":"cQdclOVuTtGixgsw2pTNhOhF7meYfWg1hu4irWjYR5U="},"chainType":1,"messageKeys":{}}},"pendingPreKey":{"signedKeyId":1,"baseKey":"BTsRpisw4szMbFmHMHHHuHkZo06yq9O5xU1n/r7SZRVJ","preKeyId":146}}},"version":"v1"}