{"_sessions":{"BbKZHXvG6gBVdDtEcS3iwOGkedsJLuEWCgs7PtrjNgQ5":{"registrationId":15800,"currentRatchet":{"ephemeralKeyPair":{"pubKey":"BZyNQFpWodUuNPGp8673rC3CgAjh/NpV5UkDyPKqaKxP","privKey":"8H3JkZkytzUj2yeDbcLyMvPP6bpkzYVVfJ25Ee8ceUc="},"lastRemoteEphemeralKey":"Bdy/jEeFyvx+yR8Ef8So0EZXzzgF+bKXK3lozLq2h0d4","previousCounter":0,"rootKey":"FfrOvZZ9uTNCz83T8ySbJk6XJfp72SVkLVOOV1ynWnY="},"indexInfo":{"baseKey":"BbKZHXvG6gBVdDtEcS3iwOGkedsJLuEWCgs7PtrjNgQ5","baseKeyType":1,"closed":-1,"used":1735084988392,"created":1735084988392,"remoteIdentityKey":"BZNIph1ord4FB4pyr19ZE0UaHj2IvoxdlJmFbdPF9MMx"},"_chains":{"BZyNQFpWodUuNPGp8673rC3CgAjh/NpV5UkDyPKqaKxP":{"chainKey":{"counter":0,"key":"OzjB8IxQNYsUsxLXv6Zb9wK6sA44AtoXlzi6HRsz8Zg="},"chainType":1,"messageKeys":{}}},"pendingPreKey":{"signedKeyId":1,"baseKey":"BbKZHXvG6gBVdDtEcS3iwOGkedsJLuEWCgs7PtrjNgQ5"}}},"version":"v1"}