{"_sessions":{"BVf1S5RIq5Z2l3s1koqcmLgTxSbhA2LvIGr5Ri4HSdtk":{"registrationId":608349604,"currentRatchet":{"ephemeralKeyPair":{"pubKey":"BXvGJhP1ZOCfo5wV5C4sv0arZOigO496TIILkEMRhEs9","privKey":"yMsRReEP7/eEfnGhkjX3tLRwmUVeNC3Dcw7VALL5SWs="},"lastRemoteEphemeralKey":"BXiZM/Cg7RyYgel5ZhzG0n6kVeRkYwR3LrB+2Awf510P","previousCounter":0,"rootKey":"aM4U3Mw7bFQ9/wAaHVTIpbuLcJt60x9u2JkOJ5sfk7I="},"indexInfo":{"baseKey":"BVf1S5RIq5Z2l3s1koqcmLgTxSbhA2LvIGr5Ri4HSdtk","baseKeyType":1,"closed":-1,"used":1735085000667,"created":1735085000667,"remoteIdentityKey":"BQyWvLAex/zoiPWlPa7jR4ocRoNkjvkmtP9lrgSDVHpN"},"_chains":{"BXvGJhP1ZOCfo5wV5C4sv0arZOigO496TIILkEMRhEs9":{"chainKey":{"counter":0,"key":"aZnpbhR/lBnxlK6T8d5PG8tPQFZnbB3vDIX42fhflOA="},"chainType":1,"messageKeys":{}}},"pendingPreKey":{"signedKeyId":9,"baseKey":"BVf1S5RIq5Z2l3s1koqcmLgTxSbhA2LvIGr5Ri4HSdtk","preKeyId":5879257}}},"version":"v1"}