{"_sessions":{"BeE17uT9fMmObFr5K6z3FlnI3XJiPWB5ocMykOc3fJ9D":{"registrationId":9352,"currentRatchet":{"ephemeralKeyPair":{"pubKey":"BQpEkrMVP3xVaFcIW1yOGO6SYqQOyGblI6c+PbOUkYAs","privKey":"eKCNsm5hrC+j77Mz8aBm5NgqROc0Zbowf35hw18GlX4="},"lastRemoteEphemeralKey":"Bd4LmAeV7F6ZJ9j8RugRetNQk0QLnhyVVBbJdGOJiDVG","previousCounter":0,"rootKey":"xKcn1IQ4P8Gqj/o+yjJzVCmc99qiQpGGrbO3f+Yybbo="},"indexInfo":{"baseKey":"BeE17uT9fMmObFr5K6z3FlnI3XJiPWB5ocMykOc3fJ9D","baseKeyType":1,"closed":-1,"used":1735084991629,"created":1735084991629,"remoteIdentityKey":"BTu5kFA5q9HWXwRqWyEnLniOlQK/eAiAKma83Tq6yDAm"},"_chains":{"BQpEkrMVP3xVaFcIW1yOGO6SYqQOyGblI6c+PbOUkYAs":{"chainKey":{"counter":0,"key":"w5RL1kEcP9WjvIy2SMBzllZdAZlv0qIPAEuNJzWwE/o="},"chainType":1,"messageKeys":{}}},"pendingPreKey":{"signedKeyId":1,"baseKey":"BeE17uT9fMmObFr5K6z3FlnI3XJiPWB5ocMykOc3fJ9D","preKeyId":599}}},"version":"v1"}