{"_sessions":{"BRo4EJK5oFIJqIDBpuhMYzEG1f5CxEoPZk0EygLqRlBY":{"registrationId":5046,"currentRatchet":{"ephemeralKeyPair":{"pubKey":"BZFwYvVwpP+sR3C6FFKyeOJ0V3DNYNLGTb9ZOm+Gr8Y5","privKey":"UOapl3W2qIvffvMtbM2NtB0Dx0qDgFF4PEFu4+32u0Q="},"lastRemoteEphemeralKey":"BZefgT8ieR4v5kfw+jafGMOt9FtaiV14amXREI3y8q0h","previousCounter":0,"rootKey":"w+pjuFIKhT79kzfsqlIsjPPC0FQmyetVyp8r6RBBT1M="},"indexInfo":{"baseKey":"BRo4EJK5oFIJqIDBpuhMYzEG1f5CxEoPZk0EygLqRlBY","baseKeyType":1,"closed":-1,"used":1735084994509,"created":1735084994509,"remoteIdentityKey":"BVywb7GvscJnaSeGqruXjM00wmqaWHBk+F8+M5mQsIBC"},"_chains":{"BZFwYvVwpP+sR3C6FFKyeOJ0V3DNYNLGTb9ZOm+Gr8Y5":{"chainKey":{"counter":0,"key":"OvSYAxM0LRl9yNT1CCKIff37sP8yVMo9y1KdQLRZHGQ="},"chainType":1,"messageKeys":{}}},"pendingPreKey":{"signedKeyId":1,"baseKey":"BRo4EJK5oFIJqIDBpuhMYzEG1f5CxEoPZk0EygLqRlBY"}}},"version":"v1"}