{"_sessions":{"BYQBgzbwsnxMxa98NmG+sl2GPzLu4PcyMng4f1W+6kws":{"registrationId":261088591,"currentRatchet":{"ephemeralKeyPair":{"pubKey":"Bbm6gB4kz9UJdd69ayMcGoVoNwvfaLOGi/WOfncVD3sK","privKey":"+DmTYirolQW7gm6GRjAoGxZuHeChABMKW6BxKEHSMUM="},"lastRemoteEphemeralKey":"BU1/fvMG4gMU3bd8cYpYu+Zrmi01fNHVIdnEv4njNuVs","previousCounter":0,"rootKey":"7RtXXAZ5t0Le3DU+RIjmFmWtEjafiC1t8bE9NY17gH4="},"indexInfo":{"baseKey":"BYQBgzbwsnxMxa98NmG+sl2GPzLu4PcyMng4f1W+6kws","baseKeyType":1,"closed":-1,"used":1735085021705,"created":1735085021705,"remoteIdentityKey":"BbG3htfgCWBfd1QIcR+jabPI2L2FKIq69PYoCrnHyZo0"},"_chains":{"Bbm6gB4kz9UJdd69ayMcGoVoNwvfaLOGi/WOfncVD3sK":{"chainKey":{"counter":0,"key":"YIgy0Gq3kOO7gmYcRAVIN664ZLbkHr0CcifpdER3uCU="},"chainType":1,"messageKeys":{}}},"pendingPreKey":{"signedKeyId":1,"baseKey":"BYQBgzbwsnxMxa98NmG+sl2GPzLu4PcyMng4f1W+6kws","preKeyId":8976994}}},"version":"v1"}