{"_sessions":{"BXboi3Uj+2QZfqTfnlNIdnc6ye4olMnCAObAao2aeyQh":{"registrationId":1068667852,"currentRatchet":{"ephemeralKeyPair":{"pubKey":"BRa4e6vhuTlKNYWU7TuSZR+HC1ldVkP39BF1g4NmbVgD","privKey":"iGpy7w8Hz9rPs3ZgR+hgwHE4G2THl/3NhlCyq9vLfVQ="},"lastRemoteEphemeralKey":"BZvPUvt8UpVHTnBtrlFd1VB+tkypEEw0MSw9crDscP5D","previousCounter":0,"rootKey":"WDI2nHwTIw87Ax0SktfnYXqRmtxvNyuPq7B2cGG2TxI="},"indexInfo":{"baseKey":"BXboi3Uj+2QZfqTfnlNIdnc6ye4olMnCAObAao2aeyQh","baseKeyType":1,"closed":-1,"used":1735085022386,"created":1735085022386,"remoteIdentityKey":"BVz6tLFLeiTpVnS5+3u/2nare1G44L09KajxnchFNXAt"},"_chains":{"BRa4e6vhuTlKNYWU7TuSZR+HC1ldVkP39BF1g4NmbVgD":{"chainKey":{"counter":0,"key":"Iv7ppro5HtvcdO7SQL4Gj9jqWV6ITHPpFsYnPdV/VHk="},"chainType":1,"messageKeys":{}}},"pendingPreKey":{"signedKeyId":0,"baseKey":"BXboi3Uj+2QZfqTfnlNIdnc6ye4olMnCAObAao2aeyQh","preKeyId":2339506}}},"version":"v1"}