{"_sessions":{"Baa/BCynzj7CHwdZ4QbUdjd9bOiE3Bk//3r99AqmU+8H":{"registrationId":137738416,"currentRatchet":{"ephemeralKeyPair":{"pubKey":"BWXnPqek6y/ts35SxOeReLEZF+PWyp16e3xdeKJKvaQf","privKey":"yEN5o2aDqf/EO3axKFHZrhE6fbMeaIYMLgooTMTuCX8="},"lastRemoteEphemeralKey":"BTOoYzEm+q5KLcTDQt7ab9jbz1QmiW6BhvNB0Bvj4OEF","previousCounter":0,"rootKey":"aBDriHS8YxfhpjRkjlxnxBLoNBRcCppXtqvmxsPoCdU="},"indexInfo":{"baseKey":"Baa/BCynzj7CHwdZ4QbUdjd9bOiE3Bk//3r99AqmU+8H","baseKeyType":1,"closed":-1,"used":1735085010026,"created":1735085010026,"remoteIdentityKey":"BcilAO46gUGwsz3EkhOnFOD8St8EXe3E5+3eXQYTAnVh"},"_chains":{"BWXnPqek6y/ts35SxOeReLEZF+PWyp16e3xdeKJKvaQf":{"chainKey":{"counter":0,"key":"yMCxLf6dAqD48WUKSJk3Gd02m1sxOla+A1gW6AOZ8bw="},"chainType":1,"messageKeys":{}}},"pendingPreKey":{"signedKeyId":10,"baseKey":"Baa/BCynzj7CHwdZ4QbUdjd9bOiE3Bk//3r99AqmU+8H","preKeyId":9768623}}},"version":"v1"}