{"_sessions":{"BVtPRIDn1zizMhT3wuHEbVOl6uUglcuLzrnjc0xdY5Uj":{"registrationId":7296,"currentRatchet":{"ephemeralKeyPair":{"pubKey":"Be84fiXb5viyRQ9GNPjw8kB83RIZ8+RkoTSJNG9xnJQS","privKey":"cCJxqM65iFzc0YjkExJqEo0HlhTo9tAHaM1rYaoEhU8="},"lastRemoteEphemeralKey":"BUxOaH7JElYnoR8VgdbpjQC0kkNBdWF4ypbeHMokW58U","previousCounter":0,"rootKey":"lqb5zTesxj/GGN1NnWinEPauTxJQ0glOV4TZqnaNWt8="},"indexInfo":{"baseKey":"BVtPRIDn1zizMhT3wuHEbVOl6uUglcuLzrnjc0xdY5Uj","baseKeyType":1,"closed":-1,"used":1735084988619,"created":1735084988619,"remoteIdentityKey":"BSYMfvGLql45MPqCHTTnkQJey+4RCzQQEHPe8IGKL4Fy"},"_chains":{"Be84fiXb5viyRQ9GNPjw8kB83RIZ8+RkoTSJNG9xnJQS":{"chainKey":{"counter":0,"key":"ZpLXb7k6BPp5/0ZWgEj/FBhPhRR4fim/g+Xb74R92eg="},"chainType":1,"messageKeys":{}}},"pendingPreKey":{"signedKeyId":2,"baseKey":"BVtPRIDn1zizMhT3wuHEbVOl6uUglcuLzrnjc0xdY5Uj","preKeyId":2877}}},"version":"v1"}