{"_sessions":{"BQTrwuw8s1wAGVj2patmFpkuxx3tqRp0jQedkDDZUuxz":{"registrationId":8129,"currentRatchet":{"ephemeralKeyPair":{"pubKey":"BdXj3B+oA2UIxcSC9RFqTP6RQggneEuRYbTvPW5n3PUa","privKey":"iAuT72exkLs8Bb1/Ttf5C8aDAXR+x8qGcOdT2tmO6Xo="},"lastRemoteEphemeralKey":"BQEdw3wP5t98qKxM+nI2OedhJTxB0en3+P4f8EIbUGtI","previousCounter":0,"rootKey":"qeEtESkiQys90ft3sp1wiFA2VfqTLNJu0Xtq5/ARQOg="},"indexInfo":{"baseKey":"BQTrwuw8s1wAGVj2patmFpkuxx3tqRp0jQedkDDZUuxz","baseKeyType":1,"closed":-1,"used":1735084991820,"created":1735084991820,"remoteIdentityKey":"BbsHcNWal6ELstujPNVr9Tw/izQt8leFGhDS4i9K8tgb"},"_chains":{"BdXj3B+oA2UIxcSC9RFqTP6RQggneEuRYbTvPW5n3PUa":{"chainKey":{"counter":0,"key":"4SRNBUhQqMvJwFM9PShR9ezbE9AjpsJ5BQeSPogXQIc="},"chainType":1,"messageKeys":{}}},"pendingPreKey":{"signedKeyId":1,"baseKey":"BQTrwuw8s1wAGVj2patmFpkuxx3tqRp0jQedkDDZUuxz"}}},"version":"v1"}