{"_sessions":{"BaAqU62imMqKGNxbM5JDILa5f46sdnpY4JTJJysrluY5":{"registrationId":12773,"currentRatchet":{"ephemeralKeyPair":{"pubKey":"BY6bYEfTud59whuSJMKGHkU8EMnr79/4Tc5BA36E4yY/","privKey":"eBtBo/btQd3B9Lj0b/mErot8t26JSgWKgoBkoKyaGUc="},"lastRemoteEphemeralKey":"Bf3ftEdnS3+uEn6oD9IbiNkfFDnjPxQS7p7V9II861sK","previousCounter":0,"rootKey":"JIxFMzYzOMBMJcDZpq4d6UkFAdJoeCZHBbLSa9AYIpM="},"indexInfo":{"baseKey":"BaAqU62imMqKGNxbM5JDILa5f46sdnpY4JTJJysrluY5","baseKeyType":1,"closed":-1,"used":1738616825611,"created":1738616825611,"remoteIdentityKey":"BeAZB1f1pC7OVhpHhXnP8qyoqtOe8syV2xuDPq2Gcj4E"},"_chains":{"BY6bYEfTud59whuSJMKGHkU8EMnr79/4Tc5BA36E4yY/":{"chainKey":{"counter":0,"key":"btEX3JbAC4diVCzW4MEP0zizLIlu/fC/fZ5RtFLprbc="},"chainType":1,"messageKeys":{}}},"pendingPreKey":{"signedKeyId":1,"baseKey":"BaAqU62imMqKGNxbM5JDILa5f46sdnpY4JTJJysrluY5","preKeyId":38}}},"version":"v1"}