{"_sessions":{"BUxFGStg7bgx4AQrtqqlFpnQ6oks/AGkMqcs+4jMzipo":{"registrationId":1952580429,"currentRatchet":{"ephemeralKeyPair":{"pubKey":"BTubjSswXJBmuUpail+AKBvsZyTSAXs2x7p2UF6WrqUc","privKey":"qD5mSQ/vb3UJOZs/BeH1/hJxynKC0ZnWhaiFRE7akUo="},"lastRemoteEphemeralKey":"BdboQ2fP8CzzNWWncB52ze5SZjUzJ83DHTwqsr+bLLIY","previousCounter":0,"rootKey":"qBxtuF7874gaNkzhIiXr2xeT8cfnJ3hnKUJHUTzhJII="},"indexInfo":{"baseKey":"BUxFGStg7bgx4AQrtqqlFpnQ6oks/AGkMqcs+4jMzipo","baseKeyType":1,"closed":-1,"used":1735085025116,"created":1735085025116,"remoteIdentityKey":"BedJxqgOOpVXDZcSZBQYxg617dtfoV/mPo04Xcxm/x5Y"},"_chains":{"BTubjSswXJBmuUpail+AKBvsZyTSAXs2x7p2UF6WrqUc":{"chainKey":{"counter":0,"key":"7cfRkwneLT33zvFE71cVu9bhfKlWNxkPL43xEvBIjl4="},"chainType":1,"messageKeys":{}}},"pendingPreKey":{"signedKeyId":5,"baseKey":"BUxFGStg7bgx4AQrtqqlFpnQ6oks/AGkMqcs+4jMzipo","preKeyId":2475952}}},"version":"v1"}