{"_sessions":{"BesY743tvQqs8+4/7X31G4GaLTlj+A500b/vUwsGJ5of":{"registrationId":1040500755,"currentRatchet":{"ephemeralKeyPair":{"pubKey":"BZZfpM7ZqBDf4obYTRwnEpWCuCY+xk00yY2Dpfk3HN0k","privKey":"mM7mV16YEdwJk39TLviJD9pBmpvW8ylvQ1Rvqi/oCWM="},"lastRemoteEphemeralKey":"Bf6xz263ZrLXxJqPfpjcYcTYgaYN5ftu0y+cdWsun4gN","previousCounter":0,"rootKey":"8OYZ/Q8UojyB2bHxvyasILZ+viLF+qPUmHzQ2jobY9E="},"indexInfo":{"baseKey":"BesY743tvQqs8+4/7X31G4GaLTlj+A500b/vUwsGJ5of","baseKeyType":1,"closed":-1,"used":1736386407919,"created":1735085016152,"remoteIdentityKey":"BedXbLJ9zzC08MhLITESRPqIDuXgI2yiu+kPXQhG84Yz"},"_chains":{"Bf6xz263ZrLXxJqPfpjcYcTYgaYN5ftu0y+cdWsun4gN":{"chainKey":{"counter":2,"key":"zegOW2bePhH+/CJlovS6zSbs0nuUQJNI/Yxm7g4NT0o="},"chainType":2,"messageKeys":{}},"BZZfpM7ZqBDf4obYTRwnEpWCuCY+xk00yY2Dpfk3HN0k":{"chainKey":{"counter":-1,"key":"/Q4KvM95F3VG2x+Hh6yHwinfgSvTNRUZd2SqF7wP678="},"chainType":1,"messageKeys":{}}}}},"version":"v1"}