{"_sessions":{"BUGcDM310tEASU59EQ2QSDTA+TR1OJEclFCb7fouCg9y":{"registrationId":1683421649,"currentRatchet":{"ephemeralKeyPair":{"pubKey":"BRdaNXt2FoGdYBV2oyiiLNUFJ7zx4pgj/A03+bM41l8K","privKey":"6PNai4pl2lEfSH7+/CuEDzWWvXoTORa/JxyJrpyRp0c="},"lastRemoteEphemeralKey":"BfwDh6zYBivhDTe1YdxK5OPSWJi7K8SCVGBNRzHbYnBc","previousCounter":0,"rootKey":"mRvxO05xcIiWFeLIMelGhSJa7IkTV64iUZTJp9nIKAY="},"indexInfo":{"baseKey":"BUGcDM310tEASU59EQ2QSDTA+TR1OJEclFCb7fouCg9y","baseKeyType":1,"closed":-1,"used":1736016974622,"created":1735085021740,"remoteIdentityKey":"BQPEEO0AcdGf4cwoHbYrrWyJtU/xnFihn3sTuavhyFhT"},"_chains":{"BfwDh6zYBivhDTe1YdxK5OPSWJi7K8SCVGBNRzHbYnBc":{"chainKey":{"counter":3,"key":"W7Nc+9FP9Aru/ksa8+deZM+NKj4Blr0KBaPh9IZfLJE="},"chainType":2,"messageKeys":{}},"BRdaNXt2FoGdYBV2oyiiLNUFJ7zx4pgj/A03+bM41l8K":{"chainKey":{"counter":-1,"key":"x4CUIQbyp+vtokgZ/64b6j1dKwAMWHL7XPGNYl/18Ys="},"chainType":1,"messageKeys":{}}}}},"version":"v1"}