{"_sessions":{"BVNi2uGrbf9EjpR8RFBhP+JKPGBWESf9AgvPqWhbi8AT":{"registrationId":738080762,"currentRatchet":{"ephemeralKeyPair":{"pubKey":"BbQx+3IPl+JlrRiVQfX1FeuxyfCqWBEPfGqohSa2hYMK","privKey":"WPRQaalCNmwPF4ZPvxQk0M0HCNuwKzcVgjK8YBV5vnI="},"lastRemoteEphemeralKey":"Bb2Tu+o9N3dKTZ+cRptHbv4WHTjGNVdy0NJeAoBgGDks","previousCounter":0,"rootKey":"FCfq2lLTnRbh6ve4jKnc8lnkBx05lCZCK0gFAOtjuq0="},"indexInfo":{"baseKey":"BVNi2uGrbf9EjpR8RFBhP+JKPGBWESf9AgvPqWhbi8AT","baseKeyType":1,"closed":-1,"used":1735085016385,"created":1735085016385,"remoteIdentityKey":"Bbpmh7U2TSQMjgBR8J5j2CzRsQr964YFBSfV8/juyKc3"},"_chains":{"BbQx+3IPl+JlrRiVQfX1FeuxyfCqWBEPfGqohSa2hYMK":{"chainKey":{"counter":0,"key":"nWzTZ10u0K8LS5M+wHNwfC3TSdncfZQBT1GURcwhMac="},"chainType":1,"messageKeys":{}}},"pendingPreKey":{"signedKeyId":9,"baseKey":"BVNi2uGrbf9EjpR8RFBhP+JKPGBWESf9AgvPqWhbi8AT","preKeyId":2647323}}},"version":"v1"}