{"_sessions":{"BenqamyoTXsImk7qd4ZIDKVmPdzrjOcAW4F6gqiuBfgP":{"registrationId":807299192,"currentRatchet":{"ephemeralKeyPair":{"pubKey":"BXmLVH9IE++F3IecBc6m4Na2UtJeet4o8VUItUBPKRh9","privKey":"YFjzmC1B3NwSsOWzGaLjKdReR36cKUo4rL+QLONAE04="},"lastRemoteEphemeralKey":"BbpGMU+USW6udNJTSgTSFGSEkn+efsYFUiy9oWe5QA0t","previousCounter":0,"rootKey":"ftVBeWCgc5U7aN0xEhVMJ3J1yj57mGrr6K/Yqvx3JiY="},"indexInfo":{"baseKey":"BenqamyoTXsImk7qd4ZIDKVmPdzrjOcAW4F6gqiuBfgP","baseKeyType":1,"closed":-1,"used":1736655982081,"created":1735085025148,"remoteIdentityKey":"BTKnnvJEcjv0j3nxRF4PYn6HBMjEq0SdMyvqPtaDilEk"},"_chains":{"BbpGMU+USW6udNJTSgTSFGSEkn+efsYFUiy9oWe5QA0t":{"chainKey":{"counter":24,"key":"iEa84lNPOxdzhp/ZdyU4svLa/WD6P6g3zAnAMvT2+Gg="},"chainType":2,"messageKeys":{"0":"nMTsllKmWBkeMvhM56e5cAjuLU2xYXQBt/BIEoIcAFU=","14":"tfZHLUCAGxDjtRg80Db0H8CYhzdUHFFQ64BkriyKjcA="}},"BXmLVH9IE++F3IecBc6m4Na2UtJeet4o8VUItUBPKRh9":{"chainKey":{"counter":-1,"key":"IhaB6O2duF4e5payq3V3JLedcWlrkXIGEzEte2aNza0="},"chainType":1,"messageKeys":{}}}}},"version":"v1"}