{"_sessions":{"Bd50kXuzJabtrt2cG1KEVmqTowGeRdGcWujHh2bNcMQL":{"registrationId":632725339,"currentRatchet":{"ephemeralKeyPair":{"pubKey":"BVQkCCTV9MPZq4v2Pgdj1ZnpQgmTLiXc0TALEMhlb2NZ","privKey":"sLzUYuNTp4IqCsl4QHVnlWu/S+ulyZmRGuPreGLCImY="},"lastRemoteEphemeralKey":"Bd6ytZuMDekok+l2v+Y0h6OuGoMP+SnFJ59g10KLFQ0r","previousCounter":0,"rootKey":"ITTrvUtzuA85M8wBrQpQ+13yQgYkKea/5ov/kT12aTM="},"indexInfo":{"baseKey":"Bd50kXuzJabtrt2cG1KEVmqTowGeRdGcWujHh2bNcMQL","baseKeyType":1,"closed":-1,"used":1735085004166,"created":1735085004166,"remoteIdentityKey":"BVOyi/nDQr68/czIIPaDrrZf+siFcmBs4i2+jNsvkMpM"},"_chains":{"BVQkCCTV9MPZq4v2Pgdj1ZnpQgmTLiXc0TALEMhlb2NZ":{"chainKey":{"counter":0,"key":"q9yXWAOGE0k/g2Sj0eY31nHcdELweYB21YGZkx0+Ics="},"chainType":1,"messageKeys":{}}},"pendingPreKey":{"signedKeyId":10,"baseKey":"Bd50kXuzJabtrt2cG1KEVmqTowGeRdGcWujHh2bNcMQL","preKeyId":718251}}},"version":"v1"}