{"_sessions":{"BYRHQiTrlgbCGPez1f/ni9EZ7XKw3/I5/QZUWYvwG1FL":{"registrationId":456858809,"currentRatchet":{"ephemeralKeyPair":{"pubKey":"BT/V9v7oHQ/XxLkHqqQcDl+kSiO0NEJzxndv2aNYCslt","privKey":"cJQsywDHM07g2vAeY8Ua9gmcL4wz9AycjUQyi7eDeHs="},"lastRemoteEphemeralKey":"BYfvwVB34oiuqU+qJBF7BHgacaukJhKNRz99E+ZOrjBX","previousCounter":0,"rootKey":"DyI44xgbE8dLTgzZ1IOR3uU3EoJNAtxRmK65qxTeBSo="},"indexInfo":{"baseKey":"BYRHQiTrlgbCGPez1f/ni9EZ7XKw3/I5/QZUWYvwG1FL","baseKeyType":1,"closed":-1,"used":1735085015809,"created":1735085015809,"remoteIdentityKey":"BeTUc1rWcM1Uk+anw/CIulNHmyVojL7MPLaojownLVcc"},"_chains":{"BT/V9v7oHQ/XxLkHqqQcDl+kSiO0NEJzxndv2aNYCslt":{"chainKey":{"counter":0,"key":"PTJJXHV5nl8CmUcQMzlUFczvStGui4z1ThOpNrBMC68="},"chainType":1,"messageKeys":{}}},"pendingPreKey":{"signedKeyId":14,"baseKey":"BYRHQiTrlgbCGPez1f/ni9EZ7XKw3/I5/QZUWYvwG1FL","preKeyId":12013143}}},"version":"v1"}