{"_sessions":{"BSfkgFUEGt2BgHDQYZATz1Pi7oNsLO/a/EJuTmLqdlk2":{"registrationId":1114543951,"currentRatchet":{"ephemeralKeyPair":{"pubKey":"BXO8KZtaLt69SBtzQUWeQyiiBaDxfCprpmvDlbEgJBQR","privKey":"GOX/I2hKQbGk0TB6S4I18ehiCob0NJ22I6cmaazG2mc="},"lastRemoteEphemeralKey":"Bfzlcih+rgaB+HkP7AL39LlmjCIsi5A2NgTNByE2kHwl","previousCounter":0,"rootKey":"uhjPznCcz1ZWChkvuZW3uRc/8SsGhAA3JIdoq1GjKrs="},"indexInfo":{"baseKey":"BSfkgFUEGt2BgHDQYZATz1Pi7oNsLO/a/EJuTmLqdlk2","baseKeyType":1,"closed":-1,"used":1735085003587,"created":1735085003587,"remoteIdentityKey":"BczOnhlQvlGOmjsy3x+jvkp/+boi7nWgaxaormgD1XNu"},"_chains":{"BXO8KZtaLt69SBtzQUWeQyiiBaDxfCprpmvDlbEgJBQR":{"chainKey":{"counter":0,"key":"aZ1VUon3x9QTc+KhbK4V5XMdZRhxSLfF8wCDMtntjZw="},"chainType":1,"messageKeys":{}}},"pendingPreKey":{"signedKeyId":5,"baseKey":"BSfkgFUEGt2BgHDQYZATz1Pi7oNsLO/a/EJuTmLqdlk2","preKeyId":14583945}}},"version":"v1"}