{"_sessions":{"BUBmXzQnQ+86kFFSPaS5q8q9PYLxEWkB4Rc0s7wj2HIl":{"registrationId":532742107,"currentRatchet":{"ephemeralKeyPair":{"pubKey":"BVgTRuw3yY1vfSgRgkBfk60/w2iibp4jC1TUMjvzmUZg","privKey":"gFKTeO7vQNCPSNXHWRpid+aNc0+iaaiPMVCQoajpjmo="},"lastRemoteEphemeralKey":"BQwIsoSr0zf7ExS1JSwfU7b624PefqA+SWbI3dlcRhdL","previousCounter":0,"rootKey":"daVc7GZ4kF9SFeQsQwCRL/jnpm2rvq1xUvtG9sPp6FU="},"indexInfo":{"baseKey":"BUBmXzQnQ+86kFFSPaS5q8q9PYLxEWkB4Rc0s7wj2HIl","baseKeyType":1,"closed":-1,"used":1738008793466,"created":1735085013160,"remoteIdentityKey":"BScrVBBbkmXjzyrMyRQFdUhUjDVicxl4xK8i+6aRRVEs"},"_chains":{"BQwIsoSr0zf7ExS1JSwfU7b624PefqA+SWbI3dlcRhdL":{"chainKey":{"counter":1,"key":"/ldaNyOy+fIvPHkBCIZSsBDX6lOLseGCYeV53y89Lq8="},"chainType":2,"messageKeys":{}},"BVgTRuw3yY1vfSgRgkBfk60/w2iibp4jC1TUMjvzmUZg":{"chainKey":{"counter":-1,"key":"Zssc4ZOaEF2vZA5/Iz2afFsjYWo4eeGowxuyVZWosYs="},"chainType":1,"messageKeys":{}}}}},"version":"v1"}