{"_sessions":{"Bff0Bql8uIreF18JFce0TcTPFHp23zWI/McWOd4zTh0f":{"registrationId":734026794,"currentRatchet":{"ephemeralKeyPair":{"pubKey":"BdPReOkDjkW3ico0lQ4mT0uMRT60QO+zPkK6RTmtzs9D","privKey":"KFvzrBFZFomkehb3L4/mCiP4qYlOpdGGtOr+pe8dI24="},"lastRemoteEphemeralKey":"BVJoVS8c4PYdNfh5iKRrU61/jzSW94aSPuZiTvQdPr8k","previousCounter":0,"rootKey":"T3HdbYEJPcMMwwvCrXTvORY7DxxyTJt5L+2S267Rpi8="},"indexInfo":{"baseKey":"Bff0Bql8uIreF18JFce0TcTPFHp23zWI/McWOd4zTh0f","baseKeyType":1,"closed":-1,"used":1736682347153,"created":1735085009828,"remoteIdentityKey":"BXbQH+hwfJecJGzLYCIe1aqQNvaEJ84zjhz5NcLr0dVv"},"_chains":{"BVJoVS8c4PYdNfh5iKRrU61/jzSW94aSPuZiTvQdPr8k":{"chainKey":{"counter":3,"key":"6Y1fPY4K+Gy3BsiIn6fWh5FS0it53+b19TUBnTpGEb4="},"chainType":2,"messageKeys":{}},"BdPReOkDjkW3ico0lQ4mT0uMRT60QO+zPkK6RTmtzs9D":{"chainKey":{"counter":-1,"key":"aKDJFB0+YGcuhyG3PeZMg3V1XI6iCXb5vfdFYzjrr3k="},"chainType":1,"messageKeys":{}}}}},"version":"v1"}