{"_sessions":{"BRVAR8gqf1o9dGxK0GwXfr06vdKpxyh5Npntvd9NCzQw":{"registrationId":1061617730,"currentRatchet":{"ephemeralKeyPair":{"pubKey":"BUm93tzHMPxzk8TBRfaIqm3E5YX6cmXiVOb+2oLdOtNN","privKey":"YI8afqGobCFBe/MD8oUBMDc5LZ5+KBDS4HGgJak5llc="},"lastRemoteEphemeralKey":"Bed3IJzrG9cQ5TOiap9l+GE3YEvLZZn05swnKoV1wxtY","previousCounter":0,"rootKey":"K+PaLWcZpJoHq1LOyuWNAPTTu+oiC3x2kl+75Q3GtIU="},"indexInfo":{"baseKey":"BRVAR8gqf1o9dGxK0GwXfr06vdKpxyh5Npntvd9NCzQw","baseKeyType":1,"closed":-1,"used":1735085018907,"created":1735085018907,"remoteIdentityKey":"BSfE4J0xjcCwqzZDvsNaeBekznJrCJ1decGs4oEvv7VD"},"_chains":{"BUm93tzHMPxzk8TBRfaIqm3E5YX6cmXiVOb+2oLdOtNN":{"chainKey":{"counter":0,"key":"oHYnTQtzYol5jcniibvd8Iq1KsF8jadX+P7ujZQirZY="},"chainType":1,"messageKeys":{}}},"pendingPreKey":{"signedKeyId":2,"baseKey":"BRVAR8gqf1o9dGxK0GwXfr06vdKpxyh5Npntvd9NCzQw","preKeyId":9057223}}},"version":"v1"}